split,image_id,file_name,source_split,source_file_name,source_group,sha256,positive,annotations,small_boxes,medium_boxes,large_boxes
train,1,aircraft_surface_damage_crack_v2_0000001.jpg,train,000616_NewConstruction_jpg.rf.563a597c19a25b006bb74a912f124cde.jpg,000616_newconstruction,4afd6f5d4b930b873d1cafac88303207bf7738e7514773b2c06acd6772fbe7e7,1,1,0,1,0
train,2,aircraft_surface_damage_crack_v2_0000002.jpg,train,000616_NewConstruction_jpg.rf.6a32c22ce513e34cff6b2d4be7c7692d.jpg,000616_newconstruction,a4a4fc567f5a577e011f96e658e912bda27bb84bce04da503560c558359aa0d8,1,1,0,0,1
train,3,aircraft_surface_damage_crack_v2_0000003.jpg,train,000616_NewConstruction_jpg.rf.f8a9129a0f1e40adc1805e47cadef311.jpg,000616_newconstruction,c992ac73d8755670866e1f3cad45c77233b0f9375a376729257da972f4ba6b58,1,1,0,0,1
train,4,aircraft_surface_damage_crack_v2_0000004.jpg,train,02__Crack_in_Between_Rotor_Seating_Areas-_Approx__Length_60mm_x_Thickness_12_5mm_jpg.rf.5b6908332f79b987a152aa1d3dd9c2de.jpg,02__crack_in_between_rotor_seating_areas-_approx__length_60mm_x_thickness_12_5mm,a64de41dbfc8979d6b940cc91fd4e27d60823085febba0453f59a680b195fc6e,1,1,0,0,1
train,5,aircraft_surface_damage_crack_v2_0000005.jpg,train,02__Crack_in_Between_Rotor_Seating_Areas-_Approx__Length_60mm_x_Thickness_12_5mm_jpg.rf.88b402d406663e307e4aa3a4157d3c27.jpg,02__crack_in_between_rotor_seating_areas-_approx__length_60mm_x_thickness_12_5mm,f9e82f848db55b7faccd7eede164254277bb7e588a8da496b94f4b8717489ce0,1,1,0,0,1
train,6,aircraft_surface_damage_crack_v2_0000006.jpg,train,02__Crack_in_Between_Rotor_Seating_Areas-_Approx__Length_60mm_x_Thickness_12_5mm_jpg.rf.8c0a356b5eb634f38081fcc25bf583b1.jpg,02__crack_in_between_rotor_seating_areas-_approx__length_60mm_x_thickness_12_5mm,acd6c0f4bfb1976aa65836ead6b17b7b92416ad3e623541ef0dce7adddd018ed,1,1,0,0,1
train,7,aircraft_surface_damage_crack_v2_0000007.jpg,train,1020171150b_jpg.rf.3cd9329a3d114c0dbf75969a921b7e4b.jpg,1020171150b,f76badee412f702ffecf1e2e1c9f1625de446c6c08f7b865817f4e12594c6396,1,1,0,0,1
train,8,aircraft_surface_damage_crack_v2_0000008.jpg,train,1020171150b_jpg.rf.7b3eba5f47c4da7cd667488004d79a80.jpg,1020171150b,c7326f9d6414ba72873af3ffdaf004dca59501df00f155399d1b6b6ba0decd6c,1,1,0,0,1
train,9,aircraft_surface_damage_crack_v2_0000009.jpg,train,1020171150b_jpg.rf.b25f65dfd2f50b9c4faf5d65347441ba.jpg,1020171150b,055828e7210cf4a4eb64ea27c10fec858b0de18f46892347ad9c74fadbfbf205,1,1,0,0,1
train,10,aircraft_surface_damage_crack_v2_0000010.jpg,train,1107219108_IMG_71212-jpg-7987f07b87d64ea21995d43aeac48a90_jpg.rf.77a022593ac481ed256b1ca9ece3a015.jpg,1107219108_img_71212-jpg-7987f07b87d64ea21995d43aeac48a90,87abf6dc2c86c8956fdd9444eb7bdd1297780f0a6b8f4c609d3988cdbeca5f18,0,0,0,0,0
train,11,aircraft_surface_damage_crack_v2_0000011.jpg,train,1107219108_IMG_71212-jpg-7987f07b87d64ea21995d43aeac48a90_jpg.rf.82cdae9fcabde56d98bdfeec1d9f11ca.jpg,1107219108_img_71212-jpg-7987f07b87d64ea21995d43aeac48a90,a6bb408e0b1fd02d8592def2fb8fa18ee5cec04c76e81f4b89d94640621f3cb0,0,0,0,0,0
train,12,aircraft_surface_damage_crack_v2_0000012.jpg,train,1107219108_IMG_71212-jpg-7987f07b87d64ea21995d43aeac48a90_jpg.rf.c227a031887d55e4d67eaa14377e4a4c.jpg,1107219108_img_71212-jpg-7987f07b87d64ea21995d43aeac48a90,cbad106de5def1f82c915048dd96463f05a6ee3b1d89a0d2b240a4711e6d6605,0,0,0,0,0
train,13,aircraft_surface_damage_crack_v2_0000013.jpg,train,122D07D6-FEEB-4CE7-A888-0DECD2937642-jpeg-b010b33804822b65aeb7256bb33f66ca_jpeg_jpg.rf.6e2acfa21b58b886b897ec3f35c92b42.jpg,122d07d6-feeb-4ce7-a888-0decd2937642-jpeg-b010b33804822b65aeb7256bb33f66ca_jpeg,1c5992302c9a33da14342a9741017fd4d682f1877f62cbb3b7734af7263205f2,1,1,1,0,0
train,14,aircraft_surface_damage_crack_v2_0000014.jpg,train,122D07D6-FEEB-4CE7-A888-0DECD2937642-jpeg-b010b33804822b65aeb7256bb33f66ca_jpeg_jpg.rf.cb8cf7985a255cdc7df5dbcf0c022034.jpg,122d07d6-feeb-4ce7-a888-0decd2937642-jpeg-b010b33804822b65aeb7256bb33f66ca_jpeg,7194e6239489fefe0050714a18eb87e92331436135ee7358a8128befea818e07,1,1,0,1,0
train,15,aircraft_surface_damage_crack_v2_0000015.jpg,train,122D07D6-FEEB-4CE7-A888-0DECD2937642-jpeg-b010b33804822b65aeb7256bb33f66ca_jpeg_jpg.rf.d28cfd299461e479b7f788e31c67ffab.jpg,122d07d6-feeb-4ce7-a888-0decd2937642-jpeg-b010b33804822b65aeb7256bb33f66ca_jpeg,fbc3d535f1ec446d3be073a20c35ffed1fe85da0a09a0624e9a8fcc3737fb4f1,1,1,0,1,0
train,16,aircraft_surface_damage_crack_v2_0000016.jpg,train,171028-oklahoma-city-thunder-plane-chicago-ew-219p_jpg.rf.392d12a07755705b34fcad9875847db6.jpg,171028-oklahoma-city-thunder-plane-chicago-ew-219p,f2c139cf032dadcc8c18a2ac6f0faf1308d289ca894cbb635b72574058d9277b,0,0,0,0,0
train,17,aircraft_surface_damage_crack_v2_0000017.jpg,train,171028-oklahoma-city-thunder-plane-chicago-ew-219p_jpg.rf.73fe1e4ad047ff4b981883d3cfa23fea.jpg,171028-oklahoma-city-thunder-plane-chicago-ew-219p,58f56edd523ab020a4b0b3522feef844f74b905f353eee7ae3e23ee1385033b7,0,0,0,0,0
train,18,aircraft_surface_damage_crack_v2_0000018.jpg,train,171028-oklahoma-city-thunder-plane-chicago-ew-219p_jpg.rf.a4aec6a7c31893282df027059c09a991.jpg,171028-oklahoma-city-thunder-plane-chicago-ew-219p,a48d233cb0057d69912d0eb1727045fe41811b4906996b3141d475ba9c832474,0,0,0,0,0
train,19,aircraft_surface_damage_crack_v2_0000019.jpg,train,20130814_083541_jpg.rf.03bb068a3b8b54f5f16f80acec22c54e.jpg,20130814_083541,b5a3e3cb10e2fbf6d3f081948ebbe9491ed8943ab9bbe3b90df33a2d80071a52,1,1,0,1,0
train,20,aircraft_surface_damage_crack_v2_0000020.jpg,train,20130814_083541_jpg.rf.ac26147294a9ce59f4f8464316979407.jpg,20130814_083541,eb5fea260ba83298b5aa4c78d25e699ec4e4c4f726c608456057441bfc83f12f,1,1,0,1,0
train,21,aircraft_surface_damage_crack_v2_0000021.jpg,train,20130814_083541_jpg.rf.be31919a607c4552cb229025c63f3a0a.jpg,20130814_083541,4ce72984fdea4b1776bfe5068747d104921fc3e600afd02d4af7191dbea1d378,1,1,0,1,0
train,22,aircraft_surface_damage_crack_v2_0000022.jpg,train,20140704_180951-1-1-_jpg.rf.2f880016f50e4a89923486a79ee8dcea.jpg,20140704_180951-1-1-,2678f16b3a4f3142f0702dc4590e3c49455ec9270ac77a0aae5ac67c6e72ba72,1,1,0,0,1
train,23,aircraft_surface_damage_crack_v2_0000023.jpg,train,20140704_180951-1-1-_jpg.rf.4a0363019e78b689de7a179ff33e97c3.jpg,20140704_180951-1-1-,9b8aab991532a99a75125c47109630279bf0e74e8ab61dcab45894cece2a1f0c,1,1,0,0,1
train,24,aircraft_surface_damage_crack_v2_0000024.jpg,train,20140704_180951-1-1-_jpg.rf.71c8223477337946d03da3ab046f332f.jpg,20140704_180951-1-1-,872d58cdd966101cc9d51368e45933077dda4803ed230dcf5e24abb6b10357fc,1,1,0,0,1
train,25,aircraft_surface_damage_crack_v2_0000025.jpg,train,20141120_163401_jpg.rf.05b95b64d6eb5dc22bdf0aaa142836f4.jpg,20141120_163401,8979471013380e8d59dd6c632c1e5a4a6dc732e239965c3f2d52ede03be8a821,1,1,0,0,1
train,26,aircraft_surface_damage_crack_v2_0000026.jpg,train,20141120_163401_jpg.rf.425c2ee8152da87fd5d80927be2c30df.jpg,20141120_163401,a3939264c7d4bc7da404d8b8b80bebcb681be9fa6b9fab918167b83cb121e127,1,1,0,0,1
train,27,aircraft_surface_damage_crack_v2_0000027.jpg,train,20141120_163401_jpg.rf.e67e86698970bd68cd05a9654ccb3376.jpg,20141120_163401,12249e3da51697291817e48d9e4587f9867e4dc5b6c76efe61428c75a3be5377,1,1,0,0,1
train,28,aircraft_surface_damage_crack_v2_0000028.jpg,train,20150806_110419_jpg.rf.406d335b4acfc2d0af2170dc41126a6c.jpg,20150806_110419,0714848df4b46283820dad09d67ecd246fdeacf4081fc673daa199e1f98ec7c8,1,1,0,1,0
train,29,aircraft_surface_damage_crack_v2_0000029.jpg,train,20150806_110419_jpg.rf.676040ff5fcedb5a8b82ce4f6100519d.jpg,20150806_110419,a862ed6a56488aae85a22259fadbfb4ab0d0af72595674f6fb5d15998b6433ed,1,1,0,1,0
train,30,aircraft_surface_damage_crack_v2_0000030.jpg,train,20150806_110419_jpg.rf.960496f15f8ad9768ea0a396fca89299.jpg,20150806_110419,bf46fa19a8340441151ac831f0e02ca6d6e47164e22a71c2510c686bf68e78da,1,1,0,1,0
train,31,aircraft_surface_damage_crack_v2_0000031.jpg,train,20150806_110425_jpg.rf.026ca1d9b97e80b214f4302e7ef77ac2.jpg,20150806_110425,dc99bdbfa54be0e7f4aa60b170e910ba6c83c0b72414502fd5f4f8992a105585,1,1,0,1,0
train,32,aircraft_surface_damage_crack_v2_0000032.jpg,train,20150806_110425_jpg.rf.7fd20d56ac0bd7501e2000de7ea7d916.jpg,20150806_110425,93d7d6954445fe149968504a2d8d480c4313f7f864713dc9d30a33170fe4dce9,1,1,0,1,0
train,33,aircraft_surface_damage_crack_v2_0000033.jpg,train,20150806_110425_jpg.rf.aa845d55714733765de846758a0fb8db.jpg,20150806_110425,720cce723764cd1b3763799570410a6932b6ef959f408631aced22d3b66fe4ce,1,1,1,0,0
train,34,aircraft_surface_damage_crack_v2_0000034.jpg,train,20171031-081823-npslm_jpg.rf.2d158107a8978bcf89a83a20e21c2186.jpg,20171031-081823-npslm,0a055ffff681189c116fe00f5c2c4344acf27c1cb0d4d5f3c265d27bcc6f33db,0,0,0,0,0
train,35,aircraft_surface_damage_crack_v2_0000035.jpg,train,20171031-081823-npslm_jpg.rf.56bc8f621b7913dc79b1588048c05f7a.jpg,20171031-081823-npslm,7208289cd79666f0a79418469965b9c36ac44949956b413d5900be781d23be63,0,0,0,0,0
train,36,aircraft_surface_damage_crack_v2_0000036.jpg,train,20171031-081823-npslm_jpg.rf.e4599c20cd4da768fa91267810606fc2.jpg,20171031-081823-npslm,93f8803074db5566d183826b663d43095665f5ac41d3aa55bef68190b28c52d7,0,0,0,0,0
train,37,aircraft_surface_damage_crack_v2_0000037.jpg,train,20190113_132803_jpg.rf.780265dd2fa51d260f2d68bcf3e0f54b.jpg,20190113_132803,9b04257f8ebd575a5aaee7102c2f071b30acee2c1f0bc7874c8137c9af73f2e9,1,1,0,0,1
train,38,aircraft_surface_damage_crack_v2_0000038.jpg,train,20190113_132803_jpg.rf.9088d88e652c12541cd1011e5ed3079d.jpg,20190113_132803,8948f2dd86d45990e6f2fc7e7e210cbd162d4a3c8553262177fbc4f78a4bfa7d,1,1,0,0,1
train,39,aircraft_surface_damage_crack_v2_0000039.jpg,train,20190113_132803_jpg.rf.f986892bd5a4ce2c8af9cb73db97e797.jpg,20190113_132803,2b7759bbfd5fb4c72ca49869fe8d976bcc7f3f534cc4a5cb8a85cba6be58d3db,1,1,0,0,1
train,40,aircraft_surface_damage_crack_v2_0000040.jpg,train,20220424_140515_001_jpg.rf.2d99f5bcee467d02fc36c8032eee6be9.jpg,20220424_140515_001,7191c00973303bcb9580249103421df3cdccaafc3082b9026b9c1b4371a05be7,0,0,0,0,0
train,41,aircraft_surface_damage_crack_v2_0000041.jpg,train,20220424_140515_001_jpg.rf.7bd31afd5d8e1e9912a04717e3968b0a.jpg,20220424_140515_001,fc71a6fe7e4cd2097bc1954caf84a602eed0f53eb631acf38ee7038a78bf97cf,0,0,0,0,0
train,42,aircraft_surface_damage_crack_v2_0000042.jpg,train,20220424_140515_001_jpg.rf.a1c5a961fc2a79556bd4f38aa8612b0b.jpg,20220424_140515_001,56a40458833a7cd3d997167c88d86d6725a33a0d624f3031abbefc060ad54cae,0,0,0,0,0
train,43,aircraft_surface_damage_crack_v2_0000043.jpg,train,20220424_140515_002_jpg.rf.00ccb3d399b65fa6852f22a1162db874.jpg,20220424_140515_002,8d83250f68dd12077d11a7c99a83423c15ad147f18a8927847da59a8dac8a9db,0,0,0,0,0
train,44,aircraft_surface_damage_crack_v2_0000044.jpg,train,20220424_140515_002_jpg.rf.ddc2eba5683ec1d6f029488c527c9149.jpg,20220424_140515_002,0936f39cd827837d1feed35b818ec5d2a40f1ccfc28c5ddb5d5c25883289a43b,0,0,0,0,0
train,45,aircraft_surface_damage_crack_v2_0000045.jpg,train,20220424_140515_002_jpg.rf.e2f578ce89b8cdb43f46082c544c6aa9.jpg,20220424_140515_002,afab51efacfe63445bafa409734bc6d023256954332746ab118139a405a77bc6,0,0,0,0,0
train,46,aircraft_surface_damage_crack_v2_0000046.jpg,train,20220424_140515_003_jpg.rf.47456f468ffd5b068fd7e72f067daa0c.jpg,20220424_140515_003,694f38d3d51f0d963457d1c0ebe39a0586bb3547b939e00cb1ec338957ce4ca7,0,0,0,0,0
train,47,aircraft_surface_damage_crack_v2_0000047.jpg,train,20220424_140515_003_jpg.rf.6387d3aef02d4b54281225d58d122a6d.jpg,20220424_140515_003,7e68bf2c780b1b7233eeb9132889874ceb3b8b0343755300222edeae686e1334,0,0,0,0,0
train,48,aircraft_surface_damage_crack_v2_0000048.jpg,train,20220424_140515_003_jpg.rf.8e495ab5758695311475dd6cfe49cedc.jpg,20220424_140515_003,dd42fd937ca7cf87df1f14b6ae1f79865a8a16cc401f2ab58f3b9ac575fc1a98,0,0,0,0,0
train,49,aircraft_surface_damage_crack_v2_0000049.jpg,train,20220424_140515_004_jpg.rf.2b84c1b8cf98a0bf83c06013b54873a7.jpg,20220424_140515_004,3ebdc3cf1284f25b99d6c03ffbff063b715123afebf16a664b0c525622fc659c,0,0,0,0,0
train,50,aircraft_surface_damage_crack_v2_0000050.jpg,train,20220424_140515_004_jpg.rf.bf4212039c1fe93548aacd5bd6341cd1.jpg,20220424_140515_004,0496bc70877bf3b9e18c6e96499812227f97adb9ff40253dbcab4ac957028c59,0,0,0,0,0
train,51,aircraft_surface_damage_crack_v2_0000051.jpg,train,20220424_140515_004_jpg.rf.d499ab1fc9fe4b70e6c8e780ebee3a93.jpg,20220424_140515_004,b986eb6f0f7c128696634028a9d2c95cb1c157014976f6e281011344366c37c8,0,0,0,0,0
train,52,aircraft_surface_damage_crack_v2_0000052.jpg,train,20220424_140515_005_jpg.rf.4e1879cc3ccebf5183fd287d5b89132f.jpg,20220424_140515_005,0103a3d744800fa6cdf16a99ebfa369e92a14047738dcf503091ecab4160b015,0,0,0,0,0
train,53,aircraft_surface_damage_crack_v2_0000053.jpg,train,20220424_140515_005_jpg.rf.ebc9d74e72e225cf711be3697cd9986d.jpg,20220424_140515_005,8d92d4fac35cc5489dded3692f3c0c7e7bcafb2d368220407dcb2f00acc9930b,0,0,0,0,0
train,54,aircraft_surface_damage_crack_v2_0000054.jpg,train,20220424_140515_005_jpg.rf.f7578ab2e25778a3a334c309cc8dd694.jpg,20220424_140515_005,12633fd1b6068148ae3f9267a7d884556fbeecda5120832ca0970f4a0ecd8e53,0,0,0,0,0
train,55,aircraft_surface_damage_crack_v2_0000055.jpg,train,20220424_140515_006_jpg.rf.0f4fb093d2bc088641834a1db2410b53.jpg,20220424_140515_006,c5324d15b64bc189aafcacb7299d5991fa87f3f14c1bab4e6931bd618c7eb890,0,0,0,0,0
train,56,aircraft_surface_damage_crack_v2_0000056.jpg,train,20220424_140515_006_jpg.rf.a551dfe9aebe2bf9aa33823a72f4720c.jpg,20220424_140515_006,f54710791f653d1ccdbb802855b38d6b839d2e954a6b7136ae3040fd2eab0d3f,0,0,0,0,0
train,57,aircraft_surface_damage_crack_v2_0000057.jpg,train,20220424_140515_006_jpg.rf.af075d3dd9bfdf5c33b777a161bf4b94.jpg,20220424_140515_006,86f7d24d5401f15f1a0b9ad86a4ed706f0b9096f00fb519461beaccde71d741f,0,0,0,0,0
train,58,aircraft_surface_damage_crack_v2_0000058.jpg,train,20220424_140515_007_jpg.rf.8500f8ea6deff95ce729057101a6d44f.jpg,20220424_140515_007,1e1f36803c59c29ecc8a75227eec483c9305253e9aa07dbc395fba4a2fcc1b10,0,0,0,0,0
train,59,aircraft_surface_damage_crack_v2_0000059.jpg,train,20220424_140515_007_jpg.rf.aaae8cd2dea0433165ff181aae1a27e5.jpg,20220424_140515_007,7e4eaf39e7781ce6ee2672f682de4dee64329e66e80ea9f091e7b05a423e22ed,0,0,0,0,0
train,60,aircraft_surface_damage_crack_v2_0000060.jpg,train,20220424_140515_007_jpg.rf.f35b3d83b591c8e4b6a79a4447fbd7c7.jpg,20220424_140515_007,2d69711ee0a0b869139fc1b34339c51bff6ef4c74b1aee76d958503c4d67af6c,0,0,0,0,0
train,61,aircraft_surface_damage_crack_v2_0000061.jpg,train,20220424_140515_008_jpg.rf.3238b87bd37b29e27e91b70080d467c1.jpg,20220424_140515_008,aa4b185456ad037865ad10cddfa9849c1520399fc792cb08f50cbc44b40a33db,0,0,0,0,0
train,62,aircraft_surface_damage_crack_v2_0000062.jpg,train,20220424_140515_008_jpg.rf.3ef1044bb27b6358bdeac1ae5fdcb9ec.jpg,20220424_140515_008,24ec6ec051935bd266313ebc47bc977e9167794454719113dff24cb1d00be8f7,0,0,0,0,0
train,63,aircraft_surface_damage_crack_v2_0000063.jpg,train,20220424_140515_008_jpg.rf.b1132d1f6c395899aa851cd27e6aa576.jpg,20220424_140515_008,ae597d5e7cd44e3620489c380b46979049635a3a19e61e91b9834259751e112b,0,0,0,0,0
train,64,aircraft_surface_damage_crack_v2_0000064.jpg,train,20220424_140515_009_jpg.rf.a08413686aabf99c3eaea6bd25f9e7c3.jpg,20220424_140515_009,b194e3a77e578bad5178eef6f99f12ea202631f0cb300aa59ea0fed61fe43258,0,0,0,0,0
train,65,aircraft_surface_damage_crack_v2_0000065.jpg,train,20220424_140515_009_jpg.rf.ae181577c321cfeda8a683ce72151de5.jpg,20220424_140515_009,ac5367a17c076a31ad79db20c3f1ff3fc6f9ef20ab2bb5e5ed7a9fbee3e5bdf7,0,0,0,0,0
train,66,aircraft_surface_damage_crack_v2_0000066.jpg,train,20220424_140515_009_jpg.rf.f41884f3a6b01a2de3d5c09b94508e3a.jpg,20220424_140515_009,b0c44c21548943e6ffe2f0e408257b29f8aeb23c4b3474819736b3ce82d22d08,0,0,0,0,0
train,67,aircraft_surface_damage_crack_v2_0000067.jpg,train,20220424_140515_010_jpg.rf.4df41069119cc70c73ec5749a4ad3ec2.jpg,20220424_140515_010,e961afd0cff79a46df8b87eeba8d91be9a94fd8c161f07178109a4065224d27b,0,0,0,0,0
train,68,aircraft_surface_damage_crack_v2_0000068.jpg,train,20220424_140515_010_jpg.rf.66fad850ce2ae33badde36ef8af7b780.jpg,20220424_140515_010,85541b1074f1e87c0c10f88c3908b2d9b0ae9893f204015908492baf3d15775a,0,0,0,0,0
train,69,aircraft_surface_damage_crack_v2_0000069.jpg,train,20220424_140515_010_jpg.rf.a85302caf464ccb018c198aad0a297a1.jpg,20220424_140515_010,c879bc429876ae95c990bc97f5571a1bb5744775f0de93bc3cf03147ff44f184,0,0,0,0,0
train,70,aircraft_surface_damage_crack_v2_0000070.jpg,train,20220424_140515_011_jpg.rf.228a0011277c619f109a05b72b5829f8.jpg,20220424_140515_011,a1a776072d1af26d77b635309fc754da82d5215ae9a3e2d0f13f5c2d35e585c4,0,0,0,0,0
train,71,aircraft_surface_damage_crack_v2_0000071.jpg,train,20220424_140515_011_jpg.rf.249f3a1e048a2a852feaced8e52c4bb9.jpg,20220424_140515_011,32a69979d2992145699761449a8da680696b325f22151778c5d2872042aaec8b,0,0,0,0,0
train,72,aircraft_surface_damage_crack_v2_0000072.jpg,train,20220424_140515_011_jpg.rf.f500b7b9d2518e671a79e61735282b91.jpg,20220424_140515_011,53586a65ca92398745a7782c2c252c58dfd25f150968498fce0f24251d7e61df,0,0,0,0,0
train,73,aircraft_surface_damage_crack_v2_0000073.jpg,train,20220424_140515_012_jpg.rf.7f746630f3b453551121b205c6733168.jpg,20220424_140515_012,a418c51412a789d31e8ba80eaa67bd38553e2574f2fea0abaa52139ff5f67318,0,0,0,0,0
train,74,aircraft_surface_damage_crack_v2_0000074.jpg,train,20220424_140515_012_jpg.rf.d2f8dff0b70d07db02adc49f90adc891.jpg,20220424_140515_012,ff3d711209e9febe7116102c1c7e6385f460444899964c2c65102fe5ca232beb,0,0,0,0,0
train,75,aircraft_surface_damage_crack_v2_0000075.jpg,train,20220424_140515_012_jpg.rf.f4e819efcd1261c734811daf09e1c873.jpg,20220424_140515_012,c5bdfe697b8515e84be58e68e8bde8c22d18049b8c6f7a65f9f3fc0987c97e65,0,0,0,0,0
train,76,aircraft_surface_damage_crack_v2_0000076.jpg,train,20220424_140515_013_jpg.rf.473dafe173d961d049b42c24be4a94a2.jpg,20220424_140515_013,90bce0bfc9729cb53da6eb23a532afb4a6d0aa97dce1cb87bb91d8766f9610eb,0,0,0,0,0
train,77,aircraft_surface_damage_crack_v2_0000077.jpg,train,20220424_140515_013_jpg.rf.8ed9172513f504cc6112c837f6a7135a.jpg,20220424_140515_013,6ed2422347702ea85d72ffff6a6a95a9695beab3b6fbae540bfdf43b4d3d0a66,0,0,0,0,0
train,78,aircraft_surface_damage_crack_v2_0000078.jpg,train,20220424_140515_013_jpg.rf.d06c1af8c039b468f508be974d6d1521.jpg,20220424_140515_013,e511fef4983ecd9b56443a3419f5bba4c8588cec62e433c183133635b4215b18,0,0,0,0,0
train,79,aircraft_surface_damage_crack_v2_0000079.jpg,train,20220424_140515_015_jpg.rf.02f630a43f0f443630b92b01b833d325.jpg,20220424_140515_015,ecdc95171de766af8f7c6400ecd9f17176cd9a6e139331e7a997fcf684bea7a4,0,0,0,0,0
train,80,aircraft_surface_damage_crack_v2_0000080.jpg,train,20220424_140515_015_jpg.rf.8eb66b51e14c7b2d99ae1396573b33d0.jpg,20220424_140515_015,27f70c5f946159bf3c0a0b5f6438101ec5400f9a079c9990199f8069bfeacc77,0,0,0,0,0
train,81,aircraft_surface_damage_crack_v2_0000081.jpg,train,20220424_140515_015_jpg.rf.be4d14cea3a679e75d194e3a7be8348b.jpg,20220424_140515_015,6ce105e2628f07916d1211b57c0e69231eddab9429c3561efee43a0dc09e5d5b,0,0,0,0,0
train,82,aircraft_surface_damage_crack_v2_0000082.jpg,train,20220424_140515_016_jpg.rf.2128d03f6c71a9ba18fa51660f17db8f.jpg,20220424_140515_016,2d90625d9d71fdd1a2772a432f526f3295b6c7ead4da9204cf78608a16d02413,0,0,0,0,0
train,83,aircraft_surface_damage_crack_v2_0000083.jpg,train,20220424_140515_016_jpg.rf.3eacbe2882a6a9176b27882a4755b415.jpg,20220424_140515_016,dc6b67d4e93e31f8d00228980431a935bab0ca02dfc5e0e4cd634dfe796b457c,0,0,0,0,0
train,84,aircraft_surface_damage_crack_v2_0000084.jpg,train,20220424_140515_016_jpg.rf.9cb799859829295255ddc5d41b8d6c2d.jpg,20220424_140515_016,e27df24b2c8d4043f92a68da920d52814a9fa7c57ada1fbd4e07881b40f16632,0,0,0,0,0
train,85,aircraft_surface_damage_crack_v2_0000085.jpg,train,20220424_140515_017_jpg.rf.7e80b0fc75861b610759dbda41bf7351.jpg,20220424_140515_017,ce519eac27f9014deb3852894f3f170a011ed7cfc4da478e92cb850b10b2785f,0,0,0,0,0
train,86,aircraft_surface_damage_crack_v2_0000086.jpg,train,20220424_140515_017_jpg.rf.b292f3918fd1a980cf7f4dc707dc7f87.jpg,20220424_140515_017,a2b93843b59379765a5776516f7dbf0258077bed47a32f815bca01b444b31da8,0,0,0,0,0
train,87,aircraft_surface_damage_crack_v2_0000087.jpg,train,20220424_140515_017_jpg.rf.c70476f853dd6f528906895e18c2a654.jpg,20220424_140515_017,c73ce3f727505b09ef3b61d3fe841822e0f90f1ba9616e0290e7d514d00d19f8,0,0,0,0,0
train,88,aircraft_surface_damage_crack_v2_0000088.jpg,train,20220424_140515_018_jpg.rf.0462842d42192032e2f291805d7544ea.jpg,20220424_140515_018,81e8dc7801a5a0b7bbd0272b4e715d7c619c2581c59afd0c1cbb5cbf72206f5a,0,0,0,0,0
train,89,aircraft_surface_damage_crack_v2_0000089.jpg,train,20220424_140515_018_jpg.rf.55d07d83ae8ae033cd223821ed4db3f8.jpg,20220424_140515_018,ad111d429620e991952a5dfd50fcddfe23335251f17a87db2dc3ade9c7b8b7ca,0,0,0,0,0
train,90,aircraft_surface_damage_crack_v2_0000090.jpg,train,20220424_140515_018_jpg.rf.c08f8b939b9068bd400b10e61dcfdba0.jpg,20220424_140515_018,d4ac4091671cd150d5c265edb19363f2660edd4e753f1d3550dd097f4397281d,0,0,0,0,0
train,91,aircraft_surface_damage_crack_v2_0000091.jpg,train,20220424_140515_019_jpg.rf.2ddaa38fff2994fc38145d49dbfdd4ce.jpg,20220424_140515_019,6579c81153e3781924ae01ada100c15955502ab9c407d9f6be3f6613b790f3b4,0,0,0,0,0
train,92,aircraft_surface_damage_crack_v2_0000092.jpg,train,20220424_140515_019_jpg.rf.37618e4935c1aebce4159144de89a63b.jpg,20220424_140515_019,a7890ea91e13227529d53a9fd61ce54d3a592d904b301a590c03e63d6e842158,0,0,0,0,0
train,93,aircraft_surface_damage_crack_v2_0000093.jpg,train,20220424_140515_019_jpg.rf.f7d9aa6a4457f70394c266f2977fc9f7.jpg,20220424_140515_019,453f03847232e5f5ec82c6144cbb0ed585ee49aa9db7112cba021e1c5f127753,0,0,0,0,0
train,94,aircraft_surface_damage_crack_v2_0000094.jpg,train,20220424_140515_020_jpg.rf.1378fadfc9d0c1416593e84ecd6c87fb.jpg,20220424_140515_020,0e6a6e636364b8de09dd08d97b96600124699ccebae47c8149b40ef50200f1a7,0,0,0,0,0
train,95,aircraft_surface_damage_crack_v2_0000095.jpg,train,20220424_140515_020_jpg.rf.457aafb233705b424c093d8e2dcda02d.jpg,20220424_140515_020,0e46555a09720b047fea1bc8bbda668c829309395e6210a0be6c45a7e0b7b512,0,0,0,0,0
train,96,aircraft_surface_damage_crack_v2_0000096.jpg,train,20220424_140515_020_jpg.rf.e05520d4d6c1cba3166671d217df66f3.jpg,20220424_140515_020,6a5503adc9d36b71d61ba9ff2e34d01cd592ec1eb0af7e91c6fe7ebac8c61622,0,0,0,0,0
train,97,aircraft_surface_damage_crack_v2_0000097.jpg,train,20220424_140515_021_jpg.rf.57c1bca0699f9103e1c45fe27461bfd2.jpg,20220424_140515_021,1a57c3045f98bfe82084d633c02b8ace72aaf41b3a4c73c042b5dbd834da73b0,0,0,0,0,0
train,98,aircraft_surface_damage_crack_v2_0000098.jpg,train,20220424_140515_021_jpg.rf.895ebc0f4b72384f7eb7e47e175a4e93.jpg,20220424_140515_021,ecf5715e97d263a15056c5a10b509c7edfc9e8dcb867cb4cd3f060cb2cfbdb9b,0,0,0,0,0
train,99,aircraft_surface_damage_crack_v2_0000099.jpg,train,20220424_140515_021_jpg.rf.bd978674e290a98a2001d2da19ee14b0.jpg,20220424_140515_021,b7211dc0989d5925f3cf766a8452f5f43a11236869407cd607d4b231a9a8b47f,0,0,0,0,0
train,100,aircraft_surface_damage_crack_v2_0000100.jpg,train,20220424_140515_022_jpg.rf.5bf0f3c20e8257ffbd739fc3ee795490.jpg,20220424_140515_022,d27d6080de8655b2aa0d2237bbb6f43fd0f65b871ae6dd7b28888598e224f19f,0,0,0,0,0
train,101,aircraft_surface_damage_crack_v2_0000101.jpg,train,20220424_140515_022_jpg.rf.9f0ad2ba7a57723b38e4c4eda7e1bf34.jpg,20220424_140515_022,57de3a90a1b8443321f8a1d7fe5243a436747ea99a2a44d6a63f58ac12165e3b,0,0,0,0,0
train,102,aircraft_surface_damage_crack_v2_0000102.jpg,train,20220424_140515_022_jpg.rf.f0583effb4ed7c4518a58129778a3eb2.jpg,20220424_140515_022,e6463a83d74b8b5d09cf6e83f796d7c2cad9de0e80260c41a79f08b470e0916b,0,0,0,0,0
train,103,aircraft_surface_damage_crack_v2_0000103.jpg,train,20220424_140515_023_jpg.rf.9f9b20eff1743c18bd64b5ee2469fae3.jpg,20220424_140515_023,01847dd139d9c4567b88567b983041d3bc18b085751f9ee56b9de545709b4a2f,0,0,0,0,0
train,104,aircraft_surface_damage_crack_v2_0000104.jpg,train,20220424_140515_023_jpg.rf.ac9f9ab08fdc35d92be5fa178f73abf3.jpg,20220424_140515_023,96d9d704f0ac9eed40de9ea119d822e91f5abb1b70041b6804bb7bfc268ef65f,0,0,0,0,0
train,105,aircraft_surface_damage_crack_v2_0000105.jpg,train,20220424_140515_023_jpg.rf.dfaa0fb4af61f14b3f79d95a4cafc15b.jpg,20220424_140515_023,db21321cd30e19c682a5f41eae207e3b210925743a057ac461f0778264cb870a,0,0,0,0,0
train,106,aircraft_surface_damage_crack_v2_0000106.jpg,train,20220424_140515_024_jpg.rf.24ab813ddec677c1e9c6c30e525185a1.jpg,20220424_140515_024,06556db6f995581a601a665d181723a4a1838fe97cd608267f1a3072ad5e4425,0,0,0,0,0
train,107,aircraft_surface_damage_crack_v2_0000107.jpg,train,20220424_140515_024_jpg.rf.843e82ffd67155685f0b622221f4952f.jpg,20220424_140515_024,e24e3a2e0ede4c80f1dbc6d14cfadb0fd1405fab0f8b9c7baa5a78334e714092,0,0,0,0,0
train,108,aircraft_surface_damage_crack_v2_0000108.jpg,train,20220424_140515_024_jpg.rf.c9577cd37177359652f145e55641f29d.jpg,20220424_140515_024,f37fdc7a2bfca1d88a824bab3bea2d7c861d102fb36028c7c52e43871124423e,0,0,0,0,0
train,109,aircraft_surface_damage_crack_v2_0000109.jpg,train,20220424_140515_025_jpg.rf.3e993e16e67d86b9226a897fd2dabbb4.jpg,20220424_140515_025,3ff6c7858f64a427a2df811a855168e179c9100adde1e485396802a6b7f6ef82,0,0,0,0,0
train,110,aircraft_surface_damage_crack_v2_0000110.jpg,train,20220424_140515_025_jpg.rf.8a6162c6646fa26949662615015df89c.jpg,20220424_140515_025,7eb9ef6b085bb6822df0ac7c531a6b875a06572cb9d2fd3e507e7acfe962521f,0,0,0,0,0
train,111,aircraft_surface_damage_crack_v2_0000111.jpg,train,20220424_140515_025_jpg.rf.ee037aa4747115233cb9254ff5c6d529.jpg,20220424_140515_025,54cc29af582b97bbd9a4cb7504cfb3ebfda4e9b5bceaad297850b08897e0ae41,0,0,0,0,0
train,112,aircraft_surface_damage_crack_v2_0000112.jpg,train,20220424_140515_026_jpg.rf.3ff883a04cdfadefadd839846b6bd525.jpg,20220424_140515_026,1f5799b7580d87c02eb9291329cdf075ac6c6fa037175ce6680fd53cf4fb14eb,0,0,0,0,0
train,113,aircraft_surface_damage_crack_v2_0000113.jpg,train,20220424_140515_026_jpg.rf.b746ea8a2150f5d76f0675eccc17d33e.jpg,20220424_140515_026,750afc8c8253a01497b8e5ffb4deed8460f06a13aa6b34d5350646b972fba7a7,0,0,0,0,0
train,114,aircraft_surface_damage_crack_v2_0000114.jpg,train,20220424_140515_026_jpg.rf.d0d213e1c01a096113b77e03ca2173ad.jpg,20220424_140515_026,120322bd4f56a38e5e0e5802b631882393470824a784747f29831f747967fe1d,0,0,0,0,0
train,115,aircraft_surface_damage_crack_v2_0000115.jpg,train,20220424_140515_027_jpg.rf.5ae01bd4f8d7031ce3407c15e1a727ff.jpg,20220424_140515_027,78cba1cb35fcdee4bb2f53e0dd0bf3b9d37a16a10b6c9f0072d9c6bd15df152a,0,0,0,0,0
train,116,aircraft_surface_damage_crack_v2_0000116.jpg,train,20220424_140515_027_jpg.rf.b8436aed97e8a60172e5f89bc46bf054.jpg,20220424_140515_027,18787108c04f8d2d61e5a70f3e12c704be6413bfc3d6811d9cb24cfda6790c6f,0,0,0,0,0
train,117,aircraft_surface_damage_crack_v2_0000117.jpg,train,20220424_140515_027_jpg.rf.deef7b3ec4647754acde67369bb32a0c.jpg,20220424_140515_027,6131380375c48db9f5599f259e3aaf14e2d79d67c3d5550e71e3dee0bb002f40,0,0,0,0,0
train,118,aircraft_surface_damage_crack_v2_0000118.jpg,train,20220424_140515_028_jpg.rf.2a463daae1c6c22ea2ca890edbd3d8f1.jpg,20220424_140515_028,878f198b8be1a51f7d2a559d522157a9c99535ec6d7034af5cd62efee3c57b12,0,0,0,0,0
train,119,aircraft_surface_damage_crack_v2_0000119.jpg,train,20220424_140515_028_jpg.rf.4ff2e4335325a9af44f212e4dd5e4d23.jpg,20220424_140515_028,2ebff7db8104cd4455ab2f6dcfef940749f81f101da32aaa0e760c866c4a3ed1,0,0,0,0,0
train,120,aircraft_surface_damage_crack_v2_0000120.jpg,train,20220424_140515_028_jpg.rf.b1e5dcd51cd28b03603fdcc9a4117394.jpg,20220424_140515_028,7b11af9a928c7ea3166cbdc9eaab4045b0446b05c901961f993adf21e7253869,0,0,0,0,0
train,121,aircraft_surface_damage_crack_v2_0000121.jpg,train,20220424_140515_029_jpg.rf.2b531d0c3122e2b312ea424d27d816aa.jpg,20220424_140515_029,18b27c99ddeea831fb70a9d0fbd1fde0dec1e7d65f1d7f94c40bdb5d10c6faad,0,0,0,0,0
train,122,aircraft_surface_damage_crack_v2_0000122.jpg,train,20220424_140515_029_jpg.rf.45f6f98ec3783fcfcac2d10aa8a5a1a2.jpg,20220424_140515_029,7e8896366398195bdbd6e665456a3df3de1654b90da0a9a3df846fe0b31772a8,0,0,0,0,0
train,123,aircraft_surface_damage_crack_v2_0000123.jpg,train,20220424_140515_029_jpg.rf.9f95651f5cf6c7b6131594d0c549607c.jpg,20220424_140515_029,1b28a33503b2c1e7a56e92d7e4a41da236c263d19be70d04540542f770de0f38,0,0,0,0,0
train,124,aircraft_surface_damage_crack_v2_0000124.jpg,train,20220424_140515_030_jpg.rf.31650a8bee5610096bdb4cd788cac608.jpg,20220424_140515_030,967e3a19f1ceff40c246deaf2d92a43bf40d742fb92dee25249bfb2540a1e647,0,0,0,0,0
train,125,aircraft_surface_damage_crack_v2_0000125.jpg,train,20220424_140515_030_jpg.rf.65bc21eef6d1b49a251017198e18e5b7.jpg,20220424_140515_030,2d7c37fe37ca3ff018941196678a6d89a2034def4992f7b92a938a8dd3372681,0,0,0,0,0
train,126,aircraft_surface_damage_crack_v2_0000126.jpg,train,20220424_140515_030_jpg.rf.7b888335370add149a1e0f2244518a49.jpg,20220424_140515_030,a76a9379347e158868684cc12f5e4191c593ecb01b74a06756d7a926dc1d591a,0,0,0,0,0
train,127,aircraft_surface_damage_crack_v2_0000127.jpg,train,20220424_140525_001_jpg.rf.63bd221b16a9a573e6986af4acc0f86a.jpg,20220424_140525_001,a9e779e023ead3fe45d9a6838c14974118ff9483600320082c17f4918d651415,0,0,0,0,0
train,128,aircraft_surface_damage_crack_v2_0000128.jpg,train,20220424_140525_001_jpg.rf.9b7e6b16531764d77c3053bf5d22594d.jpg,20220424_140525_001,98accfc56c247cb1291d86d8dc667bcc3211cd61d4ab9a9bcdee66fa37f5b50a,0,0,0,0,0
train,129,aircraft_surface_damage_crack_v2_0000129.jpg,train,20220424_140525_001_jpg.rf.ccd490020d819ff8c53f77aa9c8963ef.jpg,20220424_140525_001,96b61dee7ddc53ef11a64ac57262c5e08ce38d035514de67324f3aaf524d60eb,0,0,0,0,0
train,130,aircraft_surface_damage_crack_v2_0000130.jpg,train,20220424_140525_002_jpg.rf.0345031342eb4ff98bda01f94cf4c527.jpg,20220424_140525_002,3c70d261dba033e7a754160e07a46c8fe8e381738ba38a015a59fa0974fcb77a,0,0,0,0,0
train,131,aircraft_surface_damage_crack_v2_0000131.jpg,train,20220424_140525_002_jpg.rf.0c2321ebebffdc0a467c85caf1c9ad24.jpg,20220424_140525_002,13172565f03315fdaf0e690c9c8137c971c892e3fcebe53671db309dd0b67e3d,0,0,0,0,0
train,132,aircraft_surface_damage_crack_v2_0000132.jpg,train,20220424_140525_002_jpg.rf.fb9c26eef46be8c0ec7477b35bc6824d.jpg,20220424_140525_002,1d2d3b42937510c320483822198fd63425f10d7d338d71eb53d6c845d19d80da,0,0,0,0,0
train,133,aircraft_surface_damage_crack_v2_0000133.jpg,train,20220424_140525_003_jpg.rf.131809c6631f51e71662021ff0cc7054.jpg,20220424_140525_003,405f3f9b60ead411357a12d9c61cbfd6d92b711fbbc099ad54e747c7dc352523,0,0,0,0,0
train,134,aircraft_surface_damage_crack_v2_0000134.jpg,train,20220424_140525_003_jpg.rf.35ffa1c14ff60ceca3ba6fbae1ccbe58.jpg,20220424_140525_003,83538139cec3d11dbcf97923f6cc0a34d5440e8814733a7e8d17b418f7ded06e,0,0,0,0,0
train,135,aircraft_surface_damage_crack_v2_0000135.jpg,train,20220424_140525_003_jpg.rf.883b72e6d4506fbd9263fcbc4c78153f.jpg,20220424_140525_003,ec4f5ddc6c50f3af8b3a937bd0b68334ce6be667c3c7da86036e723ab6700187,0,0,0,0,0
train,136,aircraft_surface_damage_crack_v2_0000136.jpg,train,20220424_140525_004_jpg.rf.33c98f26967c5020dbbd1e6bf7d0c406.jpg,20220424_140525_004,a10624fe506d240eda520e6cd9584995805c66d4e85291adf28937c37c82b983,0,0,0,0,0
train,137,aircraft_surface_damage_crack_v2_0000137.jpg,train,20220424_140525_004_jpg.rf.3673331cf9884765a535dda69a498826.jpg,20220424_140525_004,949281a217747635f39f5da8289b4172eea0ccca30a02ebad8a88ec02e0a5891,0,0,0,0,0
train,138,aircraft_surface_damage_crack_v2_0000138.jpg,train,20220424_140525_004_jpg.rf.5dff650ade65a724c87ca25e4a6e74bb.jpg,20220424_140525_004,7d298b3bf289de5f12c1258ab59f2ec8a3a2f4191cd7a26555b2f6394dee888a,0,0,0,0,0
train,139,aircraft_surface_damage_crack_v2_0000139.jpg,train,20220424_140525_005_jpg.rf.341ea4afd2fc7c450b02ddce91d901dc.jpg,20220424_140525_005,51d92529c1b9beafd7b7458762851bf14f7685a3beb6ad23fbb7f1a32456966c,0,0,0,0,0
train,140,aircraft_surface_damage_crack_v2_0000140.jpg,train,20220424_140525_005_jpg.rf.782bbad4956ea367aa3308e40b9b423b.jpg,20220424_140525_005,3825e2ee3ec991ba4847a0e07e1573254cb76114c36bf67cd31cb39e6db2f106,0,0,0,0,0
train,141,aircraft_surface_damage_crack_v2_0000141.jpg,train,20220424_140525_005_jpg.rf.f616daa67047f05490c9c4a9a10dde3f.jpg,20220424_140525_005,3c4e3ca125163433d7658fff301c6f31aca7907a4c0cc482dce166d267106b1d,0,0,0,0,0
train,142,aircraft_surface_damage_crack_v2_0000142.jpg,train,20220424_140525_006_jpg.rf.1a347f0674cafd7d5388f3f94da50791.jpg,20220424_140525_006,223a14a1e54050ec7158abd332eb59621e3f82ebdbedfb2f650ec8c8467c0d24,0,0,0,0,0
train,143,aircraft_surface_damage_crack_v2_0000143.jpg,train,20220424_140525_006_jpg.rf.aa7277d3de4b8f5e605978989ae2c696.jpg,20220424_140525_006,27101dae6cfc704fe61501b487edddde1a46507185aadec4214e7f4dfde2aaf3,0,0,0,0,0
train,144,aircraft_surface_damage_crack_v2_0000144.jpg,train,20220424_140525_006_jpg.rf.c24240abaf39815aa5817d850606c756.jpg,20220424_140525_006,498134e4700b318a982f8400c2f0f212a466be008ced53b3d416860315fdefad,0,0,0,0,0
train,145,aircraft_surface_damage_crack_v2_0000145.jpg,train,20220424_140525_007_jpg.rf.5013dfca85488f5b708df187f665b754.jpg,20220424_140525_007,05c0a8e92e2a724bbdbc8d6f087ff36c8d9a07e1c0047c28241f4c676534559a,0,0,0,0,0
train,146,aircraft_surface_damage_crack_v2_0000146.jpg,train,20220424_140525_007_jpg.rf.6db89aa71dd4484b085bd4a14e143106.jpg,20220424_140525_007,5fef33d250c0cded23c157fd549a96588851e5b5820319552abfe1da09837f22,0,0,0,0,0
train,147,aircraft_surface_damage_crack_v2_0000147.jpg,train,20220424_140525_007_jpg.rf.e771df9a42ef49ac4ef59835284e27f4.jpg,20220424_140525_007,68a7c125b6f01512e81dbf32847baa79571b192cd4001c41869d8cb2a6538dde,0,0,0,0,0
train,148,aircraft_surface_damage_crack_v2_0000148.jpg,train,20220424_140525_008_jpg.rf.19af8bfec45676af55c0bbd18cf141b1.jpg,20220424_140525_008,9e02cc39046d6170fa0ae5c2b04bd2a875d5e9a2311e0c058cca7a75b267fcea,0,0,0,0,0
train,149,aircraft_surface_damage_crack_v2_0000149.jpg,train,20220424_140525_008_jpg.rf.47af16fa598c685969aa199db1cad3c9.jpg,20220424_140525_008,5fce7b750421a73b24c2ae8b936996c22f77037b2750f6e65d5b13baa28fbb59,0,0,0,0,0
train,150,aircraft_surface_damage_crack_v2_0000150.jpg,train,20220424_140525_008_jpg.rf.6cb09b9b0b4d5f71b1dd2d12887ac41a.jpg,20220424_140525_008,d72767da2e5eb2e3c470fd9adc0e7ebef5274e1aa11250192d30b1c365323e81,0,0,0,0,0
train,151,aircraft_surface_damage_crack_v2_0000151.jpg,train,20220424_140525_009_jpg.rf.4f197de8c7dfb32cd684aef2cc433295.jpg,20220424_140525_009,a706142d07ba2f1677ed98200ba75d0f5f40d97e5257729a3f7d427de8119448,0,0,0,0,0
train,152,aircraft_surface_damage_crack_v2_0000152.jpg,train,20220424_140525_009_jpg.rf.abe015765ef35e27680900582f9dba81.jpg,20220424_140525_009,75f61dbe32604e1a455bad474aedec2801c98eb74a08bc80480a60776d2f67d1,0,0,0,0,0
train,153,aircraft_surface_damage_crack_v2_0000153.jpg,train,20220424_140525_009_jpg.rf.adab5d6285666c6f88ab7b2723202e98.jpg,20220424_140525_009,fa3bbeab92684788abcc0caa419d3213cfdb1c7de87c30e7f65cccb2502fa7cb,0,0,0,0,0
train,154,aircraft_surface_damage_crack_v2_0000154.jpg,train,20220424_140525_010_jpg.rf.352e46fe586cb86285056666a98877ff.jpg,20220424_140525_010,2c2a561ebfb00135978b343a0988403b4d56c96f107e709f31d8f1eb492f9f21,0,0,0,0,0
train,155,aircraft_surface_damage_crack_v2_0000155.jpg,train,20220424_140525_010_jpg.rf.4695e635a852223900557edead22862d.jpg,20220424_140525_010,f3c7d918831c0b0fe86f051a584936585b54b2c0e698329b9ced1bc2a2e76901,0,0,0,0,0
train,156,aircraft_surface_damage_crack_v2_0000156.jpg,train,20220424_140525_010_jpg.rf.a3fb21049e942b519cb8c9b0bb1a6fcb.jpg,20220424_140525_010,fc3f62295aea59982581dd41c9b44be38d4e6ccf9fe04f3395341aa42da1dcd0,0,0,0,0,0
train,157,aircraft_surface_damage_crack_v2_0000157.jpg,train,20220424_140525_011_jpg.rf.5f89ef550e94e6e0f56765dd82d33a7a.jpg,20220424_140525_011,0dc143a51eba6f571b3672458bc27ae7d0c2874956a31c247366b09fa2cf982d,0,0,0,0,0
train,158,aircraft_surface_damage_crack_v2_0000158.jpg,train,20220424_140525_011_jpg.rf.911667a222b98ff3e75b8eda9f851e25.jpg,20220424_140525_011,92e8009ff59322aa07c0488d6ee6e970baed403033bd55b9d498d23474dc6178,0,0,0,0,0
train,159,aircraft_surface_damage_crack_v2_0000159.jpg,train,20220424_140525_011_jpg.rf.fd9bd33c3a69f285e3aef1908ef61025.jpg,20220424_140525_011,b1630b7e8f125915471acf4e10a9991f813d66f323c823f06e5f706ce654e819,0,0,0,0,0
train,160,aircraft_surface_damage_crack_v2_0000160.jpg,train,20220424_140525_012_jpg.rf.165848975a8c1e35062c6339bbab318c.jpg,20220424_140525_012,5bb15d447257b63a3a146f4e533b36c7c876f1b732da89db39ab2e12d0826018,0,0,0,0,0
train,161,aircraft_surface_damage_crack_v2_0000161.jpg,train,20220424_140525_012_jpg.rf.4775a60aaf7ce01eeb8a67fbbea9affa.jpg,20220424_140525_012,18b4d8725e366840cb8ba2d5959730c7740769f01f3a7c3f80ebfee34f879801,0,0,0,0,0
train,162,aircraft_surface_damage_crack_v2_0000162.jpg,train,20220424_140525_012_jpg.rf.c090e77bdc24b1134dd25f0e8de20758.jpg,20220424_140525_012,14bd602d99ce24ba30badea0cf617ffe49102f8fe210ffaaf3bc7655fd7a1a5a,0,0,0,0,0
train,163,aircraft_surface_damage_crack_v2_0000163.jpg,train,20220424_140525_013_jpg.rf.404425cfc307eae801c832ff7928ad4e.jpg,20220424_140525_013,65f2f7de42efc14a72b9c11337aa55d47eff1507ab8156e0dc96c04e947ac9ac,0,0,0,0,0
train,164,aircraft_surface_damage_crack_v2_0000164.jpg,train,20220424_140525_013_jpg.rf.63e6bb4bf0db8fffa5823ee613720d84.jpg,20220424_140525_013,1abd6c0a51bfc707ae91289c19b3bcf33c18d20b8fd91d7225587d66c3344462,0,0,0,0,0
train,165,aircraft_surface_damage_crack_v2_0000165.jpg,train,20220424_140525_013_jpg.rf.cced3bf37a4a100e57534e643b045aed.jpg,20220424_140525_013,31ea2dd2136d8154e17933423eb4f8937d96229a8909ecdf1c3bb5c55b4c36ef,0,0,0,0,0
train,166,aircraft_surface_damage_crack_v2_0000166.jpg,train,20220424_140525_014_jpg.rf.5e77f422051b314b923dc96cbe7bfd12.jpg,20220424_140525_014,f43970e5306c98a297a6378d69a4cf185d54413aeaad0a37332120a26bf76500,0,0,0,0,0
train,167,aircraft_surface_damage_crack_v2_0000167.jpg,train,20220424_140525_014_jpg.rf.c629bba811ca311c852779fe647e99a8.jpg,20220424_140525_014,5db0ef54c0044015f7a08e00788e8971cd781d530ccaf5fbd9b1bc2c86f237ac,0,0,0,0,0
train,168,aircraft_surface_damage_crack_v2_0000168.jpg,train,20220424_140525_014_jpg.rf.e7d63844bb4a36f3a7d9aaa4002517a8.jpg,20220424_140525_014,c36c43e79c71b2975c8e0e240cb936ac83e07c92c55ec6bb0fcb8be7132d1668,0,0,0,0,0
train,169,aircraft_surface_damage_crack_v2_0000169.jpg,train,20220424_140525_015_jpg.rf.33d92462b1c41a959c1090fcb82b9812.jpg,20220424_140525_015,fc4279058040d7cbae7db9287f7a409b7d6d87fc9fc3e3474852aea14df1b382,0,0,0,0,0
train,170,aircraft_surface_damage_crack_v2_0000170.jpg,train,20220424_140525_015_jpg.rf.66b95ceae3db9804f31ba633c431cd85.jpg,20220424_140525_015,f8df9bb2578b953ec5ad7f2b63f3a5fca2a425fd044163996cc79e1562e9cc93,0,0,0,0,0
train,171,aircraft_surface_damage_crack_v2_0000171.jpg,train,20220424_140525_015_jpg.rf.8e50b96617385134cf61f6483b78bf38.jpg,20220424_140525_015,055a0c0d62a4e4e6aa92f79fb335b2bb211a09368fb67a1de77b010c1bf9ba98,0,0,0,0,0
train,172,aircraft_surface_damage_crack_v2_0000172.jpg,train,20220424_140525_016_jpg.rf.4c0afe43565dde6a8ad8389a14c9eb61.jpg,20220424_140525_016,1dab0e419289b4dcf3ababc630babd88ec1d9263d0194e20dfa0e9566ffadad4,0,0,0,0,0
train,173,aircraft_surface_damage_crack_v2_0000173.jpg,train,20220424_140525_016_jpg.rf.b91e99741d318c7b0c0ca8aeee5c9561.jpg,20220424_140525_016,2decd269f482ab7ec727a10bb4cadd50720877cdf82041c99b891b45c4302f68,0,0,0,0,0
train,174,aircraft_surface_damage_crack_v2_0000174.jpg,train,20220424_140525_016_jpg.rf.d789a17d0dd5a7a0de096614325389c5.jpg,20220424_140525_016,d5e97157d60775a7f0456a6d7480f8732644ccaaf579a14d891a5fa878a3eaa6,0,0,0,0,0
train,175,aircraft_surface_damage_crack_v2_0000175.jpg,train,20220424_140525_017_jpg.rf.64d69e1a78cd3418a374add21502b045.jpg,20220424_140525_017,eed4a8e44afd8e0a1ed736ff4d6e6799e82c7c1a02c985ada68fd0e33c6ba052,0,0,0,0,0
train,176,aircraft_surface_damage_crack_v2_0000176.jpg,train,20220424_140525_017_jpg.rf.7a3509534f649568dfa59d6685e4e587.jpg,20220424_140525_017,3f9107552b8374af05c91d095561167fc6f0a002fb59fd5c61d9e9f6238ce5db,0,0,0,0,0
train,177,aircraft_surface_damage_crack_v2_0000177.jpg,train,20220424_140525_017_jpg.rf.d63d10281ffff11cb887d9a51ef942f5.jpg,20220424_140525_017,70dba2fbe6327879df8d778bf6367deb221b15e3c70ae3cc07b993918183b3ec,0,0,0,0,0
train,178,aircraft_surface_damage_crack_v2_0000178.jpg,train,20220424_140525_018_jpg.rf.7af220de1d71a152f5aa8d7d4787a539.jpg,20220424_140525_018,415d2f1a44bba0a28ea5a6ca9725435e7a7cadbc26ca4fa2d0d4fc1a5b5295a4,0,0,0,0,0
train,179,aircraft_surface_damage_crack_v2_0000179.jpg,train,20220424_140525_018_jpg.rf.7af2d782cf59eb3b93128a3cbdb3ef70.jpg,20220424_140525_018,1f69ab8dd303fbe2259c0d6333d2326f02bf21c9286f45c36a052bd7b91adef1,0,0,0,0,0
train,180,aircraft_surface_damage_crack_v2_0000180.jpg,train,20220424_140525_018_jpg.rf.a7aca5da7bbd6386c40a49f19a0fb2a1.jpg,20220424_140525_018,0cdfa554b63af928c43c501658ed13c7652666102371ef6312518419fd3b52d1,0,0,0,0,0
train,181,aircraft_surface_damage_crack_v2_0000181.jpg,train,20220424_140525_022_jpg.rf.2209f66a61e758cd561eb19538dce863.jpg,20220424_140525_022,b56265d428a45efa5dbc12c4815148c5ad330842f22e9abf52342de9e4b15bab,0,0,0,0,0
train,182,aircraft_surface_damage_crack_v2_0000182.jpg,train,20220424_140525_022_jpg.rf.a37647a429c433ad351a951f63daf9a3.jpg,20220424_140525_022,1ab3860e06f19985831ad6310c3f3a529be6d348020a645dae9393ad14ea7c56,0,0,0,0,0
train,183,aircraft_surface_damage_crack_v2_0000183.jpg,train,20220424_140525_022_jpg.rf.f8222c5ec97229928742b549ae0075ee.jpg,20220424_140525_022,d7df0c00c174e38728d1e55397adf68b0b8d67a381b1b4ef999d64616882ed8a,0,0,0,0,0
train,184,aircraft_surface_damage_crack_v2_0000184.jpg,train,20220424_140525_023_jpg.rf.1f07915873ee42e38b7fd12d11f740c1.jpg,20220424_140525_023,e8598b06eb16033957b7705a79178315c32571e164b27c7814553ab5554e1cbd,0,0,0,0,0
train,185,aircraft_surface_damage_crack_v2_0000185.jpg,train,20220424_140525_023_jpg.rf.20df8ef19ed9e3a5f361830b3624dd9b.jpg,20220424_140525_023,b98ef1f004293087a87733893ecf90329cba80d965259f370f1c027931e3d656,0,0,0,0,0
train,186,aircraft_surface_damage_crack_v2_0000186.jpg,train,20220424_140525_023_jpg.rf.ba9820453524d7750eee340739bc798d.jpg,20220424_140525_023,4aadee516c5fb0731ac30f72833558d6ae26e567d78af08a72f2930875762515,0,0,0,0,0
train,187,aircraft_surface_damage_crack_v2_0000187.jpg,train,20220424_140525_024_jpg.rf.3c8972acdc69135dc7293ab3ca07ffeb.jpg,20220424_140525_024,c4d8bccdaef61660a5ee3472e8e6b1a8ce9aae134e4c502d27e6679b21b52f42,0,0,0,0,0
train,188,aircraft_surface_damage_crack_v2_0000188.jpg,train,20220424_140525_024_jpg.rf.7c1bb1e82f202c397ff92eccc426b76c.jpg,20220424_140525_024,fcdfdff1a33dc01bcdcba11e34e376fd85ae290ca89a6607e0371e0634cd0f64,0,0,0,0,0
train,189,aircraft_surface_damage_crack_v2_0000189.jpg,train,20220424_140525_024_jpg.rf.a01ae8a198f9ec17cdf61a85d5849687.jpg,20220424_140525_024,df893d5d96a000c177d9a5ade5cc56bf2faa230860e9cbab669c1459624f2a91,0,0,0,0,0
train,190,aircraft_surface_damage_crack_v2_0000190.jpg,train,20220424_140525_025_jpg.rf.0d52071a98e1cae9af437d9a67a4b400.jpg,20220424_140525_025,ca597fc2758e7122e441b50e8d6f497946eede15552120d1bae406c97e5acc77,0,0,0,0,0
train,191,aircraft_surface_damage_crack_v2_0000191.jpg,train,20220424_140525_025_jpg.rf.93bce6d4b8d96181635a030920a7fd0b.jpg,20220424_140525_025,4b1f5ba3ea88d7485dd552033a432490a1c2e43e9a721d3d557a8f767bd6ec8e,0,0,0,0,0
train,192,aircraft_surface_damage_crack_v2_0000192.jpg,train,20220424_140525_025_jpg.rf.ef49f3a52e1f03b6bd26c7f94b2cf36a.jpg,20220424_140525_025,9358babebb9c25cbdaa777937845aa0574b79995f76e3980b4f1ec0acf2a0ae9,0,0,0,0,0
train,193,aircraft_surface_damage_crack_v2_0000193.jpg,train,20220424_140525_026_jpg.rf.6cd21e02e81c9fed4d0e655e42cd9a1c.jpg,20220424_140525_026,85633fb0f4a9314288bc858328986b4e05b5b4189cc42765f68fbf04e9b99d2f,0,0,0,0,0
train,194,aircraft_surface_damage_crack_v2_0000194.jpg,train,20220424_140525_026_jpg.rf.86f9918f2182694983c51631b5264c5c.jpg,20220424_140525_026,1ad914c19c2be23e8ea26d213f3e31b8d90e55b2650bd8e88911e2919ec99276,0,0,0,0,0
train,195,aircraft_surface_damage_crack_v2_0000195.jpg,train,20220424_140525_026_jpg.rf.9c5e93d0b5cdac5ac6cf63b64911d52c.jpg,20220424_140525_026,ebd8da49ea3c678e11f354f7fcaad49ead98431df4f872fce5f9fd243798173c,0,0,0,0,0
train,196,aircraft_surface_damage_crack_v2_0000196.jpg,train,20220424_140525_027_jpg.rf.999358fc299f83da5cc8d55a1152f714.jpg,20220424_140525_027,9ead909a6c98edbb2dfad1a35a4a52c285e0ff832e65f5a03be5a847b78e488e,0,0,0,0,0
train,197,aircraft_surface_damage_crack_v2_0000197.jpg,train,20220424_140525_027_jpg.rf.f97f6caa55a1d08f3af8c53ce568e108.jpg,20220424_140525_027,33f2b471f88bf80fad05d6eaf588b81a92aa38386da210b070166c61acfd6b2e,0,0,0,0,0
train,198,aircraft_surface_damage_crack_v2_0000198.jpg,train,20220424_140525_027_jpg.rf.ff41a3b197f4b6fc4c45a9de08b2b8c3.jpg,20220424_140525_027,9e3d06745f2ed68a304f0d41b14dce2068e2f4d05189770dfc2a55d35fc62bbb,0,0,0,0,0
train,199,aircraft_surface_damage_crack_v2_0000199.jpg,train,20220424_140525_028_jpg.rf.44734826efdf5a372e5ff610c51bb73e.jpg,20220424_140525_028,ebbad989e695f47272ed958fdaa88e66a0374f8246b14c0ba7c7f3d2426997ff,0,0,0,0,0
train,200,aircraft_surface_damage_crack_v2_0000200.jpg,train,20220424_140525_028_jpg.rf.83dc30eb8de2549daf00c465645f3fb0.jpg,20220424_140525_028,785edf60be183cd84a42f7bb532a7c334f22226677c617bfe0f5d157971d0f51,0,0,0,0,0
train,201,aircraft_surface_damage_crack_v2_0000201.jpg,train,20220424_140525_028_jpg.rf.bc246282d632daf1194b33522dafeb9b.jpg,20220424_140525_028,7670022e757a0ecbfa824092c9132419de33af514ad0cf07dd163492e241ebbb,0,0,0,0,0
train,202,aircraft_surface_damage_crack_v2_0000202.jpg,train,20220424_140525_029_jpg.rf.48b5131f164ec8586c71da0d8bf5f962.jpg,20220424_140525_029,b13d64d35f6bba5658249039615a001cba4601c4a88e1a3e3ce7443489fd0bfb,0,0,0,0,0
train,203,aircraft_surface_damage_crack_v2_0000203.jpg,train,20220424_140525_029_jpg.rf.7a543d244bb0deb36836531591786a7f.jpg,20220424_140525_029,aed806ba120831648d80c503b7f192f525c2fc1708d4c3f5c6927edeb583e5c5,0,0,0,0,0
train,204,aircraft_surface_damage_crack_v2_0000204.jpg,train,20220424_140525_029_jpg.rf.e3f7629e461ec352de5bd8d284abc7d7.jpg,20220424_140525_029,0325e32306395735168dca6d0e257d1cc3f0b5677fa5d9b78bbaa13198142c32,0,0,0,0,0
train,205,aircraft_surface_damage_crack_v2_0000205.jpg,train,20220424_140525_030_jpg.rf.6a918f94956635807c9eacbb3d2710e7.jpg,20220424_140525_030,caa6b2d940d26ba6e63e6f6889471e327b1a2459055bdd8fc97e038ed73e5c91,0,0,0,0,0
train,206,aircraft_surface_damage_crack_v2_0000206.jpg,train,20220424_140525_030_jpg.rf.9150b2c74e2aa98063a84dc74a503f4d.jpg,20220424_140525_030,64dd26f75c905b7f120924af6f6436133ee3867badbf7e67f9111b9f2ea2ea6e,0,0,0,0,0
train,207,aircraft_surface_damage_crack_v2_0000207.jpg,train,20220424_140525_030_jpg.rf.ad842fe4e0307629c1a455f42a045574.jpg,20220424_140525_030,7e1dff37a86a619a6afa2ed480cfe42e087536abf2f95c719636a389363a2ea9,0,0,0,0,0
train,208,aircraft_surface_damage_crack_v2_0000208.jpg,train,20220424_140550_012_jpg.rf.0a1d52667f9756b712f893f14f8c3231.jpg,20220424_140550_012,3a449588621e6fbdacbe13446a45e4f66f32558126b55c45e47a0e757ce4b132,0,0,0,0,0
train,209,aircraft_surface_damage_crack_v2_0000209.jpg,train,20220424_140550_012_jpg.rf.92b14c9b01cd9d4af249a6a8d8cfc6cb.jpg,20220424_140550_012,f62e636cd50c59605c1cb52f0ceb5dd53a4474625a366c079172954f77b61528,0,0,0,0,0
train,210,aircraft_surface_damage_crack_v2_0000210.jpg,train,20220424_140550_012_jpg.rf.efd1161b63ef398f5f0b3f867c842106.jpg,20220424_140550_012,199d5eaa8ee5f9fcee327d57ddc07f3beb533c0c84f80ea0ef762f9a03422a27,0,0,0,0,0
train,211,aircraft_surface_damage_crack_v2_0000211.jpg,train,20220424_140641_001_jpg.rf.0fdd90ae5866ecc8db2f907a7a8e0ad8.jpg,20220424_140641_001,0cec786bdcb5a577d537b65c31c8795656f8acc6257dd0057c251d1583939f44,0,0,0,0,0
train,212,aircraft_surface_damage_crack_v2_0000212.jpg,train,20220424_140641_001_jpg.rf.a70749bfdd6791b4581ff37eab0fec97.jpg,20220424_140641_001,56cab54ce66c0998b40d9ba02972859c28b6cbed0665196ef6ded9cb6e2f8f9c,0,0,0,0,0
train,213,aircraft_surface_damage_crack_v2_0000213.jpg,train,20220424_140641_001_jpg.rf.aedb547a8f2b7eddf067bd676940ff6e.jpg,20220424_140641_001,d66a5432be9665ef1c3a86f143a46c9282f5fa268f4150c8c0f1d894899d3621,0,0,0,0,0
train,214,aircraft_surface_damage_crack_v2_0000214.jpg,train,20220424_140641_002_jpg.rf.157947789c6c58dd9d75a82e60ec79b0.jpg,20220424_140641_002,b58fb2245c0a25beee990d6db4d9ead81745a1f4c1926af6dee30a95fac2dd85,0,0,0,0,0
train,215,aircraft_surface_damage_crack_v2_0000215.jpg,train,20220424_140641_002_jpg.rf.b418eb3fd821664abe4f8fec999931a4.jpg,20220424_140641_002,c318a0713212970e76146a7fcfaa99f843876fa26cd24ad851bff066942def2f,0,0,0,0,0
train,216,aircraft_surface_damage_crack_v2_0000216.jpg,train,20220424_140641_002_jpg.rf.d261a016e8e330eb8823c4271db566a6.jpg,20220424_140641_002,8bf4dcd52eefe374665eec6cc8aa26c2606882826af5438ac9c9135abe36e8d2,0,0,0,0,0
train,217,aircraft_surface_damage_crack_v2_0000217.jpg,train,20220424_140641_007_jpg.rf.4dfd558999f993c01d0cb51202ccccc4.jpg,20220424_140641_007,9f843692d0d92fece8fe030c2d0c72b516e25ffddfce889131829550027cfd7c,0,0,0,0,0
train,218,aircraft_surface_damage_crack_v2_0000218.jpg,train,20220424_140641_007_jpg.rf.d5beb0dd4c9af8486d27c3e350c287ec.jpg,20220424_140641_007,4f04f2d2a23aae32fcc6258bdef53c71562870b589ac335b3d041a2d9fe06af2,0,0,0,0,0
train,219,aircraft_surface_damage_crack_v2_0000219.jpg,train,20220424_140641_007_jpg.rf.e527ce22ef0a085dbcfc960674ce0fe6.jpg,20220424_140641_007,eddc66038c188d86d194ca14289b86caa5a24b8448a679654c1d60c6403c1e79,0,0,0,0,0
train,220,aircraft_surface_damage_crack_v2_0000220.jpg,train,20220424_140641_008_jpg.rf.ce20742afc00b90a47a2b06898dbd5fb.jpg,20220424_140641_008,e6220ab6f8fe9905dd39d7a789aa11a4d3f8eb4665e2f4e7f8ce2605e7d92d5a,0,0,0,0,0
train,221,aircraft_surface_damage_crack_v2_0000221.jpg,train,20220424_140641_008_jpg.rf.d2ca536d63032177b6dbb02476807ce9.jpg,20220424_140641_008,4aa5099e52c32f2f3d462578f3edafd1e9584cec601ae5208e63ab6c7e6aab6f,0,0,0,0,0
train,222,aircraft_surface_damage_crack_v2_0000222.jpg,train,20220424_140641_008_jpg.rf.f7758002779f04aa1a2317f9486513fc.jpg,20220424_140641_008,7912b8e3b51ea3a9de9be08c34990518b3de07c55f50d4e716c36589566f433f,0,0,0,0,0
train,223,aircraft_surface_damage_crack_v2_0000223.jpg,train,20220424_140641_009_jpg.rf.1058e06a7f6b63a4923f795bdbfaafb9.jpg,20220424_140641_009,06a870b2c3c87f152515cb507d549a461bfd510a613236c3a1da0bfc0ce8042d,0,0,0,0,0
train,224,aircraft_surface_damage_crack_v2_0000224.jpg,train,20220424_140641_009_jpg.rf.290ea226df171e6a66e9cce8e72f4e3e.jpg,20220424_140641_009,566160d54d2b45f29878b4a6d3842095f65362e18a30303225c31d67c091ca40,0,0,0,0,0
train,225,aircraft_surface_damage_crack_v2_0000225.jpg,train,20220424_140641_009_jpg.rf.6bccbdf80a77da179624e36018963ec8.jpg,20220424_140641_009,646807d586c940dd2f2dac97ef2782d9ddf729439618ad5172617accbd542ca6,0,0,0,0,0
train,226,aircraft_surface_damage_crack_v2_0000226.jpg,train,20220424_140641_010_jpg.rf.21f658d7bf76dd5f6e6867792a3b46c8.jpg,20220424_140641_010,82a263748a25212394b5579fc24dd2710a5edbff9092a74d72e2ec2a56135a4a,0,0,0,0,0
train,227,aircraft_surface_damage_crack_v2_0000227.jpg,train,20220424_140641_010_jpg.rf.4b31517f954b8ba89f7860e306d728b4.jpg,20220424_140641_010,d3b76c712bb70152af6eee6d1347166bc237eb5ccd97c72023bbaf3ae92383c6,0,0,0,0,0
train,228,aircraft_surface_damage_crack_v2_0000228.jpg,train,20220424_140641_010_jpg.rf.71753a6935d99ef1e2c591651e5d658a.jpg,20220424_140641_010,0e2c0e94bcb4fcac3b35b4aee68fabb1bb52ed7ec0f7b1ed5deef767e779b4ad,0,0,0,0,0
train,229,aircraft_surface_damage_crack_v2_0000229.jpg,train,20220424_140641_012_jpg.rf.077735d6d3ef599a3d2e100646757831.jpg,20220424_140641_012,eecbf90aba8aaacbdb0be9b3471822f7b1cc48d31a0866e6658dc40879a16df9,0,0,0,0,0
train,230,aircraft_surface_damage_crack_v2_0000230.jpg,train,20220424_140641_012_jpg.rf.19d6561a06c229b9d0d5751a34332d76.jpg,20220424_140641_012,9fb9abb2db985e708a36724c2aa2275d363aead813946380701d761556a832d6,0,0,0,0,0
train,231,aircraft_surface_damage_crack_v2_0000231.jpg,train,20220424_140641_012_jpg.rf.cbc89f5c0f24e75fbfb391db1f3e7258.jpg,20220424_140641_012,a91368ca133ea7d8fdacc2376540bcefae1d3172a34d16a1620406285836eb5c,0,0,0,0,0
train,232,aircraft_surface_damage_crack_v2_0000232.jpg,train,20220424_140641_016_jpg.rf.65ee08ddc66703653030028c36d368d4.jpg,20220424_140641_016,113a0967de270bf70de04cceb295c4dbf410acd7078102b007a2d1bcb427d04f,0,0,0,0,0
train,233,aircraft_surface_damage_crack_v2_0000233.jpg,train,20220424_140641_016_jpg.rf.a42c01191366c883cef95ef4b21be256.jpg,20220424_140641_016,b87fef2d578910e2348583cd222f286ea7fe5f05ed5a2c1c9d31699ee2689833,0,0,0,0,0
train,234,aircraft_surface_damage_crack_v2_0000234.jpg,train,20220424_140641_016_jpg.rf.edee919a730b95b9be52f71c7e8fd049.jpg,20220424_140641_016,b39f8d30c9c5bc33c3eb71655a334b95e268fe30868a8668bcbfd9ce3eb9cda9,0,0,0,0,0
train,235,aircraft_surface_damage_crack_v2_0000235.jpg,train,20220424_140641_017_jpg.rf.0824c859efe4208d52caf7e22830e164.jpg,20220424_140641_017,c7402fc4279c9dc4275c4332d28c3f7a09aaa37aa65a972cdedc0f90dd036ac2,0,0,0,0,0
train,236,aircraft_surface_damage_crack_v2_0000236.jpg,train,20220424_140641_017_jpg.rf.e4c807c1635e661c286266f7ecf43509.jpg,20220424_140641_017,44f62260b73b2f745ae36f52d3c4da29be2aeaaa626d5f13a7d5516284c1c675,0,0,0,0,0
train,237,aircraft_surface_damage_crack_v2_0000237.jpg,train,20220424_140641_017_jpg.rf.e652def92603fd4131782d9ba408fbce.jpg,20220424_140641_017,9323a0bddf414348e3ca8ef98de6db1a33d7b6b091ec9d70bf2e39f7b33452c5,0,0,0,0,0
train,238,aircraft_surface_damage_crack_v2_0000238.jpg,train,20220424_140641_018_jpg.rf.2e00898d817e8ffdae2c19eeb93c26b9.jpg,20220424_140641_018,6e4fd4ec9b56d3c6196c4028ab7875f986301267c18c19b6248d28e88df03362,0,0,0,0,0
train,239,aircraft_surface_damage_crack_v2_0000239.jpg,train,20220424_140641_018_jpg.rf.77ec80977836fc996beac15f56fc04d3.jpg,20220424_140641_018,a335f6ec0ad03ecdc73dac5ee619227ffe9c120e765521edbe728c0a4dca58e6,0,0,0,0,0
train,240,aircraft_surface_damage_crack_v2_0000240.jpg,train,20220424_140641_018_jpg.rf.a318c5958b929fc5d2540ccecf33aeca.jpg,20220424_140641_018,17f60ac03bd18ec9c36757d6daa5ed22a44459826afa9cbed8ef47fbe04f2b51,0,0,0,0,0
train,241,aircraft_surface_damage_crack_v2_0000241.jpg,train,20220424_140641_019_jpg.rf.24172830f2b9ed7a96c927de106788b6.jpg,20220424_140641_019,a833165c10cf483250dbae068d619bae6d005ca0a57d090be44599c3bc9ef185,0,0,0,0,0
train,242,aircraft_surface_damage_crack_v2_0000242.jpg,train,20220424_140641_019_jpg.rf.42bc666120be4424df21a610e7c8e93d.jpg,20220424_140641_019,9d714e42d60c1a0448cea97714a14e3c22f5bc0e3c96d7f3fb230bc881b52890,0,0,0,0,0
train,243,aircraft_surface_damage_crack_v2_0000243.jpg,train,20220424_140641_019_jpg.rf.78c3f4e883cad228ef4af97a8450bab2.jpg,20220424_140641_019,8542a9623ae1d547ea1d90f10c7e7652f578a1718fb965fb0b95c62ce08cce06,0,0,0,0,0
train,244,aircraft_surface_damage_crack_v2_0000244.jpg,train,20220424_140641_020_jpg.rf.477b4ae5adb852c2fe5c452a2da0ed09.jpg,20220424_140641_020,ddb08ba5a7ffd8088d1515655bbfad877ee4ac8cc863aa65cce31d4d515b7bc0,0,0,0,0,0
train,245,aircraft_surface_damage_crack_v2_0000245.jpg,train,20220424_140641_020_jpg.rf.e15a7c28b0ae1759600bfac0fa5a5ab0.jpg,20220424_140641_020,87776c0d09889ec49b9f511263a2baa4b0ac72a8f3ac1d1699ed669f199a9e1e,0,0,0,0,0
train,246,aircraft_surface_damage_crack_v2_0000246.jpg,train,20220424_140641_020_jpg.rf.ff27acec60a8dbcc01ab98b3f9e9c44a.jpg,20220424_140641_020,93d9ea0e71f3e88388f7320c067c0f577852f12309a33ff4ef46bafe6dc68fe9,0,0,0,0,0
train,247,aircraft_surface_damage_crack_v2_0000247.jpg,train,20220424_140641_021_jpg.rf.9aa21c2a042fd625957b424240bc9ed3.jpg,20220424_140641_021,3c0dfb38bc5551e9bd8744918774bb079efa3350bfa269c3e823f2dcc5649cab,0,0,0,0,0
train,248,aircraft_surface_damage_crack_v2_0000248.jpg,train,20220424_140641_021_jpg.rf.e89a52ae1f369dfff2fd77dd0a41c2f8.jpg,20220424_140641_021,c906c2f662f532dd760befb66857fc50e189b48c896eb0ee5070c3f2d8913280,0,0,0,0,0
train,249,aircraft_surface_damage_crack_v2_0000249.jpg,train,20220424_140641_021_jpg.rf.f6859fc3efed1cb746e71752e4f0314c.jpg,20220424_140641_021,c740ea694ca9373eec716eac71dacb4fc5b6fe79323f9b9dc960bb73627ffb0c,0,0,0,0,0
train,250,aircraft_surface_damage_crack_v2_0000250.jpg,train,20220424_140641_022_jpg.rf.28e84a72d7e5cce0d047bbd0e5ed4022.jpg,20220424_140641_022,8bbb92ecc362f2326e6d9ad2a557d7598495bdeea7afc1865d44c43517ed2dcc,0,0,0,0,0
train,251,aircraft_surface_damage_crack_v2_0000251.jpg,train,20220424_140641_022_jpg.rf.3680d41dcfbd0f169c4b0cf17a92cc9c.jpg,20220424_140641_022,afbe3946fd67dedd17242b888d0d204c6dd52f9179b8d83339625a72893ef191,0,0,0,0,0
train,252,aircraft_surface_damage_crack_v2_0000252.jpg,train,20220424_140641_022_jpg.rf.e352d51793560f9b04e7ce57cfef72ec.jpg,20220424_140641_022,4584e7d0faa729ccd0d6c28f7551bcef8a7aff125401d6d61472bfe4001fd4fa,0,0,0,0,0
train,253,aircraft_surface_damage_crack_v2_0000253.jpg,train,20220424_140641_023_jpg.rf.63f4c8ca84860cc37a3cc94b64a05312.jpg,20220424_140641_023,f86a59bb45ce08365448bcbe1ce931c1594e77829794384b12d7b16a6a4bb4f8,0,0,0,0,0
train,254,aircraft_surface_damage_crack_v2_0000254.jpg,train,20220424_140641_023_jpg.rf.6c23539c90e55b12a43eeb2b9f4bdf8a.jpg,20220424_140641_023,0bb47d0e2c5125704831829c02701c6075e606dcfcab5a675733ae9bc457c748,0,0,0,0,0
train,255,aircraft_surface_damage_crack_v2_0000255.jpg,train,20220424_140641_023_jpg.rf.ded602fe2f1bdaad56bbed6d635ca935.jpg,20220424_140641_023,7858b1bbbae9e83b39c514a40ab09511a42db5056b84160fcae4ec959da9c8f8,0,0,0,0,0
train,256,aircraft_surface_damage_crack_v2_0000256.jpg,train,20220424_140641_024_jpg.rf.03620401bb56fda56e82d0edbc2e8366.jpg,20220424_140641_024,607f54265ac3739baea8e9684ee6ad6f8d6e0909fb15c4b5ce26d0af4a4db6db,0,0,0,0,0
train,257,aircraft_surface_damage_crack_v2_0000257.jpg,train,20220424_140641_024_jpg.rf.52feb83a973fca25dab679b2ccfc8c65.jpg,20220424_140641_024,620de8c8c95abb2a2dcd976a5c242de50e2fea1e01eff80c044f41c14475f395,0,0,0,0,0
train,258,aircraft_surface_damage_crack_v2_0000258.jpg,train,20220424_140641_024_jpg.rf.c59c08642a90e8d2b7cd840bb8b83f51.jpg,20220424_140641_024,71268b3b47f6388c978e70885f82cf0862171340373f292c815aa616c1098a93,0,0,0,0,0
train,259,aircraft_surface_damage_crack_v2_0000259.jpg,train,20220424_140641_025_jpg.rf.16086b03b7fe73ec8f97047669d354ed.jpg,20220424_140641_025,bfb436b9615f873272c5d6b22db3b2682ea4942f1bb2e65ec2c8b0b706222cdf,0,0,0,0,0
train,260,aircraft_surface_damage_crack_v2_0000260.jpg,train,20220424_140641_025_jpg.rf.76ecfb7a45982584e887e03d6239d936.jpg,20220424_140641_025,fd59dace1add35e2281262f262aa8ce35d0fab2a120ed50a254639e207cfa40d,0,0,0,0,0
train,261,aircraft_surface_damage_crack_v2_0000261.jpg,train,20220424_140641_025_jpg.rf.c26bee335f2cbf6ba27b145be4df2cd9.jpg,20220424_140641_025,dc9394c103b444ca36093e2c8ffdafb62ba0658b723264a36bd24d81f5263a2e,0,0,0,0,0
train,262,aircraft_surface_damage_crack_v2_0000262.jpg,train,20220424_140641_026_jpg.rf.0e1eaa18a6abe8cdcf36244598705aba.jpg,20220424_140641_026,f93d2c1ec9e19763b18f6c8ac9a5c69aeeb2e8b4bb0814635ddc00de5c04d48b,0,0,0,0,0
train,263,aircraft_surface_damage_crack_v2_0000263.jpg,train,20220424_140641_026_jpg.rf.2bc565563f7ea637637ae569eaa04f09.jpg,20220424_140641_026,6e280b9629e7ec15fb4e772095f8204f0e0b10d6b710c698a4bc8d9bb2e1d99c,0,0,0,0,0
train,264,aircraft_surface_damage_crack_v2_0000264.jpg,train,20220424_140641_026_jpg.rf.2cc0b9a7ec2e49ee9c163e50c9acffb3.jpg,20220424_140641_026,e42f1a406707a02ed003d6871985255c5df9f4410e69dffd0e17183ae31cbb4d,0,0,0,0,0
train,265,aircraft_surface_damage_crack_v2_0000265.jpg,train,20220424_140641_027_jpg.rf.a6beeb0a4fcec507ad314edd1da22f10.jpg,20220424_140641_027,a15407c508fb5d5e6df9162d5d0d9ee4c1b450bbe836353fd71bcac6d71da3f1,0,0,0,0,0
train,266,aircraft_surface_damage_crack_v2_0000266.jpg,train,20220424_140641_027_jpg.rf.b583d6127a88722d24f8a000b2e7bfa6.jpg,20220424_140641_027,106bd83e64358fcb17d3d7c16436fb02b91c83a7d3521a5c720d1dcb11de5318,0,0,0,0,0
train,267,aircraft_surface_damage_crack_v2_0000267.jpg,train,20220424_140641_027_jpg.rf.d82c918110852e896eab4d4e8ac0cad6.jpg,20220424_140641_027,2f88f3824e47e5baf6df43a7a3d18bc2bfa4f18005e2adc5ae2e20e2991dac4a,0,0,0,0,0
train,268,aircraft_surface_damage_crack_v2_0000268.jpg,train,20220424_140641_028_jpg.rf.49d42da23166aa05cfc8992fac4fc1ba.jpg,20220424_140641_028,d740ee2fb834df7c7417d2123eb085ad24d104d79f23e71c13695a9ddb481704,0,0,0,0,0
train,269,aircraft_surface_damage_crack_v2_0000269.jpg,train,20220424_140641_028_jpg.rf.d58d532259cd987525c56aa411b66e2d.jpg,20220424_140641_028,98b40183071d5405508c7491251b2e1e704e0e56caaa49a378e1c09e8d7862a6,0,0,0,0,0
train,270,aircraft_surface_damage_crack_v2_0000270.jpg,train,20220424_140641_028_jpg.rf.e630a2d46805b2b6151f37a239870b88.jpg,20220424_140641_028,36f0be4df9670d9603098cdcae20d9a3a78f93b0094b97137a0c11e8966a3f52,0,0,0,0,0
train,271,aircraft_surface_damage_crack_v2_0000271.jpg,train,20220424_140641_029_jpg.rf.04246fcdb37e6ee93ce36a6c1e637f8b.jpg,20220424_140641_029,411c2096453136b5010343de6b94bbe01e634aade6963d9d16fd9ef42cade99b,0,0,0,0,0
train,272,aircraft_surface_damage_crack_v2_0000272.jpg,train,20220424_140641_029_jpg.rf.2666ab0f458b03ed5975d2adafe40569.jpg,20220424_140641_029,f34f173603db301cb6383daedc609b663c1345572433eb0cd755dbefa1cceb6a,0,0,0,0,0
train,273,aircraft_surface_damage_crack_v2_0000273.jpg,train,20220424_140641_029_jpg.rf.8bd9cdb2c15db1486a5e8a6b226758e0.jpg,20220424_140641_029,7a3382b8c40d9d71349731a9c3b68a161eb0a3077e04cdd3a63a5f24da8fc6ad,0,0,0,0,0
train,274,aircraft_surface_damage_crack_v2_0000274.jpg,train,20220424_140641_030_jpg.rf.8d5f69e11f183d0811c749deb6fed0e3.jpg,20220424_140641_030,aa804beaebbca646b251b4cdd6d1497e0581f33791b57acfde564016d559323a,0,0,0,0,0
train,275,aircraft_surface_damage_crack_v2_0000275.jpg,train,20220424_140641_030_jpg.rf.9a94da36bd166c4b54b8e34da8df9e6d.jpg,20220424_140641_030,5d494dbfb790958df1ee5d7e6e28cfca435abcb47abb74c7ff693c74b59d495a,0,0,0,0,0
train,276,aircraft_surface_damage_crack_v2_0000276.jpg,train,20220424_140641_030_jpg.rf.b2dd835f02ea5f5b968d0e695307e829.jpg,20220424_140641_030,3f139cf207f25dfda4215231c3fc0186405a7f7a70e3d08e73a9b439b44da4db,0,0,0,0,0
train,277,aircraft_surface_damage_crack_v2_0000277.jpg,train,20220424_140654_001_jpg.rf.30ca6793c7f175f721820dc460f2c599.jpg,20220424_140654_001,c0c9b2a6aa29b15b51f72b53583fb52c0e866d7c660aa6def651c997bac47b1f,0,0,0,0,0
train,278,aircraft_surface_damage_crack_v2_0000278.jpg,train,20220424_140654_001_jpg.rf.5debed3ddacbd81ecfea8d03f9366895.jpg,20220424_140654_001,329a8feef501345891b200d63d18be67fcb679dee1bb07fe9ab29b9b3967b390,0,0,0,0,0
train,279,aircraft_surface_damage_crack_v2_0000279.jpg,train,20220424_140654_001_jpg.rf.707160fa065486420f94925e64c1cbd2.jpg,20220424_140654_001,1fb39a1e0bd2b85d1033b8f9131c74add9b9d6a2e6336e95a4a4f985ce91fcf2,0,0,0,0,0
train,280,aircraft_surface_damage_crack_v2_0000280.jpg,train,20220424_140654_002_jpg.rf.31e24b3d43a62cccf2edddde9a7aedf9.jpg,20220424_140654_002,1ef67463f1ccdb24108556fd22780651f4612f87921d26adf4b005d60917eb9e,0,0,0,0,0
train,281,aircraft_surface_damage_crack_v2_0000281.jpg,train,20220424_140654_002_jpg.rf.986f7be4f02b69fa64fb2ed244e2faef.jpg,20220424_140654_002,dfd6091f3705ae78007c25baf57f7e0265b75b41c8bbe8f6ea7c3fe2cd8b5181,0,0,0,0,0
train,282,aircraft_surface_damage_crack_v2_0000282.jpg,train,20220424_140654_002_jpg.rf.b8bb843c6a52fed3c28642c538344216.jpg,20220424_140654_002,0bcf196ffe93a7fea907f5cd1b14f2c4a9b49faaa3c6c8c124395eb659563fe9,0,0,0,0,0
train,283,aircraft_surface_damage_crack_v2_0000283.jpg,train,20220424_140654_003_jpg.rf.1853c38a22d86a80479c93fc8e9ab271.jpg,20220424_140654_003,1051b19a17b40cc909e620e15470502c5a92edc1da6c6285004aa5055982f56b,0,0,0,0,0
train,284,aircraft_surface_damage_crack_v2_0000284.jpg,train,20220424_140654_003_jpg.rf.e43e216b30c541e9cf7b28aa7463ae05.jpg,20220424_140654_003,5f99bc60b39b8ec7cd68220d29eeb740400591ddad46c7ba0c4068b4300c8773,0,0,0,0,0
train,285,aircraft_surface_damage_crack_v2_0000285.jpg,train,20220424_140654_003_jpg.rf.e869590e44e94bf3c3b8a83fd1952975.jpg,20220424_140654_003,f748d0e4cc2b0b911637ccfbdb25c90a9c751da24ab6daed9a78d4cd2d33db97,0,0,0,0,0
train,286,aircraft_surface_damage_crack_v2_0000286.jpg,train,20220424_140654_004_jpg.rf.5a488f03379d2fbc45d896289daeba94.jpg,20220424_140654_004,c330c3f6eaf0381bc7cbba6f13dcffdeccbec662080a8c7c6f37a587442b1831,0,0,0,0,0
train,287,aircraft_surface_damage_crack_v2_0000287.jpg,train,20220424_140654_004_jpg.rf.88a46c6282ac1d7e5b6103d756c6e003.jpg,20220424_140654_004,4c1b7f21be4a49183b2620063ace23b115080794ced938ae36ab36217d482574,0,0,0,0,0
train,288,aircraft_surface_damage_crack_v2_0000288.jpg,train,20220424_140654_004_jpg.rf.98a269f0c9d20d9af1ec2277f08d41ec.jpg,20220424_140654_004,e9035caa475f0d739282218db637eebc748b5b7c65af96fd1b9b259e30e526bb,0,0,0,0,0
train,289,aircraft_surface_damage_crack_v2_0000289.jpg,train,20220424_140654_005_jpg.rf.09605c86909221b0dd7664cef4670421.jpg,20220424_140654_005,9351686d693d0fa8ac81da722d986d9188cccbc6e847f638cc70324166268eb9,0,0,0,0,0
train,290,aircraft_surface_damage_crack_v2_0000290.jpg,train,20220424_140654_005_jpg.rf.33517af8ba2ba18342a54edb4d23726c.jpg,20220424_140654_005,0e131b2cbdcbfa43329aed61392314c76cdf884c1b3c20dbf58a283b63a10370,0,0,0,0,0
train,291,aircraft_surface_damage_crack_v2_0000291.jpg,train,20220424_140654_005_jpg.rf.a70b464486b48d76c9657d6022f96ecb.jpg,20220424_140654_005,98ab2d4391ff42a683bc23be2bd58243595b82099fa391266cab0d7390196784,0,0,0,0,0
train,292,aircraft_surface_damage_crack_v2_0000292.jpg,train,20220424_140654_006_jpg.rf.1a9e7fb7aae1191f4fdc4ed256614795.jpg,20220424_140654_006,19bb7e108854ab23251765bcdc33153291f9d72b6cc38bd8253b22ca77cc8506,0,0,0,0,0
train,293,aircraft_surface_damage_crack_v2_0000293.jpg,train,20220424_140654_006_jpg.rf.2c03af494806da6df3fe15bfed04499c.jpg,20220424_140654_006,51ea2d564ef7aa999534fd3db4e009fa8cfc1d5df1993e3eed48f159a47de625,0,0,0,0,0
train,294,aircraft_surface_damage_crack_v2_0000294.jpg,train,20220424_140654_006_jpg.rf.8c21b122af97d8f6a185098ce837ac18.jpg,20220424_140654_006,9599167cc7a150bc0d1c78736621a7fa008c13cdd267a1e875a9a1d1354610e7,0,0,0,0,0
train,295,aircraft_surface_damage_crack_v2_0000295.jpg,train,20220424_140654_007_jpg.rf.1eb6c324c7f908a1213af8b353034c6c.jpg,20220424_140654_007,776057b0f3a8e65821f8cf411a3f6a9efbab25d89cc3106d88e7d97671f3d136,0,0,0,0,0
train,296,aircraft_surface_damage_crack_v2_0000296.jpg,train,20220424_140654_007_jpg.rf.32e1f1dc3e5b1164ba9978979f3f53a0.jpg,20220424_140654_007,fddbd3339272b79ea13b9e049386a01416455114f3d5fcccfce204d6df3e7aad,0,0,0,0,0
train,297,aircraft_surface_damage_crack_v2_0000297.jpg,train,20220424_140654_007_jpg.rf.fb6b1fbb379545d709b83cb54de6a9a3.jpg,20220424_140654_007,4fc12bda056d2fc9921b511603087f3f6fd02c9f2b8fd20df162c21ef9fe71a8,0,0,0,0,0
train,298,aircraft_surface_damage_crack_v2_0000298.jpg,train,20220424_140654_025_jpg.rf.28f4da5a82729bb6ae5ae6ee66e0605b.jpg,20220424_140654_025,0e5889f2daf4e1eae182c2b08f90ecf70ef44476e09b3fd018a08e7070cc64b8,0,0,0,0,0
train,299,aircraft_surface_damage_crack_v2_0000299.jpg,train,20220424_140654_025_jpg.rf.c7e26fda1e63bc3b868bf346da780193.jpg,20220424_140654_025,0943512f7cd1f99b26503e3d6b0e1b7581726ffe98ff8b4105b48fec9fe6dbcc,0,0,0,0,0
train,300,aircraft_surface_damage_crack_v2_0000300.jpg,train,20220424_140654_025_jpg.rf.e8f2ef27a6b50a0d23541d1ecca42ecc.jpg,20220424_140654_025,cc270f9a16104433e829adfea8f9793c1aa2944274085cc8b9c40d0c9ad5c400,0,0,0,0,0
train,301,aircraft_surface_damage_crack_v2_0000301.jpg,train,20220424_140654_026_jpg.rf.8f9c1ec4d98db961d28fe4a3805e17f9.jpg,20220424_140654_026,c9c37f3254b664f1645e526f80496482647406af5b43cb8e74b9eabf4951e295,0,0,0,0,0
train,302,aircraft_surface_damage_crack_v2_0000302.jpg,train,20220424_140654_026_jpg.rf.9a2f7fe283582b78a3123eed9d61333e.jpg,20220424_140654_026,eb46a05569f9ac36a9967ab945d352b172d9d342f65077a597e6b281e7a89ee7,0,0,0,0,0
train,303,aircraft_surface_damage_crack_v2_0000303.jpg,train,20220424_140654_026_jpg.rf.ee01b6fb0c27df4bc9723cad1a0fd1e8.jpg,20220424_140654_026,6a0428acde676fe3e024e516d39047d70ebf24fdd7b47d87cb69aa29c0a0ce22,0,0,0,0,0
train,304,aircraft_surface_damage_crack_v2_0000304.jpg,train,20220424_140654_027_jpg.rf.3707a88302af873447598325d8242d80.jpg,20220424_140654_027,27fa8e3cbe14ec9b4d5a2e22cc0d3da6d8aaec637624dafbb0b0bacabbb65b00,0,0,0,0,0
train,305,aircraft_surface_damage_crack_v2_0000305.jpg,train,20220424_140654_027_jpg.rf.74ec0f0af0bebd9b7769b6b484d669c0.jpg,20220424_140654_027,55b7b791a6ff43909614fa57673a7d1b65a65ca549da2688d7dc0c50f830929c,0,0,0,0,0
train,306,aircraft_surface_damage_crack_v2_0000306.jpg,train,20220424_140654_027_jpg.rf.778e9f7c28adf3a8348d811158f69ced.jpg,20220424_140654_027,c4ac28be38080cfa16e9e8bd4d22af32ba77c975c1d738054bf87326da9ed2c4,0,0,0,0,0
train,307,aircraft_surface_damage_crack_v2_0000307.jpg,train,20220424_140654_028_jpg.rf.14fc46b74ceaaf90e33af954a02c5138.jpg,20220424_140654_028,b430a9df0edbb2e7488ec996a02e3706bdca0639676ad7a2dcea36997763eb9d,0,0,0,0,0
train,308,aircraft_surface_damage_crack_v2_0000308.jpg,train,20220424_140654_028_jpg.rf.2fb4b3fde5d21b955b9a32cb0db6862e.jpg,20220424_140654_028,52a48522ceaf1e3454146de8c98648efafee2e62179ca05f5d0f7a700655d759,0,0,0,0,0
train,309,aircraft_surface_damage_crack_v2_0000309.jpg,train,20220424_140654_028_jpg.rf.a29005aa554b9c1693866e93e175aa23.jpg,20220424_140654_028,562e925a7cc629ab1b564be7175dab5257937eec52cfe331029a6bb1ae65edb2,0,0,0,0,0
train,310,aircraft_surface_damage_crack_v2_0000310.jpg,train,20220424_140654_029_jpg.rf.40232f534f3878567be24876ef8f6a5b.jpg,20220424_140654_029,ae0cfbf9f9624b4a6b020f050306bcf1c76000c6793049f7f238429d5a7a7b21,0,0,0,0,0
train,311,aircraft_surface_damage_crack_v2_0000311.jpg,train,20220424_140654_029_jpg.rf.8673ef4a1667e0d52089776bdd5f2ee4.jpg,20220424_140654_029,6db6f9c25eb27583eaa96bb4c91ce7702ff1478c838bc188bff543cd73727f2b,0,0,0,0,0
train,312,aircraft_surface_damage_crack_v2_0000312.jpg,train,20220424_140654_029_jpg.rf.bf477607c614609d4f5517d990fae681.jpg,20220424_140654_029,4173b13597e374ce6e29a60be6ede164a2cfe2f209499cb2e55da48fe2343c34,0,0,0,0,0
train,313,aircraft_surface_damage_crack_v2_0000313.jpg,train,20220424_140654_030_jpg.rf.517dd938e0418e4d1e6fe393bb9657d5.jpg,20220424_140654_030,f88d7fe9b5ee9959f174272bf802e07283b3d62bf02b3f2fc907ce8e8355406b,0,0,0,0,0
train,314,aircraft_surface_damage_crack_v2_0000314.jpg,train,20220424_140654_030_jpg.rf.5fc695d9db7a56ac98f094cd669a3ffe.jpg,20220424_140654_030,881d075728ca30ecb45957674bbe27d548d53a0f9ad9cf7f09057e3f173abe12,0,0,0,0,0
train,315,aircraft_surface_damage_crack_v2_0000315.jpg,train,20220424_140654_030_jpg.rf.e6aa6ee5a3af12e74f8e5efb2d1f52fc.jpg,20220424_140654_030,7c7134c085879f3f802a254b1847d27ba07946292616f10c3125174da6e15453,0,0,0,0,0
train,316,aircraft_surface_damage_crack_v2_0000316.jpg,train,20220424_140702_001_jpg.rf.160807b7804a9859786f1a5f21077159.jpg,20220424_140702_001,074aa1bf7a55d74d04db0bdd07aa327beb8ca0ee4c4cbad126e45b81497e207c,0,0,0,0,0
train,317,aircraft_surface_damage_crack_v2_0000317.jpg,train,20220424_140702_001_jpg.rf.4b1779ca981b2807915e4eecacd6455e.jpg,20220424_140702_001,d0ffb3b528222d6b93b580cd831edeaf3e5a9f80adec2d335e8a1fd8cff1f2d1,0,0,0,0,0
train,318,aircraft_surface_damage_crack_v2_0000318.jpg,train,20220424_140702_001_jpg.rf.be8bbbfeaf6fa7d4191c8d8e26fcdf9b.jpg,20220424_140702_001,dd608766ceab0a4ab6956896d97224a217ea3eb7f8ed3b555e78561a8b2fb473,0,0,0,0,0
train,319,aircraft_surface_damage_crack_v2_0000319.jpg,train,20220424_140702_002_jpg.rf.1233b615bd37f4ae6f5f0afa9a46788c.jpg,20220424_140702_002,059f730ea9581068d6abff253624ddb7bcb9668f5a269cae6631b4bd8ef1abe1,0,0,0,0,0
train,320,aircraft_surface_damage_crack_v2_0000320.jpg,train,20220424_140702_002_jpg.rf.ad848645037ab90cc9f31073e891fe0c.jpg,20220424_140702_002,fda69084803e5ab0baff70e61c57f3b1cdde3b22ac0e2174a4a94be4082f170d,0,0,0,0,0
train,321,aircraft_surface_damage_crack_v2_0000321.jpg,train,20220424_140702_002_jpg.rf.d98a400911ae9117236f50f9de1afe17.jpg,20220424_140702_002,5ec56de86c115f2a4ca961c53b8b6d66552916b3a01d7e113dd928543515e853,0,0,0,0,0
train,322,aircraft_surface_damage_crack_v2_0000322.jpg,train,20220424_140702_003_jpg.rf.1132d8e42341674ba652e29c50a604bf.jpg,20220424_140702_003,fd29d7b67a34433cce59c4fa57c71d7a3223382f47fbb50789d333232a1aae86,0,0,0,0,0
train,323,aircraft_surface_damage_crack_v2_0000323.jpg,train,20220424_140702_003_jpg.rf.4cee84bfee163e0c3265d725fcf47285.jpg,20220424_140702_003,86a7946a9709de24690486fc26bc0e7ebece3aa8bbcee59299f503db66fc04ff,0,0,0,0,0
train,324,aircraft_surface_damage_crack_v2_0000324.jpg,train,20220424_140702_003_jpg.rf.ebbcb5ff46ae52e15d72290863ceeb28.jpg,20220424_140702_003,c7bcabfdea5483c984939830ea3ff504d1d096062984bcc916e225f1f45aca5f,0,0,0,0,0
train,325,aircraft_surface_damage_crack_v2_0000325.jpg,train,20220424_140702_004_jpg.rf.700d32842c635a4249f914231b98f89a.jpg,20220424_140702_004,f46d80045c08fae11cb256cd54490974ea308350a28dedacf5eb610d03ed15bc,0,0,0,0,0
train,326,aircraft_surface_damage_crack_v2_0000326.jpg,train,20220424_140702_004_jpg.rf.7268fc9ae6edcb48895834b3d1817b6b.jpg,20220424_140702_004,f65e0c024ce2874105e373f276196a685f951154cfc14bae072db66894459503,0,0,0,0,0
train,327,aircraft_surface_damage_crack_v2_0000327.jpg,train,20220424_140702_004_jpg.rf.d56ad73032e56e474012c4a30b06cd89.jpg,20220424_140702_004,602f4d057d7252300ac23403e1751d6992183de47ff15b00876430f0df88bb73,0,0,0,0,0
train,328,aircraft_surface_damage_crack_v2_0000328.jpg,train,20220424_140702_005_jpg.rf.079f59e62e65c7f5eb80f4c057350adf.jpg,20220424_140702_005,a246565c7a3ca24a44fce19de74f47bc30870531f221f986ba7853694745910e,0,0,0,0,0
train,329,aircraft_surface_damage_crack_v2_0000329.jpg,train,20220424_140702_005_jpg.rf.36da38c05d7f490a414779bf9b6c1407.jpg,20220424_140702_005,bbc5149afd48548efe885076155d17912b0fee6979d87a48ed7f4b2a876455e2,0,0,0,0,0
train,330,aircraft_surface_damage_crack_v2_0000330.jpg,train,20220424_140702_005_jpg.rf.bbd27aea9438bcb652c1b6da336d6446.jpg,20220424_140702_005,3864142d0add947dc087f8ade7b7ba084dc102c5014a505203dd79d24e77ef56,0,0,0,0,0
train,331,aircraft_surface_damage_crack_v2_0000331.jpg,train,20220424_140702_006_jpg.rf.96142b295a85f0c1a2d93ad25f4bad3e.jpg,20220424_140702_006,752c8b7be54c8903a4c2437176f0671de417c5eac963bf128cb9ccd191e4a0dd,0,0,0,0,0
train,332,aircraft_surface_damage_crack_v2_0000332.jpg,train,20220424_140702_006_jpg.rf.9dfb7d4a630ccb964b7e8a9229a6e2da.jpg,20220424_140702_006,415357cc8a8bc11a918ded2d68109a9a591cf00703257cf790427db9f4ca282d,0,0,0,0,0
train,333,aircraft_surface_damage_crack_v2_0000333.jpg,train,20220424_140702_006_jpg.rf.f4d73fad696808899862bec668a33aa3.jpg,20220424_140702_006,04d0c14646040b7aa31695f04ea11c9a4586aaf664afaaf7d23c92dbe7a33574,0,0,0,0,0
train,334,aircraft_surface_damage_crack_v2_0000334.jpg,train,20220424_140702_007_jpg.rf.6f2b847ca30b74f9f9d5b5817c7c4475.jpg,20220424_140702_007,ab762b0f6da712dee4568bec34a9684f83a4abdca6da3fc0e0aff07d1aa36ae2,0,0,0,0,0
train,335,aircraft_surface_damage_crack_v2_0000335.jpg,train,20220424_140702_007_jpg.rf.85da67be5948bde26252ab43fc31e706.jpg,20220424_140702_007,c96a02454d5f69ed0a0ef48d36ba7227ed44c11a6775917e716cffd36dfe16f9,0,0,0,0,0
train,336,aircraft_surface_damage_crack_v2_0000336.jpg,train,20220424_140702_007_jpg.rf.c474f62567c77f59f665327912d94e73.jpg,20220424_140702_007,8764b137de34a90dd328bbf35c857945c21a4b33770fd28b7bc4d2024a29e125,0,0,0,0,0
train,337,aircraft_surface_damage_crack_v2_0000337.jpg,train,20220424_140702_008_jpg.rf.05ac494b7e06c8f7ed30fe0068987264.jpg,20220424_140702_008,2c3d0a0cb3ed6c31c6ca56b0ee3a60ea92b42caad5b43dac8361c0e449ceeae3,0,0,0,0,0
train,338,aircraft_surface_damage_crack_v2_0000338.jpg,train,20220424_140702_008_jpg.rf.c046164c1b703dd2697c450d2f572aa3.jpg,20220424_140702_008,a607a739ff8f20da74e66cfb442954c9ae541f227438171046458b29eb46fac9,0,0,0,0,0
train,339,aircraft_surface_damage_crack_v2_0000339.jpg,train,20220424_140702_008_jpg.rf.e6d5d738209f5d07e97ad4760361dfb6.jpg,20220424_140702_008,287a595290dc0208dc19b4b862392d9ed8e6156c587482c8017f5f8a79498516,0,0,0,0,0
train,340,aircraft_surface_damage_crack_v2_0000340.jpg,train,20220424_140702_009_jpg.rf.30b837df6ce9ecb09507de095d31a259.jpg,20220424_140702_009,cf9ca0f04231bcc72055e43a04684cf93378ce736a3df236991a5ac2c80227d6,0,0,0,0,0
train,341,aircraft_surface_damage_crack_v2_0000341.jpg,train,20220424_140702_009_jpg.rf.6c707ab0a4b12f91790dd95ad4e3eb31.jpg,20220424_140702_009,6063a0e464cf64378d9aca1a84af3cf3e55f35b2f80961e5fbc062b25b7ea77f,0,0,0,0,0
train,342,aircraft_surface_damage_crack_v2_0000342.jpg,train,20220424_140702_009_jpg.rf.a2dcace42f95a456fb95d853759be841.jpg,20220424_140702_009,fa669d065261897d6f904f2a6c2a1b4222c3d5338565993fd32efbf91c03758a,0,0,0,0,0
train,343,aircraft_surface_damage_crack_v2_0000343.jpg,train,20220424_140702_010_jpg.rf.2b0b63812afe6b50a9600cb7077ed369.jpg,20220424_140702_010,e3a0869be57a588fe0fd233ccc68971d3ecf82fdc13737d01deee926894db372,0,0,0,0,0
train,344,aircraft_surface_damage_crack_v2_0000344.jpg,train,20220424_140702_010_jpg.rf.2d1ee847a8798e9c386cfd427ca81174.jpg,20220424_140702_010,f001a98872579e7312e93f1b0b57ef8c7d701298f326a6e113cbb243ab82980e,0,0,0,0,0
train,345,aircraft_surface_damage_crack_v2_0000345.jpg,train,20220424_140702_010_jpg.rf.e08f7dde68a3e004292fa6243f0fab13.jpg,20220424_140702_010,f69c7a677192ca32cf3d096e41bcbd65ad359410076166b50f1241ae99bc540d,0,0,0,0,0
train,346,aircraft_surface_damage_crack_v2_0000346.jpg,train,20220424_140702_011_jpg.rf.092cdf58acd32eef8f98bed286264490.jpg,20220424_140702_011,40c75b3527f77750f1395f423b0bfc80e99f2bab28d5183be43001ae5e9d4f78,0,0,0,0,0
train,347,aircraft_surface_damage_crack_v2_0000347.jpg,train,20220424_140702_011_jpg.rf.44fd2dc33b1047e64c96f6605a597e72.jpg,20220424_140702_011,845016b32de008e7e60054ae2941bd8781a87db93579ef967c281caf00cee6db,0,0,0,0,0
train,348,aircraft_surface_damage_crack_v2_0000348.jpg,train,20220424_140702_011_jpg.rf.b7139306260c338555de8d8fff168198.jpg,20220424_140702_011,2404accb85dfd774dca59aea92e2f951b39bbcc614b6046170690fb3c4ae4f64,0,0,0,0,0
train,349,aircraft_surface_damage_crack_v2_0000349.jpg,train,20220424_140702_017_jpg.rf.7dcfd83e581f8d9908a08e29826f7103.jpg,20220424_140702_017,d026ee4c65da0bbc55d6539e6109827d98f705bbd4668209b90ffffa33755e89,0,0,0,0,0
train,350,aircraft_surface_damage_crack_v2_0000350.jpg,train,20220424_140702_017_jpg.rf.90490ffc55338c43cb698b03758cfe9b.jpg,20220424_140702_017,846e535bbd1bf76921631d70d0677f6b0fcb0a65fe643e921ea3968d4ab24ac8,0,0,0,0,0
train,351,aircraft_surface_damage_crack_v2_0000351.jpg,train,20220424_140702_017_jpg.rf.cecf47e12019b622f7c019569ae4e304.jpg,20220424_140702_017,543678beb471ae702f22ecaf15a967538bde06619620a4b799b74069a64bbf1f,0,0,0,0,0
train,352,aircraft_surface_damage_crack_v2_0000352.jpg,train,20220424_140702_018_jpg.rf.59ad93bdb55c68ef90890aa20a95493f.jpg,20220424_140702_018,f3b87c44843919988d5d43c21718410f267d8eadfec64add3336446eac82b3d7,0,0,0,0,0
train,353,aircraft_surface_damage_crack_v2_0000353.jpg,train,20220424_140702_018_jpg.rf.a1b66e21da9019640890949d904aa95a.jpg,20220424_140702_018,ac4288356ca76b67649deaf3cdb631fc4341686fd99e301a98fa2622b0055309,0,0,0,0,0
train,354,aircraft_surface_damage_crack_v2_0000354.jpg,train,20220424_140702_018_jpg.rf.ac03b7b3744eab1a0be6675e774d13e1.jpg,20220424_140702_018,da1be50d48dfc0bc28cab9e97f7a09e1981b0e8c1c77bed3f31c20f9292cd6b4,0,0,0,0,0
train,355,aircraft_surface_damage_crack_v2_0000355.jpg,train,20220424_140702_019_jpg.rf.047f015dd10c20f3dd6c25f6c22641d8.jpg,20220424_140702_019,60e958b4cfe1089770b02025af489cfb12ff5953426878acf31e5d717e5c1b2f,0,0,0,0,0
train,356,aircraft_surface_damage_crack_v2_0000356.jpg,train,20220424_140702_019_jpg.rf.81ad19662b1cc2d7d5f18c48806ad180.jpg,20220424_140702_019,93996e127219ba034c1675987fa6b583d524508b27f40530a68afc41c5da829d,0,0,0,0,0
train,357,aircraft_surface_damage_crack_v2_0000357.jpg,train,20220424_140702_019_jpg.rf.b496f6d37c7b92154bb4b4bb0316c1d7.jpg,20220424_140702_019,2944d57b2dba589c4b188ae42fcd74b1798034410dca177aad6603be5160c7a5,0,0,0,0,0
train,358,aircraft_surface_damage_crack_v2_0000358.jpg,train,20220424_140702_020_jpg.rf.35b2bab1675c682c365102050decee67.jpg,20220424_140702_020,5ec0f714a4eb173561f6f67c616bd0c82f4ca0c2fc89e277cf47c94f65f31f87,0,0,0,0,0
train,359,aircraft_surface_damage_crack_v2_0000359.jpg,train,20220424_140702_020_jpg.rf.494f359d83f8fa3da8ab157b9d4f10d6.jpg,20220424_140702_020,d182be0e49af32d66292281b192666e04761052ac39caa2115e9962dc21b4219,0,0,0,0,0
train,360,aircraft_surface_damage_crack_v2_0000360.jpg,train,20220424_140702_020_jpg.rf.f895d3cfdb989b8dcb53695bde8729d2.jpg,20220424_140702_020,5ac60e8e5ea6ebfdb3947d9fe31dd3e2304f10cd366e6b17c69e481c22c48b94,0,0,0,0,0
train,361,aircraft_surface_damage_crack_v2_0000361.jpg,train,20220424_140702_021_jpg.rf.74dcc94123a694a29c33c40e58c89c60.jpg,20220424_140702_021,9dfc415fb6e782f68c44432dc73c8bb810091e8a3938fe0a6625ef6a4646ba54,0,0,0,0,0
train,362,aircraft_surface_damage_crack_v2_0000362.jpg,train,20220424_140702_021_jpg.rf.b87b4a1c18c81d9138c2bbc702820759.jpg,20220424_140702_021,f1e048911d82fb947eac7b1741dfe2cdb48cbd43660562ad75c0da9297b4d625,0,0,0,0,0
train,363,aircraft_surface_damage_crack_v2_0000363.jpg,train,20220424_140702_021_jpg.rf.e2476104acd9261bbcd485b684d0505f.jpg,20220424_140702_021,010d3b072b0f8988ac240f852e45f49eb5deba522015e4b7a503d3b6bc9e2e37,0,0,0,0,0
train,364,aircraft_surface_damage_crack_v2_0000364.jpg,train,20220424_140702_022_jpg.rf.3e93c266796fd3d39ca949e21e1d399b.jpg,20220424_140702_022,07722a54c320b727994e8a993147138e29445b374baebb013eb945c8a5023ea5,0,0,0,0,0
train,365,aircraft_surface_damage_crack_v2_0000365.jpg,train,20220424_140702_022_jpg.rf.3f7de18ac94e4d86694b49231f69629d.jpg,20220424_140702_022,a72c36bce861117d771c71fb26860c5ba757dc2bae9c0f74d327ef6576bea371,0,0,0,0,0
train,366,aircraft_surface_damage_crack_v2_0000366.jpg,train,20220424_140702_022_jpg.rf.9b19ebe718693cd4dabd38d88abfc8b7.jpg,20220424_140702_022,ea48a43a6add77ce9f50c8cd9003b9369343635679cb36de29d70d28f2787bcf,0,0,0,0,0
train,367,aircraft_surface_damage_crack_v2_0000367.jpg,train,20220424_140702_023_jpg.rf.1ea98e40f9d2e305e4b5c194d8cc504f.jpg,20220424_140702_023,8c1ab57cbccf2ee630e1b5efa1d6e96acd66bec17efddc8e0a6adce565a10ae7,0,0,0,0,0
train,368,aircraft_surface_damage_crack_v2_0000368.jpg,train,20220424_140702_023_jpg.rf.659ca0c33df802d2aba374ecfe9bdeb2.jpg,20220424_140702_023,ae70a376c838bbba3c8355af95d8fadc0a5cb0f2e91cfac89626115aeb827f98,0,0,0,0,0
train,369,aircraft_surface_damage_crack_v2_0000369.jpg,train,20220424_140702_023_jpg.rf.73e974c7f894fc14bd98b1ea80ec693e.jpg,20220424_140702_023,68299b684d7971e0836be97fb63551b717f3f9b7bb85c0b4c0e55ea3e937c54e,0,0,0,0,0
train,370,aircraft_surface_damage_crack_v2_0000370.jpg,train,20220424_140702_024_jpg.rf.3cf0aca0060850eb998ce8444e6ac92b.jpg,20220424_140702_024,4af89e91ffdaaa4e682b23ed525d2dd783dadd24a98d9dcb1aff434a74979605,0,0,0,0,0
train,371,aircraft_surface_damage_crack_v2_0000371.jpg,train,20220424_140702_024_jpg.rf.76b37fdadd26ca46a537dec0c695bf96.jpg,20220424_140702_024,7a531cae27234f60eb905cd2db3c757313805b77476f16661c0eb95102d412b9,0,0,0,0,0
train,372,aircraft_surface_damage_crack_v2_0000372.jpg,train,20220424_140702_024_jpg.rf.b96ed4ad45ac1b722df54ecad612b2ee.jpg,20220424_140702_024,fbca471e0ff690ec61bbaca1c8f2a3495f0273248578967131d7b6f8cee989d0,0,0,0,0,0
train,373,aircraft_surface_damage_crack_v2_0000373.jpg,train,4_jpg.rf.38fa9e4bfe3adc4073de4508c1dc1ceb.jpg,4,8cbe2cdb21c805f7c4c41ca6f1d870ee33b04cb38cdbae11c680f6249418e774,0,0,0,0,0
train,374,aircraft_surface_damage_crack_v2_0000374.jpg,train,4_jpg.rf.4303a0c28e55aa33ef955adea44961c8.jpg,4,57bb98909fd2bb2d76e5f421ccc1439f0c0ce104a0577235c9553139b54a5c07,0,0,0,0,0
train,375,aircraft_surface_damage_crack_v2_0000375.jpg,train,4_jpg.rf.ddf99bc734ade052fc31f71df2ba799f.jpg,4,8f4a14b62a1b38c6fb8a1c09ef8b142368c32d4034fff2a84d8247c821dbfd4d,0,0,0,0,0
train,376,aircraft_surface_damage_crack_v2_0000376.jpg,train,41017_gbgwr800013arssbnir_294785_crop_jpg.rf.4133197bc6c73e0841be2c153b9b657a.jpg,41017_gbgwr800013arssbnir_294785_crop,ff94b2e8f1788eacdc7dda13b8ee2c30fd1ec31b3fe62d328e246e5cd2297af4,1,1,0,0,1
train,377,aircraft_surface_damage_crack_v2_0000377.jpg,train,41017_gbgwr800013arssbnir_294785_crop_jpg.rf.7e9fadbeb726e42298eb58ee36fd4de4.jpg,41017_gbgwr800013arssbnir_294785_crop,f5c639629bc68f8e11a9dcb74c6058c19f8c2c6763dce6c9eb9dc0a671f08381,1,1,0,0,1
train,378,aircraft_surface_damage_crack_v2_0000378.jpg,train,41017_gbgwr800013arssbnir_294785_crop_jpg.rf.da8ea208642a2748ab258ef979b9db0b.jpg,41017_gbgwr800013arssbnir_294785_crop,8ee72ca24fcccde70faebe7b14ee9f18d03307a2b8249d6d15dbdfcb09b8c6b8,1,1,0,0,1
train,379,aircraft_surface_damage_crack_v2_0000379.jpg,train,44762-c4c55ecc7eb41a4a32a18009f3866df9_jpg.rf.6fcbe037e3e4f3c21c6c3c71f56c9d24.jpg,44762-c4c55ecc7eb41a4a32a18009f3866df9,4cc4586c78c333b30564d0d178c66b0f855084ab2c1b446cf90dd9d3c6e15705,1,2,1,1,0
train,380,aircraft_surface_damage_crack_v2_0000380.jpg,train,44762-c4c55ecc7eb41a4a32a18009f3866df9_jpg.rf.a155b263400c0f10cd5683c193cee78f.jpg,44762-c4c55ecc7eb41a4a32a18009f3866df9,a16823f82fa77d7535dd8d1d460a227e4bc9624a486c39cc18aa82ec8ba9a970,1,2,1,0,1
train,381,aircraft_surface_damage_crack_v2_0000381.jpg,train,44762-c4c55ecc7eb41a4a32a18009f3866df9_jpg.rf.eb6adbe03ec56c5230c03b2552cb7de2.jpg,44762-c4c55ecc7eb41a4a32a18009f3866df9,dc74206af8e4d98d32eedb46de81b4cceffdcf9ddab5cc2b1a18af9c36ed0c05,1,2,1,1,0
train,382,aircraft_surface_damage_crack_v2_0000382.jpg,train,4NRWU7AUXNKFPOSDMWQK3LP2ZE_jpg.rf.1f336a954581f165993856c3f8fc31f7.jpg,4nrwu7auxnkfposdmwqk3lp2ze,da8e6c46b370c8d4a5338c0b78b8ef111116391b6e94e1bffc7886bf11420657,1,1,0,0,1
train,383,aircraft_surface_damage_crack_v2_0000383.jpg,train,4NRWU7AUXNKFPOSDMWQK3LP2ZE_jpg.rf.7e5ed1f727601fbd7720fb331a714b5b.jpg,4nrwu7auxnkfposdmwqk3lp2ze,a0412f3682fd0f11ee97fd33c7f8d41af855baabb666cd51df020e76a16373c6,1,1,0,0,1
train,384,aircraft_surface_damage_crack_v2_0000384.jpg,train,4NRWU7AUXNKFPOSDMWQK3LP2ZE_jpg.rf.e396154f474e2158538fd5c541696254.jpg,4nrwu7auxnkfposdmwqk3lp2ze,c4437cf8e495c2c3de8ed0025f0d25b72c0137d9b61581dee3154fc792de1f5b,1,1,0,0,1
train,385,aircraft_surface_damage_crack_v2_0000385.jpg,train,6-1-_jpg.rf.50c6f5aa52df0ed14f007b7a604fa595.jpg,6-1-,766f0735f2c50e6d111c0280a4744b1f39e7cbce47733ee8efa1d8e8f788489b,1,2,1,0,1
train,386,aircraft_surface_damage_crack_v2_0000386.jpg,train,6-1-_jpg.rf.8724fd586a560bc7b2e375f9763aa874.jpg,6-1-,12af6d5387fa44fe9c2085426f0aa63b18395786796cdb95e7f92ede9e429a46,1,2,1,0,1
train,387,aircraft_surface_damage_crack_v2_0000387.jpg,train,6-1-_jpg.rf.e1e8ff6c37dcaef137c9c358de2e365b.jpg,6-1-,f44fbad99d809616d85aec705790e5b0064905f53d86d23cdfb5efe9a8712283,1,2,1,0,1
train,388,aircraft_surface_damage_crack_v2_0000388.jpg,train,66690_westjetencoreq400damage_270137_jpg.rf.6b381d374abb533d06d32f9b4138968c.jpg,66690_westjetencoreq400damage_270137,3215d5d3cb82c1f7e46de0b789b3744e0ae9d6c49fc040d2d0ab516f2f80774b,0,0,0,0,0
train,389,aircraft_surface_damage_crack_v2_0000389.jpg,train,66690_westjetencoreq400damage_270137_jpg.rf.8883a2accb8991f951a60d5f2b54b6bb.jpg,66690_westjetencoreq400damage_270137,ae3a8c965778b170a2e0cc67f1c303756b48483fa3cac855dd26d058e8155a1b,0,0,0,0,0
train,390,aircraft_surface_damage_crack_v2_0000390.jpg,train,66690_westjetencoreq400damage_270137_jpg.rf.de0ed8ce7ad5bd857b9fd2ef62b37e0e.jpg,66690_westjetencoreq400damage_270137,ae704df5c5fde20095017096ddf30ef35914512b30abb9b26c3dd7de4af0cc8e,0,0,0,0,0
train,391,aircraft_surface_damage_crack_v2_0000391.jpg,train,8_jpg.rf.58aa9489c8d1f085a1888f528f62d013.jpg,8,1a06e94422559eb6b725e5cabe7ad7af9745fdf4bf0618b0b07f4184e226865f,1,1,0,0,1
train,392,aircraft_surface_damage_crack_v2_0000392.jpg,train,8_jpg.rf.9dd2bf33ece8355464d2fd953fd3f135.jpg,8,ba2200d66d57f831f7e9e614c2ee5642fadbf8ae52cba13701531cee366626fa,1,1,0,0,1
train,393,aircraft_surface_damage_crack_v2_0000393.jpg,train,8_jpg.rf.e5fbaab005b604d5f8dc96ae99630dd5.jpg,8,e67e067d6ec0d203a2b55bf261afb0ada30d2b2a422814f39cca07aa47d316c0,1,1,0,0,1
train,394,aircraft_surface_damage_crack_v2_0000394.jpg,train,9WJFR_jpg.rf.0e291ea82fa4b440aa9840131d7290f1.jpg,9wjfr,ab382d6954c6887e76ee99a0347b06f783a6d4d9bc595426d787d02fb3ae2341,1,1,0,0,1
train,395,aircraft_surface_damage_crack_v2_0000395.jpg,train,9WJFR_jpg.rf.37fbb2ea230495d4af92e9ca144c59cb.jpg,9wjfr,cafa2632e7aeea9fbae4c21391adc54c497f11daae1fa50db54e13a00cc59f6f,1,1,0,0,1
train,396,aircraft_surface_damage_crack_v2_0000396.jpg,train,9WJFR_jpg.rf.500d618fc17e848c658a78b25b6597c7.jpg,9wjfr,d611a798f38ee4dcaaf34fc17b1e68f84fe0ddb478325f1091321bbc0512878b,1,1,0,0,1
train,397,aircraft_surface_damage_crack_v2_0000397.jpg,train,a0a6a9bd_342e_49c8_bb81_aff34c1884b4_f8fafc9e14d78d749effcce0bb27c750ae0bce11-1-_jpeg_jpg.rf.5d2bb1c8e43db9e7e9d1b0ae1d3a6b83.jpg,a0a6a9bd_342e_49c8_bb81_aff34c1884b4_f8fafc9e14d78d749effcce0bb27c750ae0bce11-1-_jpeg,14cdde5da90b7ed8f11e409d5a3eb3b651489e7a42e2799e3e0fddaf887391ce,1,1,0,0,1
train,398,aircraft_surface_damage_crack_v2_0000398.jpg,train,a0a6a9bd_342e_49c8_bb81_aff34c1884b4_f8fafc9e14d78d749effcce0bb27c750ae0bce11-1-_jpeg_jpg.rf.9781ccea3f1ba0c1ed760e748a21a0bd.jpg,a0a6a9bd_342e_49c8_bb81_aff34c1884b4_f8fafc9e14d78d749effcce0bb27c750ae0bce11-1-_jpeg,8a01c958e47ff944f7a2bd781d93f0d45789394e88dc0069b1f78901326c23f2,1,1,0,0,1
train,399,aircraft_surface_damage_crack_v2_0000399.jpg,train,a0a6a9bd_342e_49c8_bb81_aff34c1884b4_f8fafc9e14d78d749effcce0bb27c750ae0bce11-1-_jpeg_jpg.rf.d0182a978861f79193f40c8198800dd3.jpg,a0a6a9bd_342e_49c8_bb81_aff34c1884b4_f8fafc9e14d78d749effcce0bb27c750ae0bce11-1-_jpeg,482293bf9927a182440021c0795918d9f92d0bfa1421dd0dcb7f2cbb7062e399,1,1,0,0,1
train,400,aircraft_surface_damage_crack_v2_0000400.jpg,train,Accidental-damage-in-aircraft-structures-resulting-from-ground-vehicles_png_jpg.rf.168d2516d3e32edbf01b1b6990d3c4ba.jpg,accidental-damage-in-aircraft-structures-resulting-from-ground-vehicles_png,53770343d3fbf4f388cf0df4ee1e3d451d76e0f7721ab16c574da574cbe71f30,0,0,0,0,0
train,401,aircraft_surface_damage_crack_v2_0000401.jpg,train,Accidental-damage-in-aircraft-structures-resulting-from-ground-vehicles_png_jpg.rf.21ae6ec7c612dbce6e3b1efa56f7428d.jpg,accidental-damage-in-aircraft-structures-resulting-from-ground-vehicles_png,6e44f2a84e0831f4a05e4bb7db8bd2ba0517c6069f43be6e9d90aa381bcd8d5f,0,0,0,0,0
train,402,aircraft_surface_damage_crack_v2_0000402.jpg,train,Accidental-damage-in-aircraft-structures-resulting-from-ground-vehicles_png_jpg.rf.3eb5ede6d9dd05b2299206e8d3746302.jpg,accidental-damage-in-aircraft-structures-resulting-from-ground-vehicles_png,2cfd1605aa59b804ef1f0b23959c095d5ca63066201e38b75e273e86af4299a8,0,0,0,0,0
train,403,aircraft_surface_damage_crack_v2_0000403.jpg,train,ao2008059_fig8_jpg.rf.67ae4c587df2b08d2054e5f4a1ae4c5b.jpg,ao2008059_fig8,01f53122d12642c219c37a3c3f26dbe6c8bf4c765d7a34077057024c0abf1e00,1,1,0,1,0
train,404,aircraft_surface_damage_crack_v2_0000404.jpg,train,ao2008059_fig8_jpg.rf.7f95ac8ba3bbafc384605c0c689ec49d.jpg,ao2008059_fig8,9cdfe0a8ed3461d12ed261aeef9be1a061385ea798e6e9c78af6cad716d50004,1,1,1,0,0
train,405,aircraft_surface_damage_crack_v2_0000405.jpg,train,ao2008059_fig8_jpg.rf.c99b55cd69c75b11bfb12ae0f071c960.jpg,ao2008059_fig8,73ff1711179dcbb8cb209fdb209ab4a858fa9b47008c43844d10caa493154072,1,1,1,0,0
train,406,aircraft_surface_damage_crack_v2_0000406.jpg,train,article-0-1EB878FE00000578-852_634x423_jpg.rf.1dbfdc2ada0ce3f91aeebbaf684ff553.jpg,article-0-1eb878fe00000578-852_634x423,91cff2bb0bc065f96b07f424f8ae2ac08b329a13188a62f1f1102d8c25ebcbca,1,1,0,1,0
train,407,aircraft_surface_damage_crack_v2_0000407.jpg,train,article-0-1EB878FE00000578-852_634x423_jpg.rf.77b977e1782952944848c867b71eba93.jpg,article-0-1eb878fe00000578-852_634x423,c85de2bd6b0b607ef1e498b9b1023c711029186c55edb6833771f534bb5955ab,1,1,0,1,0
train,408,aircraft_surface_damage_crack_v2_0000408.jpg,train,article-0-1EB878FE00000578-852_634x423_jpg.rf.c22b26f14f05369b6200294d23d9303a.jpg,article-0-1eb878fe00000578-852_634x423,f29274090b1b936b4af77316ae2efbbf270dfd36590a6b138351e8460d449f3b,1,1,0,1,0
train,409,aircraft_surface_damage_crack_v2_0000409.jpg,train,Bird-strike-smashes-Turkish-Airlines-plane-nose_jpg.rf.7b5aa7a74d065c52c99b18a4148dfa19.jpg,bird-strike-smashes-turkish-airlines-plane-nose,d3d433751b9d51e9d4647b37da6d896ade78aed5764cb80ec47bddd2f469d6cc,1,1,1,0,0
train,410,aircraft_surface_damage_crack_v2_0000410.jpg,train,Bird-strike-smashes-Turkish-Airlines-plane-nose_jpg.rf.e321e9e32f1f588f069f6b57dd1ef308.jpg,bird-strike-smashes-turkish-airlines-plane-nose,6864e88e39eff3329827ffdac27e92a15c31c48a869cafc05d9fe46fcf063ca6,1,1,0,1,0
train,411,aircraft_surface_damage_crack_v2_0000411.jpg,train,Bird-strike-smashes-Turkish-Airlines-plane-nose_jpg.rf.eaee0a19a4ef866f775b171bed3c1b1a.jpg,bird-strike-smashes-turkish-airlines-plane-nose,6be40fbf58141c4e78e44758fc25ea90309bfbc42b1f8026e8cfd8c276243edb,1,1,0,1,0
train,412,aircraft_surface_damage_crack_v2_0000412.jpg,train,bonnetdent5_jpg.rf.1be1d919fe6bdd3835b619c9f1dc3429.jpg,bonnetdent5,1293b820e9be00d8c6ba302980f9d9ba2c40ec0864f6bc855f6f718396dd94cd,0,0,0,0,0
train,413,aircraft_surface_damage_crack_v2_0000413.jpg,train,bonnetdent5_jpg.rf.1e63bed5df042a2bcdd952862c14b00c.jpg,bonnetdent5,c7a6e05dc00e03302c3ac414c62e493159a86341b24ad4d623d895b59178ed13,0,0,0,0,0
train,414,aircraft_surface_damage_crack_v2_0000414.jpg,train,bonnetdent5_jpg.rf.3bfef5dc0e89b04fdbf127cde639fccb.jpg,bonnetdent5,a87893a2949cdb0a6e11d38246bd053cb65e88784d71608e320e34e188a38097,0,0,0,0,0
train,415,aircraft_surface_damage_crack_v2_0000415.jpg,train,bottom-repair_jpg.rf.56110a6fe06361dfdbd174a960e01323.jpg,bottom-repair,af1e0e65f8ea8b5de599ab477bc29125ead3fa62298f06d3d288d01ccb328ba1,1,1,0,0,1
train,416,aircraft_surface_damage_crack_v2_0000416.jpg,train,bottom-repair_jpg.rf.5e97b64c4de7b365da1be8b535610482.jpg,bottom-repair,eb961c5fe06c9887c77b50add599a78bc55f8837998e5ccc1f0a40dd2eb9fcbb,1,1,0,0,1
train,417,aircraft_surface_damage_crack_v2_0000417.jpg,train,bottom-repair_jpg.rf.bc8762675aef7615605a32ddb3d278f1.jpg,bottom-repair,772c94d95eb4befba296cdcda4c4ed17e5145c51298b3954611d9691c7e33b15,1,1,0,0,1
train,418,aircraft_surface_damage_crack_v2_0000418.jpg,train,bump-on-car-with-silver-paint-royalty-free-image-851868276-1557340955_jpg.rf.1034f86531883abb6225661c9df1c80c.jpg,bump-on-car-with-silver-paint-royalty-free-image-851868276-1557340955,c08fd9d46380f3027921d0f2733ebd32fa50a7669aab948173421e6abc8678b9,0,0,0,0,0
train,419,aircraft_surface_damage_crack_v2_0000419.jpg,train,bump-on-car-with-silver-paint-royalty-free-image-851868276-1557340955_jpg.rf.9707be0f6113a717122bb5e369af3db4.jpg,bump-on-car-with-silver-paint-royalty-free-image-851868276-1557340955,c0e184e258582576f42af934043f71dbdc41bef9ba93da9e1bcd78ea587cb4bf,0,0,0,0,0
train,420,aircraft_surface_damage_crack_v2_0000420.jpg,train,bump-on-car-with-silver-paint-royalty-free-image-851868276-1557340955_jpg.rf.a41b6f7a284f0f18303d9e1a754b8132.jpg,bump-on-car-with-silver-paint-royalty-free-image-851868276-1557340955,6e17c883dbefe411c283fc933789152b8134da41c6b38881721a8a838f87ba15,0,0,0,0,0
train,421,aircraft_surface_damage_crack_v2_0000421.jpg,train,cast-aluminum2_jpg.rf.9cc89e74b412f47a07d2b39b54b4757f.jpg,cast-aluminum2,695ba2141967ae190ed550886044c95f3cd5fbe192b8356ba92ced7b893ff087,1,1,0,0,1
train,422,aircraft_surface_damage_crack_v2_0000422.jpg,train,cast-aluminum2_jpg.rf.ce37e8f25a80e4dd8d00b9ad76d8b2a0.jpg,cast-aluminum2,22fbd45613205115b500deaa0cf68179e3e9544a833e0c7365a75115eb07501e,1,1,0,0,1
train,423,aircraft_surface_damage_crack_v2_0000423.jpg,train,cast-aluminum2_jpg.rf.f9e81e69152844c95fd629cd55d10a94.jpg,cast-aluminum2,d667d05c820b62ea97d43b2d44ac7dd1c8cb4ac6fa028734cef8a211bb403e12,1,1,0,0,1
train,424,aircraft_surface_damage_crack_v2_0000424.jpg,train,cCwfibnPQSe5eTWA1nMczw_jpg.rf.111bb136000ca74a161073e11ca365dc.jpg,ccwfibnpqse5etwa1nmczw,c6d6b9026ff4a1ae0cf9a0a5c158eec273aeb9bc59f9bcdf5a1bd79cdd3c5194,1,1,0,1,0
train,425,aircraft_surface_damage_crack_v2_0000425.jpg,train,cCwfibnPQSe5eTWA1nMczw_jpg.rf.4f4cc3bf55e3d6c9f404f45a0cfb535e.jpg,ccwfibnpqse5etwa1nmczw,cdbec38f4093837f6bc64f58e36135e2c3f2c76143929c4c3f710b407168cbdb,1,1,0,1,0
train,426,aircraft_surface_damage_crack_v2_0000426.jpg,train,cCwfibnPQSe5eTWA1nMczw_jpg.rf.fa2138c6b60601cf073d8d0ec0348891.jpg,ccwfibnpqse5etwa1nmczw,340301882a54d5a94322dc3410eaff1c8b5e67aa1c46961de856fc918567d7b3,1,1,0,1,0
train,427,aircraft_surface_damage_crack_v2_0000427.jpg,train,cd_2608_1_jpg.rf.0136bcbc266b5a14a49b903f14b62108.jpg,cd_2608_1,4a20098c6a6b4ed29a1eae2526cae4fc7bc0c593d54f31d3e6a9f5e2bf93b13c,1,1,0,0,1
train,428,aircraft_surface_damage_crack_v2_0000428.jpg,train,cd_2608_1_jpg.rf.1ac3346313a8b97d66f1d2ba5efd3303.jpg,cd_2608_1,b00af7b2ba442d2f85218b5d6dbb4147be358da895d6f61456878c99f24dcc82,1,1,0,0,1
train,429,aircraft_surface_damage_crack_v2_0000429.jpg,train,cd_2608_1_jpg.rf.c5d6429c5ede4f4a672804f9ac41b456.jpg,cd_2608_1,c4d1a58f5f979abdadc6cc79bcd116bb2d03eaed9fc5966d610ff5386601dcbd,1,1,0,0,1
train,430,aircraft_surface_damage_crack_v2_0000430.jpg,train,cd_2608_10_jpg.rf.458fda0af321caa033e10b798b0e5be0.jpg,cd_2608_10,18434157b5e666f0b417b0751b30e1ed9a911b806cb7b1e50831414cac3a1c3c,0,0,0,0,0
train,431,aircraft_surface_damage_crack_v2_0000431.jpg,train,cd_2608_10_jpg.rf.77b7e93872996d11afad0a7bda2d4727.jpg,cd_2608_10,2297f1267445455fbfa67a2ebfe716aebcb69905653474fd8ce5d179ec50f65e,0,0,0,0,0
train,432,aircraft_surface_damage_crack_v2_0000432.jpg,train,cd_2608_10_jpg.rf.e3c9ea99e0d52aac27a85f772d45224f.jpg,cd_2608_10,7291ec5f85008753b894b59b18bebad62f07aba1505840af3bd3abc58175eff3,0,0,0,0,0
train,433,aircraft_surface_damage_crack_v2_0000433.jpg,train,cd_2608_11_jpg.rf.132939ca9eb391679855bc246ec939b2.jpg,cd_2608_11,54329be257f04ede10feee94a94fb18e6d0080e33e3be9c5f3021e9a27cae79c,1,1,0,0,1
train,434,aircraft_surface_damage_crack_v2_0000434.jpg,train,cd_2608_11_jpg.rf.2c13904fdb6670e7ac071965fc326e72.jpg,cd_2608_11,e7aedd30fe6fbc8bdb4220f21d014322cddf145c2d78f8f7b4bf33b47471170e,1,1,0,1,0
train,435,aircraft_surface_damage_crack_v2_0000435.jpg,train,cd_2608_11_jpg.rf.de26eba8ae13bfbf7db4743b3371e5eb.jpg,cd_2608_11,82f7b7818fe56d80452d162adadb127e1dbcb85dab5df91a282cb4546570e151,1,1,0,0,1
train,436,aircraft_surface_damage_crack_v2_0000436.jpg,train,cd_2608_12_jpg.rf.0cb1a896fa5b601a3859fed3ccacf904.jpg,cd_2608_12,7d78c804f5b2d4c910dbba4ec0c99b0caffa72fe441d0a68991667ed376c27f8,0,0,0,0,0
train,437,aircraft_surface_damage_crack_v2_0000437.jpg,train,cd_2608_12_jpg.rf.1d7ba242e195ac54e3c50e83e28210df.jpg,cd_2608_12,bdd2559bbdde4645eeb6646831c8b5d00e9d58ec2700c958a38a3e40ed1eb23b,0,0,0,0,0
train,438,aircraft_surface_damage_crack_v2_0000438.jpg,train,cd_2608_12_jpg.rf.231aeafae7bc5a534982504930d4020d.jpg,cd_2608_12,c0e8d9f1e4db84cc20e129dcd3267c9afd19a8d9f909712f1bb7786f2d6b6e3e,0,0,0,0,0
train,439,aircraft_surface_damage_crack_v2_0000439.jpg,train,cd_2608_13_jpg.rf.07d507634839e781683eb306769b3fc5.jpg,cd_2608_13,3bce4adcfbab23603c730be9a1e0c99631c0520c8b1e4a6a1d43a09db75835c7,0,0,0,0,0
train,440,aircraft_surface_damage_crack_v2_0000440.jpg,train,cd_2608_13_jpg.rf.f919e99b032fe2a71e640404c846d33c.jpg,cd_2608_13,567a92468cf2f4746f1b575844d04f902f6505880d397ab4da3f30bf0648fbd1,0,0,0,0,0
train,441,aircraft_surface_damage_crack_v2_0000441.jpg,train,cd_2608_13_jpg.rf.f93f80156e75f5fb09c958822d5ff532.jpg,cd_2608_13,2ce1ccf4f1418c281862d889b64fbd2f63deb151f6adb7cfbb5d9e4b1c8ca7f4,0,0,0,0,0
train,442,aircraft_surface_damage_crack_v2_0000442.jpg,train,cd_2608_14_jpg.rf.2c027b26497585fb477f753338a98bee.jpg,cd_2608_14,7a3e432b7b42da927bca3f8aeb4ec160b3fb30aace54c1a4eae81c96fcd39047,0,0,0,0,0
train,443,aircraft_surface_damage_crack_v2_0000443.jpg,train,cd_2608_14_jpg.rf.c295f0eee5efe7f7c6cb3c7ad320aeb0.jpg,cd_2608_14,c15cf09c55d1a90dcf5e964d7a1d7309edb29aeac8aaec6090c449093c7efe9c,0,0,0,0,0
train,444,aircraft_surface_damage_crack_v2_0000444.jpg,train,cd_2608_14_jpg.rf.dc8e83fa54ff272107f53f5a706ccd9e.jpg,cd_2608_14,f2f93ec5834b9d70595626643e306888a236c6d2d59e6cd6a63461b9284b9163,0,0,0,0,0
train,445,aircraft_surface_damage_crack_v2_0000445.jpg,train,cd_2608_15_jpg.rf.1b8d87a6b2e8959d347bd0928d56793d.jpg,cd_2608_15,7a36cff8da09dbf9d426310d03247f1064ca2600a15b71460277f455b90df69a,1,6,4,2,0
train,446,aircraft_surface_damage_crack_v2_0000446.jpg,train,cd_2608_15_jpg.rf.2194084b60ef610135ee68289c30bb91.jpg,cd_2608_15,ffd3121b00bd84127c73402279b76862cd2073dec288ee6c8940579826e06b2f,1,6,5,1,0
train,447,aircraft_surface_damage_crack_v2_0000447.jpg,train,cd_2608_15_jpg.rf.e3e3f203537589d4407b3e241e35d086.jpg,cd_2608_15,1f686f358595b1f6423013446d27a149a352c54eca7d56984921af541e91ddbc,1,6,3,3,0
train,448,aircraft_surface_damage_crack_v2_0000448.jpg,train,cd_2608_17_jpg.rf.4fc943ffe427d9b1aa093788d20c56c9.jpg,cd_2608_17,fb163b84f7cf5d8e3cbf49d6c725b10913b34097c2ccff55ab574c02f2f4e72c,1,1,1,0,0
train,449,aircraft_surface_damage_crack_v2_0000449.jpg,train,cd_2608_17_jpg.rf.8f2811c4d020977b9dd468ae47db984f.jpg,cd_2608_17,7c0308637c96f964b281ff0866c59c780417cdc8164cde293d998487583b5483,1,1,0,1,0
train,450,aircraft_surface_damage_crack_v2_0000450.jpg,train,cd_2608_17_jpg.rf.d60b16639b7fc2f2c0290b7b6cf9f2a4.jpg,cd_2608_17,7ae63d51185a9a8d53febbd39a4dfe57dfc160c40a38d8970abef3abaff97309,1,1,0,1,0
train,451,aircraft_surface_damage_crack_v2_0000451.jpg,train,cd_2608_18_jpg.rf.203d24330791d9fab4f5c882abbd664b.jpg,cd_2608_18,fcb8f2762e1d64c0470db321b53bb6b6a4cb270af9bbf3a1536f703af77dbdfb,0,0,0,0,0
train,452,aircraft_surface_damage_crack_v2_0000452.jpg,train,cd_2608_18_jpg.rf.37a21896b5748a8031694aa843f8d43c.jpg,cd_2608_18,f3a183939e596f56511f503315f80fc66a1f0cecd60d564383760377e508a77b,0,0,0,0,0
train,453,aircraft_surface_damage_crack_v2_0000453.jpg,train,cd_2608_18_jpg.rf.d6dda155ccccf9f2ae1878408f0b726c.jpg,cd_2608_18,f4ce25835255b2ae7ac5254d3436dd287719a0a77ea760a32206f6576c7cb3f0,0,0,0,0,0
train,454,aircraft_surface_damage_crack_v2_0000454.jpg,train,cd_2608_19_jpg.rf.c22db708afd93cb58840b4e51cd21267.jpg,cd_2608_19,b8875b5c2c3eddf71bff4e5edbac22ff88c41dd36b5db7a7bbca25253b1e6c82,1,1,0,1,0
train,455,aircraft_surface_damage_crack_v2_0000455.jpg,train,cd_2608_19_jpg.rf.c380fbedf5b39240b41a8e4c89d7624b.jpg,cd_2608_19,200927e88897b247d0c4f6d5ed9dc840079d8535b23197c6a7dda98fbe6017a5,1,1,0,1,0
train,456,aircraft_surface_damage_crack_v2_0000456.jpg,train,cd_2608_19_jpg.rf.d7c50dc23fc2536399dd68b7a28b0173.jpg,cd_2608_19,c7f4b91e2834a6bff077da3be8e4750e0bb0f29c99014a9a06250cb4819f0ab3,1,1,0,1,0
train,457,aircraft_surface_damage_crack_v2_0000457.jpg,train,cd_2608_20_jpg.rf.5f8a28afabbb0121b1af9f7ae221b400.jpg,cd_2608_20,1375d4d033aceadf151bf1a2d37da94d22d6597bae2f9b589ac19d9d7769f0b4,0,0,0,0,0
train,458,aircraft_surface_damage_crack_v2_0000458.jpg,train,cd_2608_20_jpg.rf.aeff98100390db28652069fd7ee5069e.jpg,cd_2608_20,0f3046f829263bde2e49cbcd269ccac8a964668032d6fa57f8e4ec5030f00316,0,0,0,0,0
train,459,aircraft_surface_damage_crack_v2_0000459.jpg,train,cd_2608_20_jpg.rf.bdff129c872a32a5c19b03f32cbba6c4.jpg,cd_2608_20,1f523115ecc66b436f87f1bcc45da0798536bbfce7cef5ff28a791d25ac6582e,0,0,0,0,0
train,460,aircraft_surface_damage_crack_v2_0000460.jpg,train,cd_2608_23_jpg.rf.4f85ba58e1661e193146f62ae12d3590.jpg,cd_2608_23,09fcd690b065a16b62dd0640115b584a625026837571371a77d28c7e8dd7bd8e,0,0,0,0,0
train,461,aircraft_surface_damage_crack_v2_0000461.jpg,train,cd_2608_23_jpg.rf.a7e2eee0393b07a59a97dff92147dd4a.jpg,cd_2608_23,ac18f3f61a9f274d85c17079d2e20ce77cea1e9175f1c89be72be62a4538ddbf,0,0,0,0,0
train,462,aircraft_surface_damage_crack_v2_0000462.jpg,train,cd_2608_23_jpg.rf.cbc387c66fc29e400582cf2f2340f4ea.jpg,cd_2608_23,c6886f7590357e6303cd65390011a42c98013dfba6aa62ed9cc3ca50dc83a0d2,0,0,0,0,0
train,463,aircraft_surface_damage_crack_v2_0000463.jpg,train,cd_2608_24_jpg.rf.b25c650b399cf7f78351d0a94c3f82a9.jpg,cd_2608_24,0d0e162a60a3f5707ca5b524730b266cd4bbe0669c2240a5511b69584721c8f6,0,0,0,0,0
train,464,aircraft_surface_damage_crack_v2_0000464.jpg,train,cd_2608_24_jpg.rf.d2b0e68f043971ecd6a652c4bc0154d7.jpg,cd_2608_24,69431a8ccd6e7d02df141a9f5637b1d4099fbe644af4fcd30f3e9b1c8f519fb9,0,0,0,0,0
train,465,aircraft_surface_damage_crack_v2_0000465.jpg,train,cd_2608_24_jpg.rf.e71a9bab8fe4da28f3e5a17ae68ef518.jpg,cd_2608_24,e80dd7a8dafe2d5ba134482f917594d2c0217985a6658268fb78c661316efbe0,0,0,0,0,0
train,466,aircraft_surface_damage_crack_v2_0000466.jpg,train,cd_2608_25_jpg.rf.58936dbfebe7f89e6332c2430192dbe5.jpg,cd_2608_25,d28d6fd04e91923da849888e03dc97e6fc63b249a066eebcb3e6eb005fc860e3,0,0,0,0,0
train,467,aircraft_surface_damage_crack_v2_0000467.jpg,train,cd_2608_25_jpg.rf.a13a44aaca826b58b5bb0bbf0e836ec9.jpg,cd_2608_25,87218dcc7119f98d408ee63162f261529806ce99e4d154415eede20ebe19bc43,0,0,0,0,0
train,468,aircraft_surface_damage_crack_v2_0000468.jpg,train,cd_2608_25_jpg.rf.b0a8d54a78793d20200ba3f781091e4f.jpg,cd_2608_25,4c51034393f9b4468abd54fb4ffcd3e673fb019e80e44089fbfacfa0569ac6be,0,0,0,0,0
train,469,aircraft_surface_damage_crack_v2_0000469.jpg,train,cd_2608_26_jpg.rf.177acf795f6ac020e89ac7ef30c83cfa.jpg,cd_2608_26,8ac05e99a3c23a9dbcdd5882c0bae2d7518f07f610831be76a0c5eea07868061,1,1,0,0,1
train,470,aircraft_surface_damage_crack_v2_0000470.jpg,train,cd_2608_26_jpg.rf.6959182590785ad1d587afbcbd8080c1.jpg,cd_2608_26,032526089f6f25dc68ebc217a3ef15234245273775937cb2907cc95e1ea27fb7,1,1,0,0,1
train,471,aircraft_surface_damage_crack_v2_0000471.jpg,train,cd_2608_26_jpg.rf.9c114b6e00b560fa938f7234d73e371a.jpg,cd_2608_26,5f10c94e28984ef849deb09d8e3275879b898109feaf89cee8811d57823484d4,1,1,0,0,1
train,472,aircraft_surface_damage_crack_v2_0000472.jpg,train,cd_2608_3_jpg.rf.4f1b7abe9c97303a70fd6bb6c86bf143.jpg,cd_2608_3,d8bfd24b8e5dec283ec86a8e7d43ec38adba3f63e83abec6766156e91652695f,0,0,0,0,0
train,473,aircraft_surface_damage_crack_v2_0000473.jpg,train,cd_2608_3_jpg.rf.7b194d7224259f1a8d139442200eaaab.jpg,cd_2608_3,5191dc0369f3faab831b983c3ac05a3c4ded7f71dd204a20a9ee6b4ce2ea6c12,0,0,0,0,0
train,474,aircraft_surface_damage_crack_v2_0000474.jpg,train,cd_2608_3_jpg.rf.9fbd5eb9231ff0bfc0226e3440514320.jpg,cd_2608_3,a3020c19cabf3f6740d3efa5be228e552214d9cf071188549337488a04143f8d,0,0,0,0,0
train,475,aircraft_surface_damage_crack_v2_0000475.jpg,train,craiyon_082045_rust_on_a_metal_surface_png_jpg.rf.b626225532e42d922ac16b36d44f458b.jpg,craiyon_082045_rust_on_a_metal_surface_png,14fb47721c6234e14a1cc25b49dcf982893452bf96c15c5340d69e5890137649,0,0,0,0,0
train,476,aircraft_surface_damage_crack_v2_0000476.jpg,train,craiyon_082045_rust_on_a_metal_surface_png_jpg.rf.ccfd3dcb6c0610deba9c058afa494221.jpg,craiyon_082045_rust_on_a_metal_surface_png,ee88ebaf430a3f7400e0bca085fbe5f8b512d9727101c1ef6ead11a2bbe30d38,0,0,0,0,0
train,477,aircraft_surface_damage_crack_v2_0000477.jpg,train,craiyon_082045_rust_on_a_metal_surface_png_jpg.rf.f9c35179cd1fb0e7a1acb6908221f3d2.jpg,craiyon_082045_rust_on_a_metal_surface_png,86f93e7f524b582823483d7c4a827cd9978bb106bad33185b0e95ae6153756e3,0,0,0,0,0
train,478,aircraft_surface_damage_crack_v2_0000478.jpg,train,craiyon_082053_rust_on_a_metal_surface_png_jpg.rf.3440af7336e1d8622c9c6f55197c4a8d.jpg,craiyon_082053_rust_on_a_metal_surface_png,4dcf255035ed53ffcb9c331679dff031d65cf2db5b82733e3cf3f62f635976f3,0,0,0,0,0
train,479,aircraft_surface_damage_crack_v2_0000479.jpg,train,craiyon_082053_rust_on_a_metal_surface_png_jpg.rf.6b45cc5b746daa1a65808c70c711e985.jpg,craiyon_082053_rust_on_a_metal_surface_png,12ff26db03e89c7d535cc188995438373a5f75b04fde49e4ae35e55fe217912d,0,0,0,0,0
train,480,aircraft_surface_damage_crack_v2_0000480.jpg,train,craiyon_082053_rust_on_a_metal_surface_png_jpg.rf.f238949bc133a9ab911d64dee5f64555.jpg,craiyon_082053_rust_on_a_metal_surface_png,39800fc09c6b9fe4178866469215e2bb134d647627892d9969568679441e7eba,0,0,0,0,0
train,481,aircraft_surface_damage_crack_v2_0000481.jpg,train,craiyon_082059_rust_on_a_metal_surface_png_jpg.rf.19d6e42e08429a58d8b36f97d2e4fe2a.jpg,craiyon_082059_rust_on_a_metal_surface_png,f41fd9ea152bef5d1109a2aae415fe84c9bd2ee7c5bdbdb6d4b39abde8bad695,0,0,0,0,0
train,482,aircraft_surface_damage_crack_v2_0000482.jpg,train,craiyon_082059_rust_on_a_metal_surface_png_jpg.rf.2fc5677a57ed73f10928aa416cf01004.jpg,craiyon_082059_rust_on_a_metal_surface_png,cb2cbde54b84fa9ea046943af05a930e23ef5f7000a295d1e2a6138b6d036c7d,0,0,0,0,0
train,483,aircraft_surface_damage_crack_v2_0000483.jpg,train,craiyon_082059_rust_on_a_metal_surface_png_jpg.rf.b84ae7550f1868731184349e118280ef.jpg,craiyon_082059_rust_on_a_metal_surface_png,c9919177e1d284668185bf8938a0f537d0e2f5b5527b0a2f7885be6dc79e57ff,0,0,0,0,0
train,484,aircraft_surface_damage_crack_v2_0000484.jpg,train,craiyon_082116_rust_on_a_metal_surface_png_jpg.rf.443977c7d616f34b810bbeedbd40d4f8.jpg,craiyon_082116_rust_on_a_metal_surface_png,59682b6b61d4a77072b989588ab0714b4b861cb3811d37101285e04ec71b8329,0,0,0,0,0
train,485,aircraft_surface_damage_crack_v2_0000485.jpg,train,craiyon_082116_rust_on_a_metal_surface_png_jpg.rf.86cc13325b3c4a2d8dcf059224a9a61b.jpg,craiyon_082116_rust_on_a_metal_surface_png,d1cd7607e6a1acdc532ce1b1267c733a2257c96f72019b8269dd535968630e24,0,0,0,0,0
train,486,aircraft_surface_damage_crack_v2_0000486.jpg,train,craiyon_082116_rust_on_a_metal_surface_png_jpg.rf.fc2ee518736304268e066eb1a77c8675.jpg,craiyon_082116_rust_on_a_metal_surface_png,a305aa2ab8b2a475270c2f6ce9bb834f5666536198e52d738ededcd95d86bfe9,0,0,0,0,0
train,487,aircraft_surface_damage_crack_v2_0000487.jpg,train,craiyon_083125_rusty_metal_surface_with_paint_chipping_png_jpg.rf.1aa6c4363e0a3d20b9882ee1458ca8aa.jpg,craiyon_083125_rusty_metal_surface_with_paint_chipping_png,d9890c4ca0baac774953c009f687929c825d84bb92a046656fbd1dd5cc0dd70b,0,0,0,0,0
train,488,aircraft_surface_damage_crack_v2_0000488.jpg,train,craiyon_083125_rusty_metal_surface_with_paint_chipping_png_jpg.rf.896d27e6fb2d0c62f18ea57436ba9b4d.jpg,craiyon_083125_rusty_metal_surface_with_paint_chipping_png,e492c7ac1e3f437e5faf7adcd058939313aa6105d2e7840e59e9cae57aa0c6c5,0,0,0,0,0
train,489,aircraft_surface_damage_crack_v2_0000489.jpg,train,craiyon_083125_rusty_metal_surface_with_paint_chipping_png_jpg.rf.a5a430b35dedbec9eb5f9e9a071499f5.jpg,craiyon_083125_rusty_metal_surface_with_paint_chipping_png,3acd9b0c4ac982db551eb908348886fb321e19577f0d7c6165b9c3328f157d41,0,0,0,0,0
train,490,aircraft_surface_damage_crack_v2_0000490.jpg,train,craiyon_085555_rusty_painted_surface_with_peeling_paint_png_jpg.rf.38299c5d2e400ee06b4e29853f7954e6.jpg,craiyon_085555_rusty_painted_surface_with_peeling_paint_png,9c343d3e283f756a5b649c2aac206520db65538d623427e74f223ed5c9299eb0,0,0,0,0,0
train,491,aircraft_surface_damage_crack_v2_0000491.jpg,train,craiyon_085555_rusty_painted_surface_with_peeling_paint_png_jpg.rf.61d9d40210bdc57a04dc162857601ef6.jpg,craiyon_085555_rusty_painted_surface_with_peeling_paint_png,22474825391f944c7e3b56bf1a73c7823646974fdf9356db5ea0a151197c3d09,0,0,0,0,0
train,492,aircraft_surface_damage_crack_v2_0000492.jpg,train,craiyon_085555_rusty_painted_surface_with_peeling_paint_png_jpg.rf.738fd0427c20bae8cec00fb273010b0d.jpg,craiyon_085555_rusty_painted_surface_with_peeling_paint_png,378271f766b8f262dec6be6dcd6bd0daad93908848b194d708afa5c641ba32db,0,0,0,0,0
train,493,aircraft_surface_damage_crack_v2_0000493.jpg,train,craiyon_085604_rusty_painted_surface_with_peeling_paint_png_jpg.rf.7d57f7d0c86c7da7f9f47ebffe1d86ce.jpg,craiyon_085604_rusty_painted_surface_with_peeling_paint_png,b3bd32e7e97ce635c8cfe2b862196d221b1666629f45b2d0dec5fd85a599b57a,0,0,0,0,0
train,494,aircraft_surface_damage_crack_v2_0000494.jpg,train,craiyon_085604_rusty_painted_surface_with_peeling_paint_png_jpg.rf.c051307ba44cbf143ad19c9d5c1ea8d1.jpg,craiyon_085604_rusty_painted_surface_with_peeling_paint_png,8a5d482f82a3f1c8cd7cb44d4dfed76b1e134d685cb3145c52b681b8767533af,0,0,0,0,0
train,495,aircraft_surface_damage_crack_v2_0000495.jpg,train,craiyon_085604_rusty_painted_surface_with_peeling_paint_png_jpg.rf.e557ce8d643aa8f9c79bdd9190ec99f9.jpg,craiyon_085604_rusty_painted_surface_with_peeling_paint_png,147ac19fb8d4fd4ef3409748f54c7d91dfb28f5f5261db3885ff9943d41f308a,0,0,0,0,0
train,496,aircraft_surface_damage_crack_v2_0000496.jpg,train,dacd9354_c4a8_4856_93e1_78b01670cb50_9e6e4e9a60b1642c16792c005135bb427ec574ef_jpeg_jpg.rf.2a9a9ec33111c4d0663bc4ef8033583f.jpg,dacd9354_c4a8_4856_93e1_78b01670cb50_9e6e4e9a60b1642c16792c005135bb427ec574ef_jpeg,3bc0fec71079f89d5865e52eef1faf70b7017004c5de5601bc9b23fc8e4dd38b,1,1,0,0,1
train,497,aircraft_surface_damage_crack_v2_0000497.jpg,train,dacd9354_c4a8_4856_93e1_78b01670cb50_9e6e4e9a60b1642c16792c005135bb427ec574ef_jpeg_jpg.rf.4abc01515b6be62a3af74da2cecd4d05.jpg,dacd9354_c4a8_4856_93e1_78b01670cb50_9e6e4e9a60b1642c16792c005135bb427ec574ef_jpeg,3c374a8a10215c1882e759bf0c6aa7d2d45bec61e0c31d8d94cf47cc09bfa4c9,1,1,0,0,1
train,498,aircraft_surface_damage_crack_v2_0000498.jpg,train,dacd9354_c4a8_4856_93e1_78b01670cb50_9e6e4e9a60b1642c16792c005135bb427ec574ef_jpeg_jpg.rf.a5afd35e0b7c6fd43405c07130ead483.jpg,dacd9354_c4a8_4856_93e1_78b01670cb50_9e6e4e9a60b1642c16792c005135bb427ec574ef_jpeg,daee7c7b90bd3ea48f54e6dff28b8df411c383dd3e2c6d51cef84f0dd1df94cc,1,1,0,1,0
train,499,aircraft_surface_damage_crack_v2_0000499.jpg,train,dent-2-752x501_jpg.rf.2ae89b36aa80571a009ffae29c978ad0.jpg,dent-2-752x501,6faaab49759ac1ab411f7243e3fd066d70844d83cb94f8c2351ee888f79f9eb3,0,0,0,0,0
train,500,aircraft_surface_damage_crack_v2_0000500.jpg,train,dent-2-752x501_jpg.rf.30d8dc17bc9b57296901401012b46dee.jpg,dent-2-752x501,9f03ee48ef6a576f774e08cc0b106dd08fca9c6cfd9d60c26f843b37b5e49d17,0,0,0,0,0
train,501,aircraft_surface_damage_crack_v2_0000501.jpg,train,dent-2-752x501_jpg.rf.5d6103d218325060d3a5ecae2c61c566.jpg,dent-2-752x501,368606dbf61a3c3d1877ea7c4b149bb00219254dea8ef093758236116845c264,0,0,0,0,0
train,502,aircraft_surface_damage_crack_v2_0000502.jpg,train,dent-main_jpg.rf.cb0885c8e2cfba7cf54c3e9a5d0edb3f.jpg,dent-main,40650a802672e3ad036f445e8198b03d99dab7f245089763bc5c3f861d6effc4,0,0,0,0,0
train,503,aircraft_surface_damage_crack_v2_0000503.jpg,train,dent-main_jpg.rf.e934a95c965e50b912238be181b3423a.jpg,dent-main,4a0fcb133b12f108f443b8ff0a17bb9ccc960713a2322354d785b30e3efe378a,0,0,0,0,0
train,504,aircraft_surface_damage_crack_v2_0000504.jpg,train,dent-main_jpg.rf.f234a57830bb7f5978f00ef6d3cfacaf.jpg,dent-main,eaedb1cd2e7e5f1516a8d1618f346deceb3954cf18c2ff92b2809ecc94f0d0f1,0,0,0,0,0
train,505,aircraft_surface_damage_crack_v2_0000505.jpg,train,DSC01673_jpg.rf.0a65a21f9bef89b4abcbd93bf4e6e1de.jpg,dsc01673,2460524a7afec689423d7b266ddc3a915c097ea536c06f99cc3eff6a48ba3a35,1,1,1,0,0
train,506,aircraft_surface_damage_crack_v2_0000506.jpg,train,DSC01673_jpg.rf.18bc58e3e0a53aa71b6a9490b632dd0f.jpg,dsc01673,72fdd4a3b08ba37f845325442b932d1f76dffbe21e4ad256dbad1d2ec40e08af,1,1,0,1,0
train,507,aircraft_surface_damage_crack_v2_0000507.jpg,train,DSC01673_jpg.rf.800584a35ed23ac17997c5d022507324.jpg,dsc01673,51db79c7e36db22fcafaf1b94c77525897f9cf60db28435a39df59917efc42eb,1,1,0,1,0
train,508,aircraft_surface_damage_crack_v2_0000508.jpg,train,DSC_0547_jpg.rf.20f40bc34b6d21ea7fa34a89dcabe0f2.jpg,dsc_0547,068bf1a8b05db2be66c479a650aab6c31bc14dc15be04e8bc7e6cee27a0712d0,1,1,0,0,1
train,509,aircraft_surface_damage_crack_v2_0000509.jpg,train,DSC_0547_jpg.rf.59c0302f526c124d905324670faf776f.jpg,dsc_0547,3078a65653208f93761ddfcaacd261ba8d45252353f243f0ef27f1000a40a081,1,1,0,0,1
train,510,aircraft_surface_damage_crack_v2_0000510.jpg,train,DSC_0547_jpg.rf.958a0c12d567dda31a3cbc8a1c981d30.jpg,dsc_0547,787ecae5824ed104f99080e1e7e52ac7c8a174dbda112f5d7a5e455ebe329f7e,1,1,0,0,1
train,511,aircraft_surface_damage_crack_v2_0000511.jpg,train,Fig101L_jpg.rf.06d4eb7cdd2c282dcf5ca3b0fdca9ee4.jpg,fig101l,1eddb5994f16d3a0660d68834e0082b6c3a91c537caa7e21b7baacdf790180c4,1,1,0,0,1
train,512,aircraft_surface_damage_crack_v2_0000512.jpg,train,Fig101L_jpg.rf.245bd21be3845faa4e858dcef6700c45.jpg,fig101l,97d7ce5df296930204c65d97b73edb8397d6e9ac0a03636d17e65e59aecc291c,1,1,0,0,1
train,513,aircraft_surface_damage_crack_v2_0000513.jpg,train,Fig101L_jpg.rf.cadfe85c51112f35b00695929ba51150.jpg,fig101l,9dd0f7d281b09607cb4c45d765b362c9b4ca82a86d62369cc5a13c238b63ab26,1,1,0,0,1
train,514,aircraft_surface_damage_crack_v2_0000514.jpg,train,ftw-newbie_jpg.rf.3d7267a65f480ca06a57e2698a10375c.jpg,ftw-newbie,9272c2671cb1d588f19274eb7e65c73ccf38ecf74a07828965ed7891059bbeec,1,1,0,0,1
train,515,aircraft_surface_damage_crack_v2_0000515.jpg,train,ftw-newbie_jpg.rf.75dcc0af3ceebe7d96343f8b2a849b6a.jpg,ftw-newbie,68c0ce647e3d30255d2a54d8ad027ee16ef47e15917e100413e6fb3271e73b1f,1,1,0,0,1
train,516,aircraft_surface_damage_crack_v2_0000516.jpg,train,ftw-newbie_jpg.rf.8c8ce56b98bc36322b3c49585b6b7141.jpg,ftw-newbie,50264d11f4ae2a17906c91fb12e0c4779df32b3db7f543e08f64dda5629b7868,1,1,0,0,1
train,517,aircraft_surface_damage_crack_v2_0000517.jpg,train,G3-59-_JPG_jpg.rf.6d6bf5ac9e8191fcb40bca178c000a58.jpg,g3-59-_jpg,c2cd8151114e7dee3da60d9025b641be38a00fb8bb734d4dba89e94cc73b0b48,0,0,0,0,0
train,518,aircraft_surface_damage_crack_v2_0000518.jpg,train,G3-59-_JPG_jpg.rf.86797c65d196000b69e27299f269e9d7.jpg,g3-59-_jpg,cb4d1567e9d138e6e30dadacfc228434b7c0fa166ab54f3afa9c7ae5ba8c1228,0,0,0,0,0
train,519,aircraft_surface_damage_crack_v2_0000519.jpg,train,G3-59-_JPG_jpg.rf.db530043512d5804d21730882023afd7.jpg,g3-59-_jpg,fb3969b564c75a2f7f1146773d7a8341c2dc35708010d03e16c2d082f6128091,0,0,0,0,0
train,520,aircraft_surface_damage_crack_v2_0000520.jpg,train,G3-89-_jpg.rf.70eef4981cd6c28e39704dc2a9586694.jpg,g3-89-,5bd1a4d306e19c1500641ab4dceb6a5636f0f41d325b5d4560e39b2924161416,0,0,0,0,0
train,521,aircraft_surface_damage_crack_v2_0000521.jpg,train,G3-89-_jpg.rf.8063e22250e81d794cc3838fda344c9a.jpg,g3-89-,c0430dcf6b0cb7b12e4144261affc14e454554debc06a6d59313e584fd8ae3c1,0,0,0,0,0
train,522,aircraft_surface_damage_crack_v2_0000522.jpg,train,G3-89-_jpg.rf.a122d89cf68bcb563f2a3f98adad76a4.jpg,g3-89-,58d2a746f5a71e276bfafad37017d0983c7698c63d1d8a747ebef01ec3f7580a,0,0,0,0,0
train,523,aircraft_surface_damage_crack_v2_0000523.jpg,train,Gudrun-pipework-failure_jpg.rf.0bbc82644510d6008ee3ced884be9e62.jpg,gudrun-pipework-failure,f012187b527ac2fdf23f3241cdaf0d1e931481ac5756d0c51c9b5877701100e2,1,1,0,0,1
train,524,aircraft_surface_damage_crack_v2_0000524.jpg,train,Gudrun-pipework-failure_jpg.rf.af1721bd3e971c8704ef7bb20f7baaa6.jpg,gudrun-pipework-failure,6331f1e080d71ff4ad29db98ec2cab36cb2b3601eb672ea483769e370deedceb,1,1,0,0,1
train,525,aircraft_surface_damage_crack_v2_0000525.jpg,train,Gudrun-pipework-failure_jpg.rf.b7e08368f888940a236eeda815d0ada7.jpg,gudrun-pipework-failure,bbfb0662e4b328500fc2237fda02ede51d06959f5ba0b9c678c7ab2a711d5cb8,1,1,0,1,0
train,526,aircraft_surface_damage_crack_v2_0000526.jpg,train,IMAG0155_jpg.rf.205cab428c3b8129aecbe7a12db4764d.jpg,imag0155,ddd69689ce6e400bcc296cd51dfce54e6ae5b16517e8d0d9a3c7fa07d037b273,1,2,1,1,0
train,527,aircraft_surface_damage_crack_v2_0000527.jpg,train,IMAG0155_jpg.rf.91c1bd3d56a15f055fa785e24407af8d.jpg,imag0155,6ee2779d3313d9371614c622f529bf0a9ca0ffa8be4c90422ecaca547535d104,1,2,1,0,1
train,528,aircraft_surface_damage_crack_v2_0000528.jpg,train,IMAG0155_jpg.rf.b60a3feea723bed68a76d69440d1d070.jpg,imag0155,ac61d63932de268fa1cc055200fc1fbe6640d5a9ecc493ae0c4801d8e8572a16,1,2,1,0,1
train,529,aircraft_surface_damage_crack_v2_0000529.jpg,train,image016_jpg.rf.27fe6f542f665cac3938ef264713c89a.jpg,image016,faf06cd52c210bf514defb58c7f5f8f10375363db78af12718f349ce2d15ea03,1,2,0,0,2
train,530,aircraft_surface_damage_crack_v2_0000530.jpg,train,image016_jpg.rf.4b8c0f714d6975700669a1b3942ba647.jpg,image016,b3fea5764f778d4a1675d13d51f87b8c8defda78503c520b061c9e3037fc2698,1,2,0,0,2
train,531,aircraft_surface_damage_crack_v2_0000531.jpg,train,image016_jpg.rf.e7058e626e54a38961e48ca6e3849536.jpg,image016,bc49e62933f2d702cb78b27dad468fd5260c32f7d9722bbc397072e26375a397,1,2,0,2,0
train,532,aircraft_surface_damage_crack_v2_0000532.jpg,train,image027_jpg.rf.3833a995d28a2847f4a2dea70900fdbe.jpg,image027,1bb9ba367fb37b1f0f5b005d7684b672941a26d0020394bec2c5d9b082164aed,1,1,0,1,0
train,533,aircraft_surface_damage_crack_v2_0000533.jpg,train,image027_jpg.rf.51a6643ffcc0bac1e10ff3356b62cc0d.jpg,image027,0079ba89bab7fa6e702631efc024ec8d97e2c4fb0d20b8ac033253d5a5bd781d,1,1,0,1,0
train,534,aircraft_surface_damage_crack_v2_0000534.jpg,train,image027_jpg.rf.e6a78d9d0cbae57ffd8e9bf992ebde48.jpg,image027,80f117a0c86202f2c4e58a867614198a65a17b08a29c080b82c3b693fe784d0d,1,1,0,1,0
train,535,aircraft_surface_damage_crack_v2_0000535.jpg,train,IMG_0585_JPG_jpg.rf.4eb8cf29cfbc75140709d9e430a6876f.jpg,img_0585_jpg,4e085e27eaa83af058774cf14a298ca93557c86393ba6e760a3e4c899d7409eb,1,1,0,0,1
train,536,aircraft_surface_damage_crack_v2_0000536.jpg,train,IMG_0585_JPG_jpg.rf.71d1d39eff7f5a94fbcab578c724d4c7.jpg,img_0585_jpg,008eeb0bf3ab4542fac0b15129e900a1ae63a789ab8f85101a8fe7c8b1d279cc,1,1,0,0,1
train,537,aircraft_surface_damage_crack_v2_0000537.jpg,train,IMG_0585_JPG_jpg.rf.b3b557c9099a1f25b3f73239b2129347.jpg,img_0585_jpg,5c6a5f13853e738c8934dca332c36c3118bac0d5739c2484e57877163b3f7e01,1,1,0,0,1
train,538,aircraft_surface_damage_crack_v2_0000538.jpg,train,IMG_1090_JPG_jpg.rf.3d92f0b3da0a0d2e8bc7b8ca4ef725d2.jpg,img_1090_jpg,9005ff629b15403bb79dea763ff3cea9d91ad5a0c1c34a0f178be5e3f4593c10,1,1,0,0,1
train,539,aircraft_surface_damage_crack_v2_0000539.jpg,train,IMG_1090_JPG_jpg.rf.4175bfeb2591489103cc5a35d8390e70.jpg,img_1090_jpg,4d719d605ae08f213f2b5705ba400ae5ed0af4bfd448c94e6d6c4638d80b192d,1,1,0,0,1
train,540,aircraft_surface_damage_crack_v2_0000540.jpg,train,IMG_1090_JPG_jpg.rf.dceb098d29c85e808d48483e5095d8a8.jpg,img_1090_jpg,51b027a157d53bdc3657390e8e229c42ca6da64b20c07af1d3c9179ff1f9288f,1,1,0,0,1
train,541,aircraft_surface_damage_crack_v2_0000541.jpg,train,IMG_20230511_095716_jpg.rf.183f38fabd4c174568d5a64e2e097562.jpg,img_20230511_095716,2274286e43768ddcb915f682fdc6640707f0b667fe1e4f0d66a5f764af543256,0,0,0,0,0
train,542,aircraft_surface_damage_crack_v2_0000542.jpg,train,IMG_20230511_095716_jpg.rf.722cd0005101b6c3f9f77629ab542e23.jpg,img_20230511_095716,0d5ad3bdf6dd0c30054e55786c5ce6b81246229b9e23bb523fd4bee8f5dc54f9,0,0,0,0,0
train,543,aircraft_surface_damage_crack_v2_0000543.jpg,train,IMG_20230511_095716_jpg.rf.c20cf980dc4076ac765b85f92f32f6e5.jpg,img_20230511_095716,4be76446ce472e2c0cc5de87bfff31235e8d35a64e07ee9189a733bbccc139ed,0,0,0,0,0
train,544,aircraft_surface_damage_crack_v2_0000544.jpg,train,IMG_20230511_095814_jpg.rf.445ae336786ef25394d0a58bb63cd1ac.jpg,img_20230511_095814,9935f2d16ddd20269e28643cc09162d18a891f89053d50efffc3c0539b094d57,0,0,0,0,0
train,545,aircraft_surface_damage_crack_v2_0000545.jpg,train,IMG_20230511_095814_jpg.rf.4882727e2ef102c4f18f213555b0b3fc.jpg,img_20230511_095814,5c7e745ace016646471f427960ffcaa0a8dc803880f055b77621e2c337fd0676,0,0,0,0,0
train,546,aircraft_surface_damage_crack_v2_0000546.jpg,train,IMG_20230511_095814_jpg.rf.8bee7258cea133a914f1eb94f29910be.jpg,img_20230511_095814,383ed93a2e521069083603be28bf8caf288c5433f22e9c8dbf16cd6a673ef121,0,0,0,0,0
train,547,aircraft_surface_damage_crack_v2_0000547.jpg,train,IMG_20230511_095943_jpg.rf.31e00cc40e112fc3e2ce9f7b8b78d4cb.jpg,img_20230511_095943,d980554e865e3712945698c68a24b2566660999876d93ed38821dead4eb5bdda,0,0,0,0,0
train,548,aircraft_surface_damage_crack_v2_0000548.jpg,train,IMG_20230511_095943_jpg.rf.657d5d178dcf4931d5668ce04e2eee8c.jpg,img_20230511_095943,1deb7e86b7a38f9f2d1b9c062f459d5d8cb718954d92ab21a4ce58b499ed647e,0,0,0,0,0
train,549,aircraft_surface_damage_crack_v2_0000549.jpg,train,IMG_20230511_095943_jpg.rf.9a8417537798facc9a0c80875fafe2a7.jpg,img_20230511_095943,66f0c989be3b731b6772ddfcadfcde1294f1332ad8a54d5e9e0c754b5eb39320,0,0,0,0,0
train,550,aircraft_surface_damage_crack_v2_0000550.jpg,train,IMG_20230511_100307_jpg.rf.53305cf379e9fa00c7881283aab4df7e.jpg,img_20230511_100307,ddff38b991a86eb94b925926a88ff550cbdb06b077132235298da6b23d809191,0,0,0,0,0
train,551,aircraft_surface_damage_crack_v2_0000551.jpg,train,IMG_20230511_100307_jpg.rf.907bd94b6387cc362c740d8146090dfc.jpg,img_20230511_100307,6dbbab4c48a9348e01e066dbe8f81854f4b497499e17e2419f008776c12efeab,0,0,0,0,0
train,552,aircraft_surface_damage_crack_v2_0000552.jpg,train,IMG_20230511_100307_jpg.rf.c5080ef7706bebf1282715d4428eadd2.jpg,img_20230511_100307,c73798d867d9e56267f12b64857713783b484329981beb85342b17d0626c97d7,0,0,0,0,0
train,553,aircraft_surface_damage_crack_v2_0000553.jpg,train,IMG_20230511_100318_jpg.rf.61da4a9dff08a61642c695824cad5add.jpg,img_20230511_100318,e19a43ff53b490ffaeb8c1bb0e923840846f277ca5541433b1b85703d498c0a6,0,0,0,0,0
train,554,aircraft_surface_damage_crack_v2_0000554.jpg,train,IMG_20230511_100318_jpg.rf.7a0fb50afb06a22a6f707a0eaf62180c.jpg,img_20230511_100318,ddb0386e1335ff9a14f2447cd1baff4107f1c61b31c060ab41b042ee5ec227c6,0,0,0,0,0
train,555,aircraft_surface_damage_crack_v2_0000555.jpg,train,IMG_20230511_100318_jpg.rf.c68ea3d2772c4e8dcc107e98b5f158b1.jpg,img_20230511_100318,535487bbe33d8e605afae6832fb2a4a778370f212e896d261159e22ee8cc13ab,0,0,0,0,0
train,556,aircraft_surface_damage_crack_v2_0000556.jpg,train,IMG_20230511_100352_jpg.rf.193c225b4521bb31f74e034ff449e5ba.jpg,img_20230511_100352,ce5f172cbaf26c765e4bd5f743e7cb75cb5db79820b4d977570fdfa9a0508ab9,0,0,0,0,0
train,557,aircraft_surface_damage_crack_v2_0000557.jpg,train,IMG_20230511_100352_jpg.rf.33d694e8e5a1135b88a2e7d63e14af5b.jpg,img_20230511_100352,f70dbdbaf6e7bdf4a60f71d7d2d533db5f9f0642afb92afa7057124e6d90d96b,0,0,0,0,0
train,558,aircraft_surface_damage_crack_v2_0000558.jpg,train,IMG_20230511_100352_jpg.rf.75bb78147bce16564142b8f1ef37e1f9.jpg,img_20230511_100352,b5fa28e58e3cd9f44d8b56f4bda6bfc9f45f3eda60f56c651221f504570927c0,0,0,0,0,0
train,559,aircraft_surface_damage_crack_v2_0000559.jpg,train,IMG_20230511_100454_jpg.rf.37e12f5d3b245cae409ed1a2545ee601.jpg,img_20230511_100454,be3164fc680daff5e924b1776f17e695966b326aefed9229767a79823452e3e3,0,0,0,0,0
train,560,aircraft_surface_damage_crack_v2_0000560.jpg,train,IMG_20230511_100454_jpg.rf.48dbb2a5cefbf1bc1cb62b84dc8aaa26.jpg,img_20230511_100454,c7c4335d16a4d4b785b4e1db0904b1b62e835704fcc5269b305aaba5d647c284,0,0,0,0,0
train,561,aircraft_surface_damage_crack_v2_0000561.jpg,train,IMG_20230511_100454_jpg.rf.beee9f7eb104e23f3b30bb78e90aeec5.jpg,img_20230511_100454,4cf1b76da258cca0cfd562985aa9d84575a732267486ada546f0a5f95db6ae56,0,0,0,0,0
train,562,aircraft_surface_damage_crack_v2_0000562.jpg,train,IMG_20230511_100642_jpg.rf.81096d4244b0288c3517a4a0f2cd2fe6.jpg,img_20230511_100642,35b0f3ab1108ad1ee33233e00abef745b9338b57543434aafcddc6544bd3b753,0,0,0,0,0
train,563,aircraft_surface_damage_crack_v2_0000563.jpg,train,IMG_20230511_100642_jpg.rf.f5654878463ace95464f408d763f0e25.jpg,img_20230511_100642,1c7e8d707f27b07eba38db6a55d620fd2851554f7561afdc4377769d56168bbb,0,0,0,0,0
train,564,aircraft_surface_damage_crack_v2_0000564.jpg,train,IMG_20230511_100642_jpg.rf.fb53ad3af3db3a44abbd2f0dd29bacaf.jpg,img_20230511_100642,03f8cf7b2308d87ed9ccfb4dc16686714f57068938ba7877bb2aaac8a6b67870,0,0,0,0,0
train,565,aircraft_surface_damage_crack_v2_0000565.jpg,train,IMG_20230511_100649_jpg.rf.00867f913f12fdeb7e65c4d5e751fcd2.jpg,img_20230511_100649,b06a06a4554e51ffc5a8ee7de69f792d29e3f9ac66d3aaab803e7a309e503e12,0,0,0,0,0
train,566,aircraft_surface_damage_crack_v2_0000566.jpg,train,IMG_20230511_100649_jpg.rf.00b48c3272c44c763b24d79e16304c9d.jpg,img_20230511_100649,71379b345584c22869080ec5aaaa751d71e580fccf23503e01385bdf2ff3257f,0,0,0,0,0
train,567,aircraft_surface_damage_crack_v2_0000567.jpg,train,IMG_20230511_100649_jpg.rf.820524708c76c788b4d0e55cf2f0d2b4.jpg,img_20230511_100649,7cf648d40f68e9c8a901040ecc87d06aae69040067243edc533a1d2de99f5334,0,0,0,0,0
train,568,aircraft_surface_damage_crack_v2_0000568.jpg,train,IMG_20230511_101017_jpg.rf.71ee1f93ba4915003569ac371fe2bbff.jpg,img_20230511_101017,3f3a8fdaa292f90439b060c3d3e5bf985ef7f9a3038ba1023fc57f11920aaadf,1,1,0,1,0
train,569,aircraft_surface_damage_crack_v2_0000569.jpg,train,IMG_20230511_101017_jpg.rf.e5bbc4b71c7c791047d66634ea252f9e.jpg,img_20230511_101017,c56395036fd09f0cf1fe8f494b21b7d5fceaaed437c43462a4ce71bb1a86744f,1,1,0,1,0
train,570,aircraft_surface_damage_crack_v2_0000570.jpg,train,IMG_20230511_101017_jpg.rf.f61805cb9ab99cf00c53b05966af0735.jpg,img_20230511_101017,665f02ab12dad3c37d990386d247f7057a24fc65650569802303de7531014424,1,1,0,0,1
train,571,aircraft_surface_damage_crack_v2_0000571.jpg,train,IMG_20230511_101043_jpg.rf.06aef470b440e4b162c57cc457e9fc4a.jpg,img_20230511_101043,9fbe385019804c882e6360daa9283354fc1fbef1ccaae12dc1629f3ac203f012,1,1,0,1,0
train,572,aircraft_surface_damage_crack_v2_0000572.jpg,train,IMG_20230511_101043_jpg.rf.ec1a9b9c346c44f27ee2a4972cf2da45.jpg,img_20230511_101043,168ad6e97eb59144d8faa2cbcaddd9df1f21590be33f474d7f374e2ea6892f73,1,1,0,0,1
train,573,aircraft_surface_damage_crack_v2_0000573.jpg,train,IMG_20230511_101043_jpg.rf.ec836762e480795691cc31c997241d7c.jpg,img_20230511_101043,4cf79e56b0ec472472a4b58ae0a0590a43d3ecf207c8de3221bce7f399a9fdca,1,1,0,1,0
train,574,aircraft_surface_damage_crack_v2_0000574.jpg,train,IMG_20230511_101049_jpg.rf.3c0033a115203abc7cd8606ae5e77b20.jpg,img_20230511_101049,c6ad41583b25e384ee1bb362da9c7b264ab9b59638e4e73098b93f35a827a5e6,1,1,0,0,1
train,575,aircraft_surface_damage_crack_v2_0000575.jpg,train,IMG_20230511_101049_jpg.rf.96de34e6d8a7854c42661839dd96244b.jpg,img_20230511_101049,82b22f2a07ea6094fa22194ecc936af329b7de1b3225b2b64dd3fb1fcc554394,1,1,0,0,1
train,576,aircraft_surface_damage_crack_v2_0000576.jpg,train,IMG_20230511_101049_jpg.rf.ed78967b8ab4e5da81aec7833406aa2b.jpg,img_20230511_101049,e559cf48d16f727346d834bbd365d2a88371b5d29c51cba33ad612ba24174cd5,1,1,0,0,1
train,577,aircraft_surface_damage_crack_v2_0000577.jpg,train,IMG_20230511_101055_jpg.rf.3c31200436e973beb6500756e7bd8c7f.jpg,img_20230511_101055,bb229fd8a645185588a9a87961d8211e6583010eb028411280fdb4fb18946e19,1,1,0,1,0
train,578,aircraft_surface_damage_crack_v2_0000578.jpg,train,IMG_20230511_101055_jpg.rf.ab3f6f578deec75a77192448f1a700f8.jpg,img_20230511_101055,75d0a4a4985cf415e40542306126b7228ab66ab74a685181b1e3bdc6a8f75d2e,1,1,0,1,0
train,579,aircraft_surface_damage_crack_v2_0000579.jpg,train,IMG_20230511_101055_jpg.rf.af5dab1262dee557e463f62eee8f2c73.jpg,img_20230511_101055,814a7eae484035a68ccf92da84b5038d77d92755ca496a301f40aed21de29fb2,1,1,0,1,0
train,580,aircraft_surface_damage_crack_v2_0000580.jpg,train,IMG_20230511_101112_jpg.rf.1d6cc1515133fe294c2af564d19db433.jpg,img_20230511_101112,1b29f86cffdbf75b38bbbf10b59ba2df98ef2a6b216a68459c5be97e4da2b801,1,1,0,1,0
train,581,aircraft_surface_damage_crack_v2_0000581.jpg,train,IMG_20230511_101112_jpg.rf.37542cbcb114e1a3ed819bb83b52b48c.jpg,img_20230511_101112,82ebf4a7a95bccc94619f583b8b98923071222918608cc79e365dff613d32729,1,1,0,1,0
train,582,aircraft_surface_damage_crack_v2_0000582.jpg,train,IMG_20230511_101112_jpg.rf.d36cd82c862f45b1cf2f28d49d0e51f8.jpg,img_20230511_101112,6da1b28e2c107fa29cb832633493d26b7310224065c43c827569571793ba3174,1,1,0,1,0
train,583,aircraft_surface_damage_crack_v2_0000583.jpg,train,IMG_20230511_101343_jpg.rf.61040c31eeff2949214c66d91d43ca14.jpg,img_20230511_101343,a3e9510c6f741d528c9df703783c911d0d8ce04c3e207a8af16ce468cb15f8b7,0,0,0,0,0
train,584,aircraft_surface_damage_crack_v2_0000584.jpg,train,IMG_20230511_101343_jpg.rf.9c6bec80b8756983d38f7cde369f985b.jpg,img_20230511_101343,1d0dd699ef1a3976ba3be309c035017db6a686e6a9f48cc92c79ff3216d40fea,0,0,0,0,0
train,585,aircraft_surface_damage_crack_v2_0000585.jpg,train,IMG_20230511_101343_jpg.rf.c53c26fc83eab3f25740dafdd84abef4.jpg,img_20230511_101343,7acfc5e6523179a412868a80444dd756c436504dec0a256e6aeb4865004df2c5,0,0,0,0,0
train,586,aircraft_surface_damage_crack_v2_0000586.jpg,train,IMG_20230511_101356_jpg.rf.0573be35f95ba4932168265a88de2687.jpg,img_20230511_101356,d567138039d0bdb8d1e188143fcb0b8b6a99becdea562217feb97d3e3e717423,0,0,0,0,0
train,587,aircraft_surface_damage_crack_v2_0000587.jpg,train,IMG_20230511_101356_jpg.rf.4e492cc184e0b952cd10337ebe8aeccd.jpg,img_20230511_101356,cf4b4e6e2cebc44fb7039ee1d48a2174e13f6e9bef5cfb217ea3d50eda182924,0,0,0,0,0
train,588,aircraft_surface_damage_crack_v2_0000588.jpg,train,IMG_20230511_101356_jpg.rf.d1173042155716834f6c47a964e91299.jpg,img_20230511_101356,6af50671c0d4da47dfa69595a24a3866754ccaceec6969879cdfd9218eabbc51,0,0,0,0,0
train,589,aircraft_surface_damage_crack_v2_0000589.jpg,train,IMG_20230511_101411_jpg.rf.458badf36badedd15706268eb65c3a40.jpg,img_20230511_101411,42387664ec52a73d56902172dc6c9e7684e1c95e2a7a2b2f05830ca966fcb4ce,0,0,0,0,0
train,590,aircraft_surface_damage_crack_v2_0000590.jpg,train,IMG_20230511_101411_jpg.rf.a655a02f954e53b1cb6d76fc62d855cb.jpg,img_20230511_101411,8314dd6629181e261c97d12d315802b60d4aaf6ba50ac8665b0de82402755adb,0,0,0,0,0
train,591,aircraft_surface_damage_crack_v2_0000591.jpg,train,IMG_20230511_101411_jpg.rf.f2d7c6889a5a7270a0e391df4892e9c9.jpg,img_20230511_101411,c369d0916dbdfdccd5d0bf135991cd5f398b7de7856e07fa9f1ce8c1af3efb60,0,0,0,0,0
train,592,aircraft_surface_damage_crack_v2_0000592.jpg,train,IMG_20230511_102130_jpg.rf.1ecf04d434384bf382e299c4a9f5ffef.jpg,img_20230511_102130,5cbdc7a61af4ebb1de881935ac96490a10eeafb9762d70a4050c0bd431cd6a33,0,0,0,0,0
train,593,aircraft_surface_damage_crack_v2_0000593.jpg,train,IMG_20230511_102130_jpg.rf.ac43acf272b94622817ade32a4e577ca.jpg,img_20230511_102130,ef724f19854397ac4339de996bd38f81f5d7b2f62cf185ee3715d37554940760,0,0,0,0,0
train,594,aircraft_surface_damage_crack_v2_0000594.jpg,train,IMG_20230511_102130_jpg.rf.f84febc9e3cf19ebd8cb9698d3db29dc.jpg,img_20230511_102130,93bf538c00cac7c1f419dd76c72e0251151451ddf0b8049ecc77ecf07f8be4aa,0,0,0,0,0
train,595,aircraft_surface_damage_crack_v2_0000595.jpg,train,IMG_20230511_102300_jpg.rf.4c32a757df9d1d6ff61b49373f436ec9.jpg,img_20230511_102300,933f81fc2c2dd647e489d6792fef1b24b3db853d13a2f3fd03b7cd6e49f09a99,1,1,0,0,1
train,596,aircraft_surface_damage_crack_v2_0000596.jpg,train,IMG_20230511_102300_jpg.rf.c7c1053bbcdeecfd62faf274f58ff1a0.jpg,img_20230511_102300,bdcdd4359e67248aa26460632fdae38765e63c4f98e2aceedd87d554c12177a2,1,1,0,0,1
train,597,aircraft_surface_damage_crack_v2_0000597.jpg,train,IMG_20230511_102300_jpg.rf.fa870b2069c69a727e5a7f84e78cc65b.jpg,img_20230511_102300,1112aaddbe690aaf0985f024cf8ffc5ad08afdf2a8216b2e7fd6a75ca567aa06,1,1,0,0,1
train,598,aircraft_surface_damage_crack_v2_0000598.jpg,train,IMG_20230511_102305_jpg.rf.3823fa31082c9bd34ed031054899ade7.jpg,img_20230511_102305,745a6ddc8f0c7b455475a6b7b2581ca10be5c469786cfc6a263a92bf161b24ce,1,1,0,0,1
train,599,aircraft_surface_damage_crack_v2_0000599.jpg,train,IMG_20230511_102305_jpg.rf.6c8656023835bcc72ee0e4e9b16ba2ff.jpg,img_20230511_102305,fba48817925b0a2c3e174a191aee8b6f5d02a46e9df72f3ce6c005097c7a1843,1,1,0,0,1
train,600,aircraft_surface_damage_crack_v2_0000600.jpg,train,IMG_20230511_102305_jpg.rf.f798ae7bf4f36959a43814c821b4fbd5.jpg,img_20230511_102305,71952d727c4d3acd755e73f3be8495d678bce45b39ad43d7133f8151e6c5ab48,1,1,0,0,1
train,601,aircraft_surface_damage_crack_v2_0000601.jpg,train,IMG_20230511_102314_jpg.rf.89669f6187447686081bb5591b63a2ec.jpg,img_20230511_102314,8482de224686e0558c257f2b9f53d91a9cad11c24f34d3e1421a81d1e0e51259,1,1,0,0,1
train,602,aircraft_surface_damage_crack_v2_0000602.jpg,train,IMG_20230511_102314_jpg.rf.91b03f9e52a0b1e7c2865358ea473cdd.jpg,img_20230511_102314,a13495f592b9b9673592a4849b38d88e263cf95396a15562bdf2c09b72354519,1,1,0,0,1
train,603,aircraft_surface_damage_crack_v2_0000603.jpg,train,IMG_20230511_102314_jpg.rf.dd56869249e53fc909159d7a86640305.jpg,img_20230511_102314,3697fde21a86ba455a7640ada68b9c36bc189f6d3c4ac0234a239445144ee7b6,1,1,0,0,1
train,604,aircraft_surface_damage_crack_v2_0000604.jpg,train,IMG_20230511_102326_jpg.rf.0e4e7f5a96018083618796ed7e84fa67.jpg,img_20230511_102326,e585ba3c9576f8706886daf4ba8352e343e43126404fb60ac120735cbd1b82bf,1,1,0,0,1
train,605,aircraft_surface_damage_crack_v2_0000605.jpg,train,IMG_20230511_102326_jpg.rf.b80568f2ac84be3d278ec3b6c86447ba.jpg,img_20230511_102326,4fff248e0c41f436a0ebafccf011aa6fb221692cbad1bea9c675f404e6fc5a8b,1,1,0,0,1
train,606,aircraft_surface_damage_crack_v2_0000606.jpg,train,IMG_20230511_102326_jpg.rf.e3c817f5b33047d48bef2b2408f0283d.jpg,img_20230511_102326,f03f82a22ab95dd7240740467ab80e7f24da45a973ab6815ff8a96d6f68c8b89,1,1,0,0,1
train,607,aircraft_surface_damage_crack_v2_0000607.jpg,train,IMG_20230511_102354_jpg.rf.37d10e704cd4868b065fb3a9606e1d89.jpg,img_20230511_102354,688f9b1e892536173650ce179e199beb3c44736c3e0a37b9f5b189ef34f2274f,1,1,0,0,1
train,608,aircraft_surface_damage_crack_v2_0000608.jpg,train,IMG_20230511_102354_jpg.rf.581b51e9d0a4351902b284d0b191da4b.jpg,img_20230511_102354,d61c3b16b8bbedfb4023eb05d8bbe3521bfb01fbcb82eda1dd9c1dea356f6b03,1,1,0,0,1
train,609,aircraft_surface_damage_crack_v2_0000609.jpg,train,IMG_20230511_102354_jpg.rf.837e6d846cdf6516adec826be2d25e0f.jpg,img_20230511_102354,663751974fab5230c2a6b75b75c165725019e323b9b35b318f84d2f888387fd1,1,1,0,0,1
train,610,aircraft_surface_damage_crack_v2_0000610.jpg,train,IMG_20230511_102719_jpg.rf.4191df4ff8af3e97dc157e01774be24b.jpg,img_20230511_102719,d06d8a2996f3d3a50fc81a62774b390439b9afc0c134fe2c49c74dd5f5d6a9a9,0,0,0,0,0
train,611,aircraft_surface_damage_crack_v2_0000611.jpg,train,IMG_20230511_102719_jpg.rf.47b21e678e4bc701a7663901a5637581.jpg,img_20230511_102719,21f024023fc4a32cd3228a34aaf6a606f0ed4d69a527b79d287c1243523b12de,0,0,0,0,0
train,612,aircraft_surface_damage_crack_v2_0000612.jpg,train,IMG_20230511_102719_jpg.rf.e0f9107cfbd3bde41337f75c532bceef.jpg,img_20230511_102719,c06b70785bdded90ddd75e59e8a8ff0fe01f2a4aadca19c7d3c877c142f8abd8,0,0,0,0,0
train,613,aircraft_surface_damage_crack_v2_0000613.jpg,train,IMG_20230511_102729_jpg.rf.2c66923004853261010ae7cabe0de1c4.jpg,img_20230511_102729,c7e7d61aa23a10efa7760959e3fb900f3a7939c78766a16ccce65c391bad177b,0,0,0,0,0
train,614,aircraft_surface_damage_crack_v2_0000614.jpg,train,IMG_20230511_102729_jpg.rf.6a4a4e5d43aed7791aedd6ec374923fe.jpg,img_20230511_102729,015a41acfb1a9643057af21c4a1cf34a009ba9af069a0496f2a2e4ce24dec6d8,0,0,0,0,0
train,615,aircraft_surface_damage_crack_v2_0000615.jpg,train,IMG_20230511_102729_jpg.rf.e2a640cee008833eeeae6d621c05098b.jpg,img_20230511_102729,4a19f0e03e3912e7ae4ab0c4d9a8ed6d5da61a1bcc6369607c38065422630f37,0,0,0,0,0
train,616,aircraft_surface_damage_crack_v2_0000616.jpg,train,IMG_20230511_102734_jpg.rf.15a207fd447df4ddd266bb6bb666931d.jpg,img_20230511_102734,76ee23d389b50a419c58bbf1a0e7de1d92325252e6be2cda14c51ce328b583bb,0,0,0,0,0
train,617,aircraft_surface_damage_crack_v2_0000617.jpg,train,IMG_20230511_102734_jpg.rf.3b7876b653f02a893e084de7e4269a64.jpg,img_20230511_102734,7a5b71d8db1ff56cac7be5d9ba8db23eda04c9b2be0382535f77ae4a97aaa4a3,0,0,0,0,0
train,618,aircraft_surface_damage_crack_v2_0000618.jpg,train,IMG_20230511_102734_jpg.rf.ec2657af4af40b72206921693f6d0009.jpg,img_20230511_102734,402b1a316c667e54cf35078e4e739c84b972e9a36378f82cc88711d392da934b,0,0,0,0,0
train,619,aircraft_surface_damage_crack_v2_0000619.jpg,train,IMG_20230511_102738_jpg.rf.7b6849ec397b790370116561bfc47c7d.jpg,img_20230511_102738,c5fd967d822a536e1aa478f06e70d9fe061a6033003282322a2e36a818d6b175,0,0,0,0,0
train,620,aircraft_surface_damage_crack_v2_0000620.jpg,train,IMG_20230511_102738_jpg.rf.b7bf99f539d6c9927d5afa13834553a2.jpg,img_20230511_102738,9f29b4c78aa6614cef9a4d52cd2fd36ab4264de4fa94e5d93cb5c1ae990d0325,0,0,0,0,0
train,621,aircraft_surface_damage_crack_v2_0000621.jpg,train,IMG_20230511_102738_jpg.rf.d02a8d36b3f7a0a29f2737982f80b6fd.jpg,img_20230511_102738,240702b9183d5197f7467376ca340684ea739311566644f65b986a14f11ab9c4,0,0,0,0,0
train,622,aircraft_surface_damage_crack_v2_0000622.jpg,train,IMG_20230511_102743_jpg.rf.043114d885f0135a74ce231d893b4c71.jpg,img_20230511_102743,cc14a7e57d1008b850b8dc238905727d057b9323a0411a8dcc2f39b82671f077,0,0,0,0,0
train,623,aircraft_surface_damage_crack_v2_0000623.jpg,train,IMG_20230511_102743_jpg.rf.1e49d5a25762f54969572a426a2f1626.jpg,img_20230511_102743,7bc4d408ae39cea822324a7f8ddc5103642c4a99e5fc2c1efe07592702b023d0,0,0,0,0,0
train,624,aircraft_surface_damage_crack_v2_0000624.jpg,train,IMG_20230511_102743_jpg.rf.8f9f1060bfcf369523bf7f995033c968.jpg,img_20230511_102743,27c6589a50909f6d85b67132c00a0042e3354978565f506a83512a728195ba1e,0,0,0,0,0
train,625,aircraft_surface_damage_crack_v2_0000625.jpg,train,IMG_20230511_102751_jpg.rf.371a204b00bc5499e2ed56f9b24f3d31.jpg,img_20230511_102751,914673d833d711b28c851906039a4a084d5ad2c390d750baa5bbd70562d3bda8,0,0,0,0,0
train,626,aircraft_surface_damage_crack_v2_0000626.jpg,train,IMG_20230511_102751_jpg.rf.4733eb969c81e1aad4ac3fa630874a37.jpg,img_20230511_102751,c37ae6ddcd9583f4810d418594e71fe1a326ee5c5062e17be11ec4ca9021b7e9,0,0,0,0,0
train,627,aircraft_surface_damage_crack_v2_0000627.jpg,train,IMG_20230511_102751_jpg.rf.edaa3774ea34d1d0a42eea5dc84c1e42.jpg,img_20230511_102751,f80f8281d2a8810fc39d179b82b0e980a5b02434467d4e9341128d4cd2dbb2a9,0,0,0,0,0
train,628,aircraft_surface_damage_crack_v2_0000628.jpg,train,IMG_20230511_102806_jpg.rf.42a8f0d908bf61646210b03b865a90cf.jpg,img_20230511_102806,88a544f037c8f5187ba4dd62346930cf934cef3f393ee7226ea0a87b9d287d47,0,0,0,0,0
train,629,aircraft_surface_damage_crack_v2_0000629.jpg,train,IMG_20230511_102806_jpg.rf.4fba8eafa593a49c677a6b8b70050666.jpg,img_20230511_102806,7f053232e781f98fb1282b4abecee59315655c32d4c2b46362a77372737418a3,0,0,0,0,0
train,630,aircraft_surface_damage_crack_v2_0000630.jpg,train,IMG_20230511_102806_jpg.rf.fb25a9425e7f3aaf726a772b1f731e66.jpg,img_20230511_102806,c25a9274690c5982dd0e0ecfc2f412817798718900a207df3a2577b4addfb957,0,0,0,0,0
train,631,aircraft_surface_damage_crack_v2_0000631.jpg,train,IMG_20230511_102820_jpg.rf.1d8a58ad1dedd8a34c5b050d99044f70.jpg,img_20230511_102820,80e5ea7a0bbd3ffc75607e6e26dfadc077a45a3541c7d685b4c2ebf9f0d9a85b,0,0,0,0,0
train,632,aircraft_surface_damage_crack_v2_0000632.jpg,train,IMG_20230511_102820_jpg.rf.8b810c88653b96e8415ccef62233466a.jpg,img_20230511_102820,0e3158b2d54223cf4ceb197ad3d570413342e04b392e2aeb38b635fc80ccecc8,0,0,0,0,0
train,633,aircraft_surface_damage_crack_v2_0000633.jpg,train,IMG_20230511_102820_jpg.rf.d56b35b8dbe414d01191636199b4e345.jpg,img_20230511_102820,b7de0b0832e949d87adc93fac73e106e3d8d89870c34654e2056767601899c4e,0,0,0,0,0
train,634,aircraft_surface_damage_crack_v2_0000634.jpg,train,IMG_20230511_102828_jpg.rf.48d055f20f39af7b46da3d487b6ed238.jpg,img_20230511_102828,4020a9b19846287c2bd67cfe114197768bed1a8afa95005c8aa143d35b5c8051,0,0,0,0,0
train,635,aircraft_surface_damage_crack_v2_0000635.jpg,train,IMG_20230511_102828_jpg.rf.99071eb42a5f4fc3177a0f459e7d5dff.jpg,img_20230511_102828,2c1e772073bcc1759ed1894b3ca91c6cd3f2a08235785d674305af78997d7dd8,0,0,0,0,0
train,636,aircraft_surface_damage_crack_v2_0000636.jpg,train,IMG_20230511_102828_jpg.rf.9be77a95720264461fd1a10999e86300.jpg,img_20230511_102828,cbc5af890d1f4bf4bb9d09c6b997ffadaa34b71abcfd3c13c39eb59ea81e8d0a,0,0,0,0,0
train,637,aircraft_surface_damage_crack_v2_0000637.jpg,train,IMG_20230511_102838_jpg.rf.213b68479e0a9ef27d501d74c2acefed.jpg,img_20230511_102838,132573f3a11388d5ab225343e3095031e4531ca152a5a410d357dc7b3303f909,0,0,0,0,0
train,638,aircraft_surface_damage_crack_v2_0000638.jpg,train,IMG_20230511_102838_jpg.rf.b01b2e84097f9b151b9ed9fc49cd4b30.jpg,img_20230511_102838,944270889625ce91a35ecb1108843c0200466b4cf2a1b979601d925bcff3d373,0,0,0,0,0
train,639,aircraft_surface_damage_crack_v2_0000639.jpg,train,IMG_20230511_102838_jpg.rf.f9700635ae618dcbfbec2e14c01b5d75.jpg,img_20230511_102838,f12582958776ca82db5e27a75262cb45048bb9300e58b3603ae8e554ea033b2e,0,0,0,0,0
train,640,aircraft_surface_damage_crack_v2_0000640.jpg,train,IMG_20230511_102922_jpg.rf.a165e5927842478168ee18d92d8f82b1.jpg,img_20230511_102922,649b8b66639bae365b597e10d68bc07ed48be3c2de6167be1b105b34c88437c7,0,0,0,0,0
train,641,aircraft_surface_damage_crack_v2_0000641.jpg,train,IMG_20230511_102922_jpg.rf.e734fca811cbe386d7c607c85e08c46a.jpg,img_20230511_102922,7afb95f975b2203561422c561e50d0795388ee6b727f603e6f43d462097c699d,0,0,0,0,0
train,642,aircraft_surface_damage_crack_v2_0000642.jpg,train,IMG_20230511_102922_jpg.rf.f064817da22520a46d13d2812572ac04.jpg,img_20230511_102922,9ea593675e17ecfa5e20bd51329c6a41565d2bf0413e4250a24642b6785a43d3,0,0,0,0,0
train,643,aircraft_surface_damage_crack_v2_0000643.jpg,train,IMG_20230511_103004_jpg.rf.18a6e35ec95add3ba938b444c223e560.jpg,img_20230511_103004,10a87a2f84abd68f565325e677a7e415d07b64bf3e0ed08afe03cf5911e30381,1,1,0,0,1
train,644,aircraft_surface_damage_crack_v2_0000644.jpg,train,IMG_20230511_103004_jpg.rf.8395ecfada220550d6e6074a6d096213.jpg,img_20230511_103004,6841f7516ad5a16e29e14bf14a087f10501402ee965aa223ef8e180c9df29350,1,1,0,0,1
train,645,aircraft_surface_damage_crack_v2_0000645.jpg,train,IMG_20230511_103004_jpg.rf.ff0ef9ff5ec41f5486fc87e5cc7492ba.jpg,img_20230511_103004,01c3754b16b962ea6e6695d4cf34499e03b9333ba5205b3cd9f1aa0f4db0e405,1,1,0,0,1
train,646,aircraft_surface_damage_crack_v2_0000646.jpg,train,IMG_20230511_103009_jpg.rf.5f26aad15600a03a42f8420e048cb0b1.jpg,img_20230511_103009,5a8688f53a1bc5fab9fbeee7c3d61b0ad62b7090ecab08ec635cc3f88a5e8e07,1,1,0,1,0
train,647,aircraft_surface_damage_crack_v2_0000647.jpg,train,IMG_20230511_103009_jpg.rf.d46b8cc89bb49d5ae19f79b43017151c.jpg,img_20230511_103009,b3684e70e31d968228ce041491b8df25f65f6577e3752e9626d49084c72ef7b5,1,1,0,1,0
train,648,aircraft_surface_damage_crack_v2_0000648.jpg,train,IMG_20230511_103009_jpg.rf.fbd26c7af408b7abcc3aa2f3e61bd59c.jpg,img_20230511_103009,4bafa3547509c36537561f6b616379fe10db69db5262886f6478751e681957e5,1,1,0,1,0
train,649,aircraft_surface_damage_crack_v2_0000649.jpg,train,IMG_20230511_103018_jpg.rf.709fe6e31c1792c452c4423f4858bd76.jpg,img_20230511_103018,b678b9ea60d3c9b757974eb311b56752637ed5b05911dc592d3fd0769861519d,1,1,0,0,1
train,650,aircraft_surface_damage_crack_v2_0000650.jpg,train,IMG_20230511_103018_jpg.rf.77c732c02563dba69f0e653894b3784c.jpg,img_20230511_103018,351e95c6e49c40885a186a4b4008dad57c06ad69812daf8e861e7790b74db1a9,1,1,0,0,1
train,651,aircraft_surface_damage_crack_v2_0000651.jpg,train,IMG_20230511_103018_jpg.rf.daabe3e2f67a67e5f248fb159d5288c5.jpg,img_20230511_103018,92a974c1b7e38a0dd2c91b03236b0035792926c18334dedf5f66ed2685208f53,1,1,0,0,1
train,652,aircraft_surface_damage_crack_v2_0000652.jpg,train,IMG_20230511_103027_jpg.rf.3d64ac221c1629f6a0e61b780f65f1e5.jpg,img_20230511_103027,d46f869ffa9e7a04f7ec19eb0f25e287b6c555399aa9cdc6a1093b1aff17c6b4,1,1,0,1,0
train,653,aircraft_surface_damage_crack_v2_0000653.jpg,train,IMG_20230511_103027_jpg.rf.8500da18f1db6ec20aec5632550a46ce.jpg,img_20230511_103027,041c67b999610a75278bd9ba1b3810d030f9802f587db7fd8ca832e5276c740c,1,1,0,1,0
train,654,aircraft_surface_damage_crack_v2_0000654.jpg,train,IMG_20230511_103027_jpg.rf.efa37f013528e1adaa0631d47f5a6880.jpg,img_20230511_103027,33f0e28114bcc002772f20f2e0953d3501103ad4e3a0ebfac5bd925992950698,1,1,0,1,0
train,655,aircraft_surface_damage_crack_v2_0000655.jpg,train,IMG_20230511_103032_jpg.rf.a791ef52791f03ffcc06e310df985203.jpg,img_20230511_103032,03343aba55280e1526c9468c138fd46d1d63572d9c4f8dd990d4735f374ff0ac,1,1,0,1,0
train,656,aircraft_surface_damage_crack_v2_0000656.jpg,train,IMG_20230511_103032_jpg.rf.c847c7f354666d9269add7cf51e73dd2.jpg,img_20230511_103032,2f7ecd401781f3f781524a6d015d0ba1d8702078c512aceaac133fba21b2d93f,1,1,0,1,0
train,657,aircraft_surface_damage_crack_v2_0000657.jpg,train,IMG_20230511_103032_jpg.rf.f0aee709f999e5af54f79c57f6a2326f.jpg,img_20230511_103032,448522dd76a3e57b777407514dabf295bbb9163839d814d1c68f3a4b04ffca17,1,1,0,1,0
train,658,aircraft_surface_damage_crack_v2_0000658.jpg,train,IMG_20230511_103505_jpg.rf.1da20ac10e5af03746e8349608e500d8.jpg,img_20230511_103505,952e7fcced782dbeb44a847dd1d26a9e57545856651c1001390211ef433daa7c,1,1,0,1,0
train,659,aircraft_surface_damage_crack_v2_0000659.jpg,train,IMG_20230511_103505_jpg.rf.7a365c6abd8a263d73b711f76d5d23f8.jpg,img_20230511_103505,1d52ff11dc1326f0e5e592556f9a22f88fa4abe44d2109ca1fc9a9a050e3714c,1,1,0,1,0
train,660,aircraft_surface_damage_crack_v2_0000660.jpg,train,IMG_20230511_103505_jpg.rf.c269f917d6c2f0523e3b25ddc7c9d90c.jpg,img_20230511_103505,b569973d740e95ee713d4efd4e05a36149247f46ea4f8ad1c3c13790ceb2055a,1,1,0,1,0
train,661,aircraft_surface_damage_crack_v2_0000661.jpg,train,IMG_20230511_103509_jpg.rf.355f543932270ac2bc6992ab693a1187.jpg,img_20230511_103509,cf5e67863e1a284b7fbb916040718427ffaf1958ea0193690960c3488275f01c,1,1,0,1,0
train,662,aircraft_surface_damage_crack_v2_0000662.jpg,train,IMG_20230511_103509_jpg.rf.3d68d225b90f6925e716b67836d0cca0.jpg,img_20230511_103509,8254f10e02c81d3e5892fd8df42ec3037798c3f0f3dab4b0eaf3d7f97cd7d6d5,1,1,0,1,0
train,663,aircraft_surface_damage_crack_v2_0000663.jpg,train,IMG_20230511_103509_jpg.rf.43e1035c93d95b5ea168c3aa64392014.jpg,img_20230511_103509,85803cd3cd97343726edb74c652f4cfabe2399ffc031b36165c666438a3504be,1,1,0,1,0
train,664,aircraft_surface_damage_crack_v2_0000664.jpg,train,IMG_20230511_103515_jpg.rf.21c874c59591c487298957c2c0e639df.jpg,img_20230511_103515,2a654af4e37e4014a237ac27ce9e907da1b2e5b210222bff55c3055dea9f07cb,1,1,0,1,0
train,665,aircraft_surface_damage_crack_v2_0000665.jpg,train,IMG_20230511_103515_jpg.rf.bdbdb36f22825d6b61c4f7cf41147d40.jpg,img_20230511_103515,b4f6c4ee64a3526f15e8b788c5fcb772c98f88aa24879f9eb24112ab6fe365c5,1,1,0,1,0
train,666,aircraft_surface_damage_crack_v2_0000666.jpg,train,IMG_20230511_103515_jpg.rf.ec1da4c49e11f0cf65c9ff81f4cb4d43.jpg,img_20230511_103515,bc106b0d7a348238a4076fa55d93da9192b975166199793565791acb38f6410f,1,1,0,1,0
train,667,aircraft_surface_damage_crack_v2_0000667.jpg,train,IMG_20230511_103633_jpg.rf.18f3ff4105fc9e4cc452b40200ca3de7.jpg,img_20230511_103633,55ec4644ffc80e22702d52a37121cc3bd654c002301ca9e96dd1858cc5f5dfed,1,1,0,1,0
train,668,aircraft_surface_damage_crack_v2_0000668.jpg,train,IMG_20230511_103633_jpg.rf.ae95cec8f3e38eb5b3c6e0d55a4f4ee1.jpg,img_20230511_103633,dcb8514dd90bf179d842180d34b33efccef3cc0441b95c54043879c85917c0fc,1,1,0,1,0
train,669,aircraft_surface_damage_crack_v2_0000669.jpg,train,IMG_20230511_103633_jpg.rf.b4cfdb0adddb92108591cbf0e75f67d1.jpg,img_20230511_103633,4a9aec300fdaee5bd4540f78a79227c46a2482bd9622f2568c7da5f9a54fd631,1,1,0,1,0
train,670,aircraft_surface_damage_crack_v2_0000670.jpg,train,IMG_20230511_103639_jpg.rf.2df44e5e514865cd240726319cd27222.jpg,img_20230511_103639,5e6950ef5f655ad744e6e55b01b9680b3a9dba2b2cda23aa05062d3c96eb44d5,1,1,0,0,1
train,671,aircraft_surface_damage_crack_v2_0000671.jpg,train,IMG_20230511_103639_jpg.rf.bed52fdbdf392deae20c641355a002b2.jpg,img_20230511_103639,5e51140d6ed4550ffc24e9c0790fce9ea8548ae796fd4aea2f029885fabdfd26,1,1,0,1,0
train,672,aircraft_surface_damage_crack_v2_0000672.jpg,train,IMG_20230511_103639_jpg.rf.f495cdb7cecd61ca830b9bfe4d420e31.jpg,img_20230511_103639,a57153a90257fbba16d07d896df940f0c9b387e0ad23440ab9450c50b811f66a,1,1,0,0,1
train,673,aircraft_surface_damage_crack_v2_0000673.jpg,train,IMG_20230511_103704_jpg.rf.3af01c5433fefd3cf067d79f9994613c.jpg,img_20230511_103704,581fc895cd16f219eac91e53178861c0b27bccb40053e2418239a1c722b611e6,0,0,0,0,0
train,674,aircraft_surface_damage_crack_v2_0000674.jpg,train,IMG_20230511_103704_jpg.rf.c7797f586211901326c85fdfe1c5865f.jpg,img_20230511_103704,d6e020e0559779ba8664c79d7cfe45493e99c45dc2e54ce03e2a40219520b402,0,0,0,0,0
train,675,aircraft_surface_damage_crack_v2_0000675.jpg,train,IMG_20230511_103704_jpg.rf.ddeff2100caa9ffe88c08bdd80774013.jpg,img_20230511_103704,bf413f504ebca5a7b8f3a588e8e7c8e874269fd204630e840cfff219f6db2a12,0,0,0,0,0
train,676,aircraft_surface_damage_crack_v2_0000676.jpg,train,IMG_20230511_103709_jpg.rf.227dcdc509b4d923747f9ffb098d1eae.jpg,img_20230511_103709,d8f06bfd7a52f7181d78b4d3e39d304d950dae9756b297e506124f8838a25b1f,0,0,0,0,0
train,677,aircraft_surface_damage_crack_v2_0000677.jpg,train,IMG_20230511_103709_jpg.rf.2e3a1503ebdd21ce929bc8922a3490bd.jpg,img_20230511_103709,8994706c5f8caf4ffe9667ad0ff42853665aa4362ea173b20b24a04486944eb9,0,0,0,0,0
train,678,aircraft_surface_damage_crack_v2_0000678.jpg,train,IMG_20230511_103709_jpg.rf.a1399a01e88106558d201627c53b8f62.jpg,img_20230511_103709,1fdfd08bed78aab2fe22d620cdea0bbd8e61bce931159f7bfcf73f9a880f0e30,0,0,0,0,0
train,679,aircraft_surface_damage_crack_v2_0000679.jpg,train,IMG_20230511_103716_jpg.rf.201e439bc59a6ff86a42a0eb310fee7f.jpg,img_20230511_103716,d2b013357f02edc5ffc08f0757d042d5f0d1aef9c0d408a371f1a43302959978,0,0,0,0,0
train,680,aircraft_surface_damage_crack_v2_0000680.jpg,train,IMG_20230511_103716_jpg.rf.abf39e6e9f78ec5bf3ba6344024da710.jpg,img_20230511_103716,1c7278974cdf43f7afaae1dc8d591465494ed70bf55378cd5d2a6f67466cb922,0,0,0,0,0
train,681,aircraft_surface_damage_crack_v2_0000681.jpg,train,IMG_20230511_103716_jpg.rf.fcfe4b0e39129af299c949b17d4f449f.jpg,img_20230511_103716,111f18ccac4b16e00e5f7026ee8754886a5f0be1ea60b8f6698a11190e8eef85,0,0,0,0,0
train,682,aircraft_surface_damage_crack_v2_0000682.jpg,train,IMG_20230511_103726_jpg.rf.0d605fc054c1440ae536170f9c3c2736.jpg,img_20230511_103726,6642f7edd1843a815ed402baff2074146c6d4545584ac97ac0fe4b29fd072e09,0,0,0,0,0
train,683,aircraft_surface_damage_crack_v2_0000683.jpg,train,IMG_20230511_103726_jpg.rf.9e897fa6e00e430c302fd12ec826c75a.jpg,img_20230511_103726,d6f76bd168aada34a0d56a9845e021293ccf00471607543063708910bb0f68d9,0,0,0,0,0
train,684,aircraft_surface_damage_crack_v2_0000684.jpg,train,IMG_20230511_103726_jpg.rf.f79717f335a75f98d2a19cab3f02d938.jpg,img_20230511_103726,518f6805c9cf97b790945f9fde70a46fe219672d3f388ea311d90eb5feb7437e,0,0,0,0,0
train,685,aircraft_surface_damage_crack_v2_0000685.jpg,train,IMG_20230511_103733_jpg.rf.725e3e592821c087b114f9e0d5104f28.jpg,img_20230511_103733,66bb5e338cf0e9e2d79ae401f44c2ef860c9ee8854bb572c8abebaf7524f3d34,0,0,0,0,0
train,686,aircraft_surface_damage_crack_v2_0000686.jpg,train,IMG_20230511_103733_jpg.rf.7ef0df8c1702eefe2f24cd0de71795d8.jpg,img_20230511_103733,95575cd316bd07a704f0365f45066df169c2638c49325f76913618b3bd083599,0,0,0,0,0
train,687,aircraft_surface_damage_crack_v2_0000687.jpg,train,IMG_20230511_103733_jpg.rf.eef6447ed2fb149351c534bda10a2ee0.jpg,img_20230511_103733,22227f8a81b29d8be7f9e3426c34625e1efa6ddf477fd01b752927b1292ecdd2,0,0,0,0,0
train,688,aircraft_surface_damage_crack_v2_0000688.jpg,train,IMG_20230511_103804_jpg.rf.3a6d9c9392749f292143d5286e64acd4.jpg,img_20230511_103804,207d01182c013d345a98e50cb59923bac7a502540a55dd48e8928d0b66f5d627,1,1,0,0,1
train,689,aircraft_surface_damage_crack_v2_0000689.jpg,train,IMG_20230511_103804_jpg.rf.439f768a84d1096326838dfb2a2f827d.jpg,img_20230511_103804,1d15a1884c51cff2dec05df7248103a67f87b3fa72bbd125e42499c339e025d3,1,1,0,0,1
train,690,aircraft_surface_damage_crack_v2_0000690.jpg,train,IMG_20230511_103804_jpg.rf.ca0f255dcaeabb24c9d5a19dc8b9c06d.jpg,img_20230511_103804,22ec3d540f89b2c3b1e3029c75718ac33eb7fb5a7ffb9d96269dbac488c7ea32,1,1,0,0,1
train,691,aircraft_surface_damage_crack_v2_0000691.jpg,train,IMG_20230511_103808_jpg.rf.b5ee0aca2cc9eb01d61893a50de82d98.jpg,img_20230511_103808,cb7836ad12d81ddfe49ebfa74030d75b6e10241a7ded0d1eb914b29a665d2144,1,1,0,0,1
train,692,aircraft_surface_damage_crack_v2_0000692.jpg,train,IMG_20230511_103808_jpg.rf.d0b0ee86057c644232510919164f864b.jpg,img_20230511_103808,89b2c103b27c67de6c4526c4758108a646cf4d4792bdb359a7a5135d8731b70f,1,1,0,0,1
train,693,aircraft_surface_damage_crack_v2_0000693.jpg,train,IMG_20230511_103808_jpg.rf.eb10f3d0eccd1b67f4838ca1a863e8e1.jpg,img_20230511_103808,f86bfa7520e2f05d318616f8f1e1ffe76e6300930b63470f82f66e534735150c,1,1,0,0,1
train,694,aircraft_surface_damage_crack_v2_0000694.jpg,train,IMG_20230511_103815_jpg.rf.3c1316696a15f959c510a436140e868b.jpg,img_20230511_103815,eb5e70a1c0f7f4a2b573cf140823fc82f709959c79f1e9836973197492cf99ff,1,1,0,0,1
train,695,aircraft_surface_damage_crack_v2_0000695.jpg,train,IMG_20230511_103815_jpg.rf.60bc86ef645874e3da8716cb3a5a31f4.jpg,img_20230511_103815,bae112e26fa5b28dbc8e56c02bf202d36e5c83907fd2ee790039f812cf94b146,1,1,0,0,1
train,696,aircraft_surface_damage_crack_v2_0000696.jpg,train,IMG_20230511_103815_jpg.rf.ba39724ee8306a4f71ac427a30c12856.jpg,img_20230511_103815,0c47a3c1d5743cc890acb1ce49398aca147c7e90d1f46568b2b33cb425d3f77d,1,1,0,0,1
train,697,aircraft_surface_damage_crack_v2_0000697.jpg,train,IMG_20230511_103819_jpg.rf.1c8d217307f380a0cc1d4d7be358c4c9.jpg,img_20230511_103819,c1849cff05d3a814aeb929cff48629a72279de1363308936006dc54106ec1176,1,1,0,0,1
train,698,aircraft_surface_damage_crack_v2_0000698.jpg,train,IMG_20230511_103819_jpg.rf.528b26f4692aadf12b07721beb44ab9b.jpg,img_20230511_103819,722d3f12842742908440d3827dc9e354f54d9afa7484077a0f64e70c3c969c2b,1,1,0,0,1
train,699,aircraft_surface_damage_crack_v2_0000699.jpg,train,IMG_20230511_103819_jpg.rf.9e8a935b11dd2a99e13363e4df23d068.jpg,img_20230511_103819,61a2d73c671d62d708b775b142168631d3b94a9612c6e5f9aab551f4f5b3f590,1,1,0,0,1
train,700,aircraft_surface_damage_crack_v2_0000700.jpg,train,IMG_20230511_103824_jpg.rf.5f0ca04729c71ce1e35fe2ff82695e42.jpg,img_20230511_103824,c74cd3602bbec7950b19d8a719379bf11dc4134f275b46fd818f70b72cd15502,1,1,0,0,1
train,701,aircraft_surface_damage_crack_v2_0000701.jpg,train,IMG_20230511_103824_jpg.rf.7df25cc5e3de31f49b2a27745d54bc6b.jpg,img_20230511_103824,ca4c33383cbe49a20e1bb212023812dcc9e1c1ba9fd6ff59df81227448e5bb4a,1,1,0,1,0
train,702,aircraft_surface_damage_crack_v2_0000702.jpg,train,IMG_20230511_103824_jpg.rf.ea36141ce7723ee6f8f03ba115f01c50.jpg,img_20230511_103824,2fd3eb46e5ba8c3bebd31ed109ecb73ce63c889547ae0e442d175df44194e415,1,1,0,0,1
train,703,aircraft_surface_damage_crack_v2_0000703.jpg,train,IMG_20230511_103828_jpg.rf.5498573221fccf4a2b73fb2ae9860b51.jpg,img_20230511_103828,520e03c5efe85121ad47073edfd9cda0590faad76c1a7d1dad1cc863c1cde999,1,1,0,0,1
train,704,aircraft_surface_damage_crack_v2_0000704.jpg,train,IMG_20230511_103828_jpg.rf.e32841eb5c28c1541fbf2fe068764821.jpg,img_20230511_103828,2f9dffb3f95f29227f954f0189e0144a2947fbf115c9dca9a325cf4a90320d62,1,1,0,1,0
train,705,aircraft_surface_damage_crack_v2_0000705.jpg,train,IMG_20230511_103828_jpg.rf.ee2de2e377f30d508f8ae48805e29002.jpg,img_20230511_103828,4c036989e8e6a26c04f4b5096977f30291f1695cb8fa2c70ca4a937a835207c9,1,1,0,0,1
train,706,aircraft_surface_damage_crack_v2_0000706.jpg,train,IMG_20230511_103833_jpg.rf.23d0cf278584831da873fc3d31d55bcd.jpg,img_20230511_103833,686eb85a04a8c898a02fc54bdf8112ffb454f05db3efd0c73eaa8beb29cff90b,1,1,0,1,0
train,707,aircraft_surface_damage_crack_v2_0000707.jpg,train,IMG_20230511_103833_jpg.rf.3d76520047bcff5ecae09215d4efc4f3.jpg,img_20230511_103833,c8e616bc0561f0035d38ac574a54d662ab315da8cc150d59ff6bd47885a0df0d,1,1,0,1,0
train,708,aircraft_surface_damage_crack_v2_0000708.jpg,train,IMG_20230511_103833_jpg.rf.80a5fc1e8c4efb1314352810694b70ef.jpg,img_20230511_103833,1fb64219076f5497dadc288c2867d23bdbe01e0fd49540e8314f7861f9d3ed70,1,1,0,1,0
train,709,aircraft_surface_damage_crack_v2_0000709.jpg,train,IMG_20230511_103908_jpg.rf.118b1997822c872a5a0da316db8cd23c.jpg,img_20230511_103908,9edac4107fcc5498f487fdcea7033738bc1173a48c8d51a006a1c85f315d203e,0,0,0,0,0
train,710,aircraft_surface_damage_crack_v2_0000710.jpg,train,IMG_20230511_103908_jpg.rf.7675567adee3bd3dbb2ead005240f155.jpg,img_20230511_103908,1da4f8c495e2ca924d970a8cf697b4814e246ac5e98dcf872f3bf454b446f02d,0,0,0,0,0
train,711,aircraft_surface_damage_crack_v2_0000711.jpg,train,IMG_20230511_103908_jpg.rf.d0c4b52620e5b8d355850a328d0b3171.jpg,img_20230511_103908,5752755a5f123772603f0fa242a783abdcb042dd32153f48e2907ff54011a2d5,0,0,0,0,0
train,712,aircraft_surface_damage_crack_v2_0000712.jpg,train,IMG_20230511_103911_jpg.rf.5b5ef62c8376a3c4c0352801099c36b0.jpg,img_20230511_103911,2cd758106679499fce7fcb133196196fffd9593b430b5a0db8e4dc0f3cd1341d,0,0,0,0,0
train,713,aircraft_surface_damage_crack_v2_0000713.jpg,train,IMG_20230511_103911_jpg.rf.63726738fd2a43f64adc1c22db1589fe.jpg,img_20230511_103911,44eb7e0ead0c7f75b9d0b36eb9f239cc581b1f9868e84c0659128305a4ad1fd4,0,0,0,0,0
train,714,aircraft_surface_damage_crack_v2_0000714.jpg,train,IMG_20230511_103911_jpg.rf.9ba776788c7ad6da5a71b27350f9f526.jpg,img_20230511_103911,5dacc248679a57b7a3cfe243092072b9b25625f60c8bae40a2992def994df3fd,0,0,0,0,0
train,715,aircraft_surface_damage_crack_v2_0000715.jpg,train,IMG_20230511_103915_jpg.rf.653e4d7cb75b5cd5ce9d4c202b586967.jpg,img_20230511_103915,2352195e49d0d8e8cf71f1eb9c38b3f5270011ab52e3c8ef1bcc33e730e4279c,0,0,0,0,0
train,716,aircraft_surface_damage_crack_v2_0000716.jpg,train,IMG_20230511_103915_jpg.rf.76a9af57b2acf9f01fcdf440cec04dd7.jpg,img_20230511_103915,af2ebff8c5016781648a229ca08d540c34ea410b3ff22cce5db71da918f16f22,0,0,0,0,0
train,717,aircraft_surface_damage_crack_v2_0000717.jpg,train,IMG_20230511_103915_jpg.rf.c58647c50a1cdc9432b889b919c01b1f.jpg,img_20230511_103915,e3726ebd3f6d6aa9657672cf367c1f0889c816574072b489146886510e974268,0,0,0,0,0
train,718,aircraft_surface_damage_crack_v2_0000718.jpg,train,IMG_20230511_103922_jpg.rf.5af5e378117bb63e841736ddc71a506e.jpg,img_20230511_103922,2f6a30396cd94e3580adc08fc01382bbc22c80cbc25fb9dcce92c76815c525a6,0,0,0,0,0
train,719,aircraft_surface_damage_crack_v2_0000719.jpg,train,IMG_20230511_103922_jpg.rf.8bf9e560c4e937e014ed1af234ebdd51.jpg,img_20230511_103922,cb3599998d2a16973eb9fb0e6427258d58d858c1678ad63a84f24b287c8592f6,0,0,0,0,0
train,720,aircraft_surface_damage_crack_v2_0000720.jpg,train,IMG_20230511_103922_jpg.rf.e3e4928dd04c854132d239b636606228.jpg,img_20230511_103922,968df44431740825d2fb644f41f369ea29eca7c642cf1ce3298142eaeb8f64c2,0,0,0,0,0
train,721,aircraft_surface_damage_crack_v2_0000721.jpg,train,IMG_20230511_103938_jpg.rf.3433b0e9f02d478fc12efcd7cf0c2f2e.jpg,img_20230511_103938,657378e2c17da8430af08cf412f79476759b303e435748eaf010e4eba92f1674,0,0,0,0,0
train,722,aircraft_surface_damage_crack_v2_0000722.jpg,train,IMG_20230511_103938_jpg.rf.4916a237feebbc84772dff7b02f2c78a.jpg,img_20230511_103938,efff34d784a5a124b8d4ebde625ace5fa1af160afbf05ad814904d62fbcaad29,0,0,0,0,0
train,723,aircraft_surface_damage_crack_v2_0000723.jpg,train,IMG_20230511_103938_jpg.rf.64971d92656c9b0aa48afe3611eac914.jpg,img_20230511_103938,e993559ec6090c705672309de761a24ef8ecc834497b9340feb9197706d6f73a,0,0,0,0,0
train,724,aircraft_surface_damage_crack_v2_0000724.jpg,train,IMG_20230511_103946_jpg.rf.237d7074708a100e93d4f445f4e84dd5.jpg,img_20230511_103946,aad926a3cb03cbc4981445834ba10d7b61c6446fde584aa4df9f7c5b11c1c2be,0,0,0,0,0
train,725,aircraft_surface_damage_crack_v2_0000725.jpg,train,IMG_20230511_103946_jpg.rf.5fe130f0441aa2c12783576f8019f6f2.jpg,img_20230511_103946,7221648e2dfe6c5e277734e3dda26cf05afefa7692bd1e0dd2101a2419b446e7,0,0,0,0,0
train,726,aircraft_surface_damage_crack_v2_0000726.jpg,train,IMG_20230511_103946_jpg.rf.b2eaaedd444e36d2313fe05267481a29.jpg,img_20230511_103946,281af9ec7222a080402ba6e76ff9a026b4cb93d00dfefb68ea31e0db6ce0ae21,0,0,0,0,0
train,727,aircraft_surface_damage_crack_v2_0000727.jpg,train,IMG_20230511_103955_jpg.rf.111dab9e2950d839686642244afc7656.jpg,img_20230511_103955,7cd59c22d7ebe138e7af35c34d1defbbc1d9b1d2106e5829a3565d47a1b74fea,0,0,0,0,0
train,728,aircraft_surface_damage_crack_v2_0000728.jpg,train,IMG_20230511_103955_jpg.rf.1a39e6522d14db457364f91e50b88218.jpg,img_20230511_103955,fe3158f7cbe9861b1a7376494a64a980d4331e072564a6612f9ffe396e4ce5a5,0,0,0,0,0
train,729,aircraft_surface_damage_crack_v2_0000729.jpg,train,IMG_20230511_103955_jpg.rf.7110049629902e0dfbb5da0dc84a45d9.jpg,img_20230511_103955,8a7322a7589cbe78caec100e6dd244907b91b9a9cc60bed4f1467aa71581939e,0,0,0,0,0
train,730,aircraft_surface_damage_crack_v2_0000730.jpg,train,IMG_20230511_104004__01_jpg.rf.7b9da2633ebd165c9cfc49f3eeb2a4db.jpg,img_20230511_104004,cbae0570e4af2ebf61626fdcf1a37c743dc106e26d9a5790213ba82943b0e270,0,0,0,0,0
train,731,aircraft_surface_damage_crack_v2_0000731.jpg,train,IMG_20230511_104004__01_jpg.rf.9dacaa39a2f24b9b107b4389399ba197.jpg,img_20230511_104004,b23cf38a078cf5b23df1b70aeda3995873ee99d54fb08fb7ea866d8a1ee54e47,0,0,0,0,0
train,732,aircraft_surface_damage_crack_v2_0000732.jpg,train,IMG_20230511_104004__01_jpg.rf.a7f342c19493633a09ef9b328068b44c.jpg,img_20230511_104004,eb713fba8138a84703e1e292033d68322f19524d11356986b480bb5279beff51,0,0,0,0,0
train,733,aircraft_surface_damage_crack_v2_0000733.jpg,train,IMG_20230511_104004_jpg.rf.223d615d962491a9fb944591b95e1eb8.jpg,img_20230511_104004,0a7bb2bea8fa1b7de9d674acc1a97068cb68d95ab86496498bdbf9ad79f5ab35,0,0,0,0,0
train,734,aircraft_surface_damage_crack_v2_0000734.jpg,train,IMG_20230511_104004_jpg.rf.a0eda745994671c650e585ab4f06c14b.jpg,img_20230511_104004,a44bc5c18ed26d5f6e009512179b5e17d6203082775f81e57df031cef7c92c24,0,0,0,0,0
train,735,aircraft_surface_damage_crack_v2_0000735.jpg,train,IMG_20230511_104004_jpg.rf.a18f629180cd8ed17a8cf5ba87e64a35.jpg,img_20230511_104004,d5b40982f54724e9adc9a1b9b144ca3d9e1c3b019e1814b44825c1a1a7b93a85,0,0,0,0,0
train,736,aircraft_surface_damage_crack_v2_0000736.jpg,train,IMG_20230511_104012_jpg.rf.4f68d6bd695f55218c7208174e8c964e.jpg,img_20230511_104012,5d5bb235cf743f059299bf6338ba6257d05dd52e10dcb1a2c3977c9726d01f65,0,0,0,0,0
train,737,aircraft_surface_damage_crack_v2_0000737.jpg,train,IMG_20230511_104012_jpg.rf.c3df94ea06bf377b739bf09707bb5309.jpg,img_20230511_104012,e9726f9adb3dfcd9fac28c12ebdf647202ffa9009b6344e63dd67b5bbdb6c5e2,0,0,0,0,0
train,738,aircraft_surface_damage_crack_v2_0000738.jpg,train,IMG_20230511_104012_jpg.rf.e647d37624932d3256c43958d7739c85.jpg,img_20230511_104012,d01addd5fbccb29c0e0586aa30b8d1718234e5cdfa86574824e174790fab8ca8,0,0,0,0,0
train,739,aircraft_surface_damage_crack_v2_0000739.jpg,train,IMG_20230511_104032_jpg.rf.1515d92158b0781bef4e3cad4121ce62.jpg,img_20230511_104032,1570bbab65be2a45fe1ef2f57eae1d9782743fe1fbf95189eb65978da15dc997,0,0,0,0,0
train,740,aircraft_surface_damage_crack_v2_0000740.jpg,train,IMG_20230511_104032_jpg.rf.5226230bd5538614df8276d37b468c71.jpg,img_20230511_104032,e362a24319a4291cd762949109ecdcaab3d0c5e2968a4c3fcc29847b742466c6,0,0,0,0,0
train,741,aircraft_surface_damage_crack_v2_0000741.jpg,train,IMG_20230511_104032_jpg.rf.d322e3d64d76ec38ca66cb20b981ed9e.jpg,img_20230511_104032,6793a717505f202a74f861516e0a01529ee1a49d3cdaa7b81af0b25806e7c012,0,0,0,0,0
train,742,aircraft_surface_damage_crack_v2_0000742.jpg,train,IMG_20230511_104205_jpg.rf.7a94002309543db5ee0e9eecf9be9484.jpg,img_20230511_104205,f5c258c95ff842de7d484e5f4f2f431e339aa8853ebc4ab619984b2550fb2d5b,1,1,0,0,1
train,743,aircraft_surface_damage_crack_v2_0000743.jpg,train,IMG_20230511_104205_jpg.rf.7ff74c827e3bb71db3b091fe73b266a3.jpg,img_20230511_104205,9ec0a084e420b7c2f5b32783d7d7964fcd281eab012cb35e41f7b9d75ae60362,1,1,0,0,1
train,744,aircraft_surface_damage_crack_v2_0000744.jpg,train,IMG_20230511_104205_jpg.rf.b08f90f53f7142f3b9491dc10323ef9a.jpg,img_20230511_104205,3810bf46cb7202b0f6785379b68c4fc668a9430e452b9cebe479868b8f550947,1,1,0,0,1
train,745,aircraft_surface_damage_crack_v2_0000745.jpg,train,IMG_20230511_104214_jpg.rf.2fb75e16ed9687580b07e1f447384aa5.jpg,img_20230511_104214,cf63408c98068ebda6310eb1d304cb02f93224612e4f1aef743050ee61ae7741,1,2,0,0,2
train,746,aircraft_surface_damage_crack_v2_0000746.jpg,train,IMG_20230511_104214_jpg.rf.ca517807b2cee03e6bd26178344045d1.jpg,img_20230511_104214,f586b134ba5b415e550dfa7084e99f5d8838a0ef94b392335f5409b1324807f1,1,2,0,0,2
train,747,aircraft_surface_damage_crack_v2_0000747.jpg,train,IMG_20230511_104214_jpg.rf.fe90942a8e6de3b4ec53f4d9bfcacead.jpg,img_20230511_104214,4c44e7227b09e642e7d48c8316f10a92936f1cd4fc54f9660dd81bbf0d328943,1,2,0,0,2
train,748,aircraft_surface_damage_crack_v2_0000748.jpg,train,IMG_20230511_104307_jpg.rf.0b22cc15c834ef07f9442c84767fc55e.jpg,img_20230511_104307,9a386d02277b6372b08c2eed868d034e0e633006afc5b8bf0b5e6aa46ced7edc,0,0,0,0,0
train,749,aircraft_surface_damage_crack_v2_0000749.jpg,train,IMG_20230511_104307_jpg.rf.50120f3ec71b5b585eb1e736abf4b468.jpg,img_20230511_104307,74367884e7fe45ebdb8654be0eb7a968445e76994eab2284b4ecec6f173face9,0,0,0,0,0
train,750,aircraft_surface_damage_crack_v2_0000750.jpg,train,IMG_20230511_104307_jpg.rf.f7f58151ab467f1c6ad34044b000ad41.jpg,img_20230511_104307,a8a263285b6a9d6441dc36126c63731a8ae35f9c0cf0b987fcb74234ada31d6f,0,0,0,0,0
train,751,aircraft_surface_damage_crack_v2_0000751.jpg,train,IMG_20230511_104314_jpg.rf.10f6d51752112c7ea130f67ecfcd76c8.jpg,img_20230511_104314,91eed7e24afedbf27eb61de274e460adbec0f3625a7344d959c1c999cc50b476,0,0,0,0,0
train,752,aircraft_surface_damage_crack_v2_0000752.jpg,train,IMG_20230511_104314_jpg.rf.a0ef40a0edceec139a12aabcd034f795.jpg,img_20230511_104314,6137606d604e6ed68125beca1ed5140e7b5961ffa7d96998413d04179d5a8620,0,0,0,0,0
train,753,aircraft_surface_damage_crack_v2_0000753.jpg,train,IMG_20230511_104314_jpg.rf.b533492df6f416cffbb60119719a8764.jpg,img_20230511_104314,7e92ea6af97c18d00f69890b716c3ea2bef0c3a3ca085e82cea5f3dd2aa9128c,0,0,0,0,0
train,754,aircraft_surface_damage_crack_v2_0000754.jpg,train,IMG_20230511_104319_jpg.rf.aa6b17e297fbdd3a340e21e980806583.jpg,img_20230511_104319,ac587d0694448f3b85ef3fe12f8e265f5c57dbcf7013eb022b841226d0cbe745,0,0,0,0,0
train,755,aircraft_surface_damage_crack_v2_0000755.jpg,train,IMG_20230511_104319_jpg.rf.dc600f1bce44d0563974cf38c3a32665.jpg,img_20230511_104319,8542771b3545f9d53f05950863173fc26959d3c6ee4cbf5dcce3d88d0a5dcc90,0,0,0,0,0
train,756,aircraft_surface_damage_crack_v2_0000756.jpg,train,IMG_20230511_104319_jpg.rf.f3d2b7efafedb28324d09c9ec0d3d36d.jpg,img_20230511_104319,5294078b016fd58f2c0537150a5960c1b539c31cfe6caa985195f00bf50c0bd9,0,0,0,0,0
train,757,aircraft_surface_damage_crack_v2_0000757.jpg,train,IMG_20230511_104647_jpg.rf.3278698e6850f2e98bfac49813c1f727.jpg,img_20230511_104647,d2201d564d1e24d711ea115296b163b739888d9d24501363c52f0aba8a908c9c,1,2,0,1,1
train,758,aircraft_surface_damage_crack_v2_0000758.jpg,train,IMG_20230511_104647_jpg.rf.5be27881e08b560b1875701f0d37c7a1.jpg,img_20230511_104647,fb37abc7cb0cd099b96a6d3c5ffe3464b826c26847357c90aaa3ab4d980a5284,1,2,0,1,1
train,759,aircraft_surface_damage_crack_v2_0000759.jpg,train,IMG_20230511_104647_jpg.rf.99415cc9fb80714d3e91988699ef619c.jpg,img_20230511_104647,d73f709995808d0ee8186d890403f8adb589c4ef7acebe866a787545dd48fc58,1,2,0,1,1
train,760,aircraft_surface_damage_crack_v2_0000760.jpg,train,IMG_20230511_104826_jpg.rf.a893f5bb935b61b62e0fc2f45745ac65.jpg,img_20230511_104826,2604d6479562f7cc431fa03a15f2ae6aa95a212cfdf32f42138b652443fea955,0,0,0,0,0
train,761,aircraft_surface_damage_crack_v2_0000761.jpg,train,IMG_20230511_104826_jpg.rf.f69d0122667c1a6c084cdd1a27bf8914.jpg,img_20230511_104826,80d4c784e13e59e4f826651053782d341498d4bcf73e7663f2b61e54c2994470,0,0,0,0,0
train,762,aircraft_surface_damage_crack_v2_0000762.jpg,train,IMG_20230511_104826_jpg.rf.f962d3d35405a0bae944b68270b282e6.jpg,img_20230511_104826,5b3ccf607de4057aee6e40192af03787ee85bd865683c71f3d554107301443bc,0,0,0,0,0
train,763,aircraft_surface_damage_crack_v2_0000763.jpg,train,IMG_20230511_104830_jpg.rf.1f68ab3a418e4077916bbff061c0105e.jpg,img_20230511_104830,6f694ce01a39cf6e1503f2bc1812542c1ff08099684fb760823ac9d6195e19f0,0,0,0,0,0
train,764,aircraft_surface_damage_crack_v2_0000764.jpg,train,IMG_20230511_104830_jpg.rf.a642d13068ba996ced79ef248a59a243.jpg,img_20230511_104830,ace31807bdf09210bbea18bfd81cba17ce2bb8830ce7779c5182cda186e5d199,0,0,0,0,0
train,765,aircraft_surface_damage_crack_v2_0000765.jpg,train,IMG_20230511_104830_jpg.rf.bdb43fdd9b60f257d9e4090385930091.jpg,img_20230511_104830,4527fc6152973b2662c36e53e301d75d209f4cb7a3e91162d1ef139f030d5b72,0,0,0,0,0
train,766,aircraft_surface_damage_crack_v2_0000766.jpg,train,IMG_20230511_104834_jpg.rf.5d1c9744de23fc20f11839034ca1b6d9.jpg,img_20230511_104834,027209f141eae9131b14edcce0dbe7ffcc51cf8a4b5f59a71f25d888bc300013,0,0,0,0,0
train,767,aircraft_surface_damage_crack_v2_0000767.jpg,train,IMG_20230511_104834_jpg.rf.5fb3d47927b12dcde2754cdec8fa7380.jpg,img_20230511_104834,9a76fbe93087886e2011bc5b00ff6f2b1da073ce6e6c6a8f3a4257b0f7328ab9,0,0,0,0,0
train,768,aircraft_surface_damage_crack_v2_0000768.jpg,train,IMG_20230511_104834_jpg.rf.f15b7576e4601767e94ab4be54663cf0.jpg,img_20230511_104834,ea968658bf33d5ff98635fbbd99676ca209cf6605984105bb2e651bbf5ca8f0a,0,0,0,0,0
train,769,aircraft_surface_damage_crack_v2_0000769.jpg,train,IMG_20230511_104837_jpg.rf.63c0bf98cebff3b4a24d997ee69706d7.jpg,img_20230511_104837,a7365fa47ea5494cf71c03764f557a9db2f2b5a6a4aa7e12b8188b7a705f4e75,0,0,0,0,0
train,770,aircraft_surface_damage_crack_v2_0000770.jpg,train,IMG_20230511_104837_jpg.rf.9b579b98a07c938d6cdf15a84a9d0856.jpg,img_20230511_104837,8e3ba3e52787fe35f1387e0a391d9fa6d814ce11032ecd737c02421a954d870c,0,0,0,0,0
train,771,aircraft_surface_damage_crack_v2_0000771.jpg,train,IMG_20230511_104837_jpg.rf.cc743c7736b3ff73468fcd111e4124af.jpg,img_20230511_104837,d6e0dfb56e2e47f0de7f10593b899af38020cf1bb5ea277bc70d291741a4c673,0,0,0,0,0
train,772,aircraft_surface_damage_crack_v2_0000772.jpg,train,IMG_20230511_104840_jpg.rf.c06a5c728d3943baea9888dc39755ec1.jpg,img_20230511_104840,8a89c98be64f711ab9af64cdc3f2d17bc66945605bdc1c2228a3ec9838a844c3,0,0,0,0,0
train,773,aircraft_surface_damage_crack_v2_0000773.jpg,train,IMG_20230511_104840_jpg.rf.e0748c9819d7e0e0f7b76c972cc63081.jpg,img_20230511_104840,c67af7aaed7eefd7db92f104098816785e7c815aa97fcb4bafab38e5e935d4a8,0,0,0,0,0
train,774,aircraft_surface_damage_crack_v2_0000774.jpg,train,IMG_20230511_104840_jpg.rf.fa26af90369ea389e4fa2c6c1db764d5.jpg,img_20230511_104840,1eacf1a81dbc244e7c16d5cb7686961a8b5bc9969ae39ac8f13faed2dea5e43f,0,0,0,0,0
train,775,aircraft_surface_damage_crack_v2_0000775.jpg,train,IMG_20230511_104900_jpg.rf.2378aeb732dea16d96a89b5f6cc943c2.jpg,img_20230511_104900,3f293d695feb0b63e8b520215824b3d4aa4be587dafb036318cc8f457ee69899,0,0,0,0,0
train,776,aircraft_surface_damage_crack_v2_0000776.jpg,train,IMG_20230511_104900_jpg.rf.83b71dc7551e67c5219bdb302f08008e.jpg,img_20230511_104900,bbea8102a813f6733f1098c4d3d7b99c384df0da1f0040a966f677feb259609d,0,0,0,0,0
train,777,aircraft_surface_damage_crack_v2_0000777.jpg,train,IMG_20230511_104900_jpg.rf.995bf584d835b27c86b5ed06ff8ffb52.jpg,img_20230511_104900,2cbbb3215c664c6b22c2a7fc403fc3500c72521366df5d76c4880f6bc6d98087,0,0,0,0,0
train,778,aircraft_surface_damage_crack_v2_0000778.jpg,train,IMG_20230511_104904_jpg.rf.02aca9007010337bad6dea00cc262fd4.jpg,img_20230511_104904,9e160ba2588eb51000d84e7ad6c3b803fcd49c50087ec397f6ff7a053253c2a3,0,0,0,0,0
train,779,aircraft_surface_damage_crack_v2_0000779.jpg,train,IMG_20230511_104904_jpg.rf.04e7630fdd003681e2ccb62a42abcad5.jpg,img_20230511_104904,1a9f68e3b2f11dc5635e6cb599ba41a05a7bbdff264a0e19aea29d78f6d7c0ea,0,0,0,0,0
train,780,aircraft_surface_damage_crack_v2_0000780.jpg,train,IMG_20230511_104904_jpg.rf.8d7ef760901903ae1da46d632210fd8f.jpg,img_20230511_104904,bfc3d472cb1bc4e0edc62fde563d6ba00569375fbf067e2de8bfe40dd34cfe50,0,0,0,0,0
train,781,aircraft_surface_damage_crack_v2_0000781.jpg,train,IMG_20230511_104908_jpg.rf.4c72d603dfa7d3b07ea1adba3365d5ff.jpg,img_20230511_104908,1ed3a46dc9ab3b1818bd6a156d9a458c1daa2dff33b10b1434a32c961586b696,0,0,0,0,0
train,782,aircraft_surface_damage_crack_v2_0000782.jpg,train,IMG_20230511_104908_jpg.rf.a31412f40f75907f38d34c777f319fbf.jpg,img_20230511_104908,ddb1c2407e14b694c23ae5536321bb2d495e989e781e50184d808c6078e01fab,0,0,0,0,0
train,783,aircraft_surface_damage_crack_v2_0000783.jpg,train,IMG_20230511_104908_jpg.rf.b7f999ca34b75514c35d23cad17b70fa.jpg,img_20230511_104908,bfac40ca1067309df7d78d6dbcc6941aadfde81a8e939df367930df9bba3c8db,0,0,0,0,0
train,784,aircraft_surface_damage_crack_v2_0000784.jpg,train,IMG_20230511_104911_jpg.rf.21a850c645469410f6cb219c3a9cc9df.jpg,img_20230511_104911,d377cdbbdfe634087f0dcc088f965a013d34536606da6eadf4ef059a9490d8c4,0,0,0,0,0
train,785,aircraft_surface_damage_crack_v2_0000785.jpg,train,IMG_20230511_104911_jpg.rf.a0fe3061bfb76c302b744306d47f475c.jpg,img_20230511_104911,2e169f7c0fdfcfb0f1d62684f7b681a0ecd7c11387fe1b5598bd8e4c03a1040b,0,0,0,0,0
train,786,aircraft_surface_damage_crack_v2_0000786.jpg,train,IMG_20230511_104911_jpg.rf.ef494962b8ee838317bede9d9465e3c3.jpg,img_20230511_104911,92d3c64d49445f1408dac469b2809bf59b674a2ce165b87649498309afcb4302,0,0,0,0,0
train,787,aircraft_surface_damage_crack_v2_0000787.jpg,train,IMG_20230511_104918_jpg.rf.5128e4d3ac95c3fd2860746b41f3d582.jpg,img_20230511_104918,99c2141cb6c2337255e24fdd60aa21ac8eccfbe5c4113c2649bd27b84350f5b3,0,0,0,0,0
train,788,aircraft_surface_damage_crack_v2_0000788.jpg,train,IMG_20230511_104918_jpg.rf.64e6b2081b8a67244a389c4b5ea00d48.jpg,img_20230511_104918,c2caf06d1cd3198ea4566ed402c1c839e3fc4cf54852837883cd57b0125ff199,0,0,0,0,0
train,789,aircraft_surface_damage_crack_v2_0000789.jpg,train,IMG_20230511_104918_jpg.rf.e650948fba111ac764f82c2ebb9efaf3.jpg,img_20230511_104918,911da0a369759d7dcd3237b8917a98075c0f74b4d0790743c5ec66b6e1518fc6,0,0,0,0,0
train,790,aircraft_surface_damage_crack_v2_0000790.jpg,train,IMG_20230511_104923_jpg.rf.47e4b0d0f28f7f077f2c14384d369b6a.jpg,img_20230511_104923,a917f279f29c22e1277d9ce0019af2866e851f673efa5bd0d100314390a1abbe,0,0,0,0,0
train,791,aircraft_surface_damage_crack_v2_0000791.jpg,train,IMG_20230511_104923_jpg.rf.6256866d99062d27506d9d765e33e985.jpg,img_20230511_104923,5de339bb2c24ba88ed85d5ed08b1c4eb2e244467b8be23370a7b670f861619f9,0,0,0,0,0
train,792,aircraft_surface_damage_crack_v2_0000792.jpg,train,IMG_20230511_104923_jpg.rf.d911483affa73bacbe74db044fef0083.jpg,img_20230511_104923,9ec365bcee25a8ce6a4e00a16187630e0058a5c3f716c5e8b11760cb87e7a212,0,0,0,0,0
train,793,aircraft_surface_damage_crack_v2_0000793.jpg,train,IMG_20230511_104926_jpg.rf.12bede0034848349532c2ba90c3c609b.jpg,img_20230511_104926,378e417777bfa52ce9ced38242e1989a06097b9e61c9f1855aded92c383db511,0,0,0,0,0
train,794,aircraft_surface_damage_crack_v2_0000794.jpg,train,IMG_20230511_104926_jpg.rf.470c6e7d9d5ac04352bf77bbe8594b77.jpg,img_20230511_104926,e0bbfcfa4a48337d7f6898b078154b89a2d9616197bf646907df85822b9df322,0,0,0,0,0
train,795,aircraft_surface_damage_crack_v2_0000795.jpg,train,IMG_20230511_104926_jpg.rf.d6e8eb7ff864f34c566374566cfa03cf.jpg,img_20230511_104926,54bbbf5fca27caf6967f57ae401ef1395103488ec18a41203f787fd4647e9799,0,0,0,0,0
train,796,aircraft_surface_damage_crack_v2_0000796.jpg,train,IMG_20230511_104930_jpg.rf.81fac3bb8c0fc224864b6c9c63dd9e2a.jpg,img_20230511_104930,49af71d992109f8e29633442a71b7721bd39154b843e151a70f17067711f5221,0,0,0,0,0
train,797,aircraft_surface_damage_crack_v2_0000797.jpg,train,IMG_20230511_104930_jpg.rf.a284e3b446e9cf894fbd1693e9e9c5ad.jpg,img_20230511_104930,4774211ed78bc2bc65a85a61b06eeedb98c702696421cbd2f22814eb79c2cba9,0,0,0,0,0
train,798,aircraft_surface_damage_crack_v2_0000798.jpg,train,IMG_20230511_104930_jpg.rf.c596a7a3529676cb3bcfeeeff036ea1f.jpg,img_20230511_104930,40ecb34a78ce80cd91b40c7a7ca7385be666af564ff338217e150eb0470e86b5,0,0,0,0,0
train,799,aircraft_surface_damage_crack_v2_0000799.jpg,train,IMG_20230511_104932_jpg.rf.12cad341e72bf54ce0506f78ea81e0a5.jpg,img_20230511_104932,1f03abd3b5e8f21622a49beb441576350149d58c1b604be43bdc90c1f4c758ca,0,0,0,0,0
train,800,aircraft_surface_damage_crack_v2_0000800.jpg,train,IMG_20230511_104932_jpg.rf.29e08814e6eb67772c870db5cf6016b5.jpg,img_20230511_104932,3bfb3903ec2e5d553d67d91e3e976779a7c7c7e5b13b14ae067ea4c9b33efe46,0,0,0,0,0
train,801,aircraft_surface_damage_crack_v2_0000801.jpg,train,IMG_20230511_104932_jpg.rf.7dc9fb6f805ee900f5322358fa8096ca.jpg,img_20230511_104932,fd75c9b335f4910ddc00b4f5f86ba27e781c874b573eda6dcb208729b747a6d9,0,0,0,0,0
train,802,aircraft_surface_damage_crack_v2_0000802.jpg,train,IMG_20230511_104940_jpg.rf.170e541a74aa807b751ae6df6e0ef1dd.jpg,img_20230511_104940,a6bbe7388f3d96fa8d3e03f1687b541dbc76f7ee6a823f3b14197dd4eb76911e,0,0,0,0,0
train,803,aircraft_surface_damage_crack_v2_0000803.jpg,train,IMG_20230511_104940_jpg.rf.907ede624537b50caa114e7575322e8d.jpg,img_20230511_104940,6a1991a38239d76ac5acd25599f6fc941300980cc4074e8c2fad3fa39584b2c9,0,0,0,0,0
train,804,aircraft_surface_damage_crack_v2_0000804.jpg,train,IMG_20230511_104940_jpg.rf.da95f65231befe599d78b94fd1a7e543.jpg,img_20230511_104940,1237955e8851538d2563618b90b3b034f0ada0432875f065e71e881468c61d69,0,0,0,0,0
train,805,aircraft_surface_damage_crack_v2_0000805.jpg,train,IMG_20230511_104947_jpg.rf.60b224603115ba11ff13e6bb41c7ef7e.jpg,img_20230511_104947,8bbcc10e60d00a0b8e054ae4fef5f4d1b3d8b1789534c9e75ad10c1ec33c14a8,0,0,0,0,0
train,806,aircraft_surface_damage_crack_v2_0000806.jpg,train,IMG_20230511_104947_jpg.rf.c48bd276f9b26734d9cff9ce44316f27.jpg,img_20230511_104947,f0e6622662a240f528ccda472b1cc66384dd79ee711723c01ec4b0e55b10408d,0,0,0,0,0
train,807,aircraft_surface_damage_crack_v2_0000807.jpg,train,IMG_20230511_104947_jpg.rf.d8ea30077ceba7d046b7d17b079c6b9c.jpg,img_20230511_104947,eadcbb41155c9e89be54342ed15330475c2f693a6062a59e3aa4d012ba268c28,0,0,0,0,0
train,808,aircraft_surface_damage_crack_v2_0000808.jpg,train,IMG_20230511_104953_jpg.rf.7aa451b99539846cd692ab3fe5ef08ec.jpg,img_20230511_104953,e79ecbf8971ce92164c173e73aaf2ec42c1211a95f14ddc8c18224b69331730c,0,0,0,0,0
train,809,aircraft_surface_damage_crack_v2_0000809.jpg,train,IMG_20230511_104953_jpg.rf.bb2fb1ade7dfacd2364af8a0a45c5009.jpg,img_20230511_104953,2d7690379203e70550d427abe9acd121d3e30a855bcf7e8732ed63c3a71f2f2c,0,0,0,0,0
train,810,aircraft_surface_damage_crack_v2_0000810.jpg,train,IMG_20230511_104953_jpg.rf.d306d452d35cdd50070a8c217df77278.jpg,img_20230511_104953,9c5da8d4f1a98ee05c4ab1dcef9ac1b8ba46f45f23b583b5f70e880f46f2b03b,0,0,0,0,0
train,811,aircraft_surface_damage_crack_v2_0000811.jpg,train,IMG_20230511_105015_jpg.rf.89cede53479a63d6d9a0956749a973f7.jpg,img_20230511_105015,f3d7d4cc0008b6cae416184bd83b4eec5aa5660fe71b7cd322fa009dc2c2b314,0,0,0,0,0
train,812,aircraft_surface_damage_crack_v2_0000812.jpg,train,IMG_20230511_105015_jpg.rf.919ce54c0c911fa7d9fef40ac1971cb1.jpg,img_20230511_105015,ae347afb0c0ada706cb3f5d3a8bc26ab06553b8771e46267a9d9843a8ae3d19c,0,0,0,0,0
train,813,aircraft_surface_damage_crack_v2_0000813.jpg,train,IMG_20230511_105015_jpg.rf.a54e155ba292fbdac482027a97d19005.jpg,img_20230511_105015,cb4e6dd0524739d8a475c1ab21697ff3010c732690716f0d87b8849ade35bb6b,0,0,0,0,0
train,814,aircraft_surface_damage_crack_v2_0000814.jpg,train,IMG_20230511_105021_jpg.rf.14e313c37a18d25685fdd6217d24512b.jpg,img_20230511_105021,6bea912b4b51de8ab59bd6b76c5100a04a739c9dcf2379e6ba99f826fff02a4f,0,0,0,0,0
train,815,aircraft_surface_damage_crack_v2_0000815.jpg,train,IMG_20230511_105021_jpg.rf.1f3a6f169382828bbcafc7c6782d85ad.jpg,img_20230511_105021,197b647c0dcecf783dedcf2857707471e6a1ab47aa0c21cb835e425ca7d543d3,0,0,0,0,0
train,816,aircraft_surface_damage_crack_v2_0000816.jpg,train,IMG_20230511_105021_jpg.rf.78843ce01b140cab06148c92c5df25fb.jpg,img_20230511_105021,8f09ce4967b0e831961ddb0e91cc8c08e64698ac8ac7490eafd64f5add7c5c5a,0,0,0,0,0
train,817,aircraft_surface_damage_crack_v2_0000817.jpg,train,IMG_20230511_105032_jpg.rf.0e6d08b46fdc5841e60fe1b4694858cc.jpg,img_20230511_105032,586e4efc86096a5cb1261afd146b4a5ed793a594d8d2a087df4e23cbf6b64d44,0,0,0,0,0
train,818,aircraft_surface_damage_crack_v2_0000818.jpg,train,IMG_20230511_105032_jpg.rf.76d7a5fbb0fff1af39047b0509842201.jpg,img_20230511_105032,8e32a0b49812d279297af5d6554a9a84844535a20ed71a7a6ee63f014b92d8b2,0,0,0,0,0
train,819,aircraft_surface_damage_crack_v2_0000819.jpg,train,IMG_20230511_105032_jpg.rf.925816be9abb96ee0249119c4a199af3.jpg,img_20230511_105032,8bd4564f91782f3d1a60e7343c7ffb4fd40b260c49e357b2fc687fa949d2742d,0,0,0,0,0
train,820,aircraft_surface_damage_crack_v2_0000820.jpg,train,IMG_20230511_105037_jpg.rf.87caee92a1e8c54a3710eb9b13e34630.jpg,img_20230511_105037,68a4eabf8ae2fb4afcf0489d0764a499d246e6c5ee0f06d06952cb9298e31824,0,0,0,0,0
train,821,aircraft_surface_damage_crack_v2_0000821.jpg,train,IMG_20230511_105037_jpg.rf.99c315463112aee5ed88025ea88a6617.jpg,img_20230511_105037,26ce2a8bfd62f2d7e586f5bb51eb14ccd81619f9872b990b0d76c0574a0d8eff,0,0,0,0,0
train,822,aircraft_surface_damage_crack_v2_0000822.jpg,train,IMG_20230511_105037_jpg.rf.ab6c5712df6f8bffc673dd1200cac555.jpg,img_20230511_105037,1b02f1d63054dfdc4d8762c28766c3dbd1b19dc497b3c3bc9c692e75befb71b8,0,0,0,0,0
train,823,aircraft_surface_damage_crack_v2_0000823.jpg,train,IMG_20230511_105104_jpg.rf.0b15eb77caaeeefd193e88bd9b16b94e.jpg,img_20230511_105104,211b19df28dfee590a8e5469098ebf22a8032a29db92651b8bf8c962cc041a84,0,0,0,0,0
train,824,aircraft_surface_damage_crack_v2_0000824.jpg,train,IMG_20230511_105104_jpg.rf.81d94e0687d8d6f43973be3950d3eef2.jpg,img_20230511_105104,64c624e5f7cce82e5e5d7f7569ba472c04eec24d9b9c5a0b197a6b4e30a5c2da,0,0,0,0,0
train,825,aircraft_surface_damage_crack_v2_0000825.jpg,train,IMG_20230511_105104_jpg.rf.ae35e18bd09ddd9e4e46a32c280dfa45.jpg,img_20230511_105104,90f57a0c624e5769125d9a26a2b9187a9768e96ebac5bf699cae023073023be1,0,0,0,0,0
train,826,aircraft_surface_damage_crack_v2_0000826.jpg,train,IMG_20230511_105112_jpg.rf.29f148e8d9a2367f0b8084bd722dc1f9.jpg,img_20230511_105112,c9ac450ae589e364b8d6dabd3d3fb72e512edd3554a05321341afaa1ec6ee94c,0,0,0,0,0
train,827,aircraft_surface_damage_crack_v2_0000827.jpg,train,IMG_20230511_105112_jpg.rf.8613a5d6266af893c93f47ab05f8f751.jpg,img_20230511_105112,41698cadbdfa29af134b0b6b936fe83914f9f3102a7b907485769f296a789ec1,0,0,0,0,0
train,828,aircraft_surface_damage_crack_v2_0000828.jpg,train,IMG_20230511_105112_jpg.rf.afb0f2076f2248f00a93a2e528a92a0f.jpg,img_20230511_105112,da44e6ac8e5ae27f61b14cd054bb158cd62a557dff85e1297773bf1ee2bc7013,0,0,0,0,0
train,829,aircraft_surface_damage_crack_v2_0000829.jpg,train,IMG_20230511_105119_jpg.rf.8dcff65f51f649c18bb6897a9d65e09e.jpg,img_20230511_105119,5f3438d3ec98818a1fb0d4a2344489cdf9d8d441ea68e5b37b09993679902e7f,0,0,0,0,0
train,830,aircraft_surface_damage_crack_v2_0000830.jpg,train,IMG_20230511_105119_jpg.rf.9dde1616284e15059fd1d860243e5767.jpg,img_20230511_105119,957a977858c5fc916761dc6c7e38b2e58bc1b23b40a091c43305337d5519840f,0,0,0,0,0
train,831,aircraft_surface_damage_crack_v2_0000831.jpg,train,IMG_20230511_105119_jpg.rf.f07b0f450ae81f2866f9280c72aa0cd7.jpg,img_20230511_105119,7c83332b4d79a1f73be9563f784db94db7b710b2182abc1483abdb27ef67a220,0,0,0,0,0
train,832,aircraft_surface_damage_crack_v2_0000832.jpg,train,IMG_20230511_105250_jpg.rf.21b3ca8c6816580f16bf2e849d0a495a.jpg,img_20230511_105250,ff2126c59673b6d5a51378b9eb5e8160acad77a0f2d8ba40992a798a57695077,1,1,0,1,0
train,833,aircraft_surface_damage_crack_v2_0000833.jpg,train,IMG_20230511_105250_jpg.rf.65e5fadc8669146f8835a931e5fb9fce.jpg,img_20230511_105250,c00cf9b95cf9472ad5d7b57cf52d1380182c4e7c2c716a25a287869af4800b7f,1,1,0,0,1
train,834,aircraft_surface_damage_crack_v2_0000834.jpg,train,IMG_20230511_105250_jpg.rf.7de2d60ce8dc2c21217443f9a4df031e.jpg,img_20230511_105250,410098aa5d12ad3dac9e832388793f54e2c19c89052777198fd2fe9a3d1b2358,1,1,0,1,0
train,835,aircraft_surface_damage_crack_v2_0000835.jpg,train,IMG_20230511_105253_jpg.rf.1f8301711fb3b0ad1ab53e9117354bd8.jpg,img_20230511_105253,04a1a605791957ebec9105cee89b538bbfa54af27ce73237aa822df29014e0f1,1,1,0,1,0
train,836,aircraft_surface_damage_crack_v2_0000836.jpg,train,IMG_20230511_105253_jpg.rf.49f4ff7ea7f887600ba3611d2fad550f.jpg,img_20230511_105253,d1405dbf976a135a01cc14f70c3cd4f0ac830da05942524ea641ff6a038a6d8f,1,1,0,1,0
train,837,aircraft_surface_damage_crack_v2_0000837.jpg,train,IMG_20230511_105253_jpg.rf.d309ad9c400cb1578266c237294ca34c.jpg,img_20230511_105253,6f692ad09f7abd58031bbb6044e18635af4a9d2a625d5a1b4e87c0ee715ca07d,1,1,0,1,0
train,838,aircraft_surface_damage_crack_v2_0000838.jpg,train,IMG_20230511_105258_jpg.rf.073f2571a5387649b7153c3aedb1ee8e.jpg,img_20230511_105258,3b809fff210ef6a6d3f680718ed97c110c59f67f3d951f4277be71da53c9cbf4,1,1,0,1,0
train,839,aircraft_surface_damage_crack_v2_0000839.jpg,train,IMG_20230511_105258_jpg.rf.2212db88da33770d7954e67b0d128331.jpg,img_20230511_105258,de934270fe110197574ea13c898c681c3f3b2155b50652e6c5e5bd0d4a6ff841,1,1,0,0,1
train,840,aircraft_surface_damage_crack_v2_0000840.jpg,train,IMG_20230511_105258_jpg.rf.5f3740905a4e5be50a924f0e3744a62d.jpg,img_20230511_105258,c3bccad70c1f81629914fdf62e67084aa0e90eae153100d7d826ebd1b70dbf69,1,1,0,1,0
train,841,aircraft_surface_damage_crack_v2_0000841.jpg,train,IMG_20230511_105302_jpg.rf.4e049044406cda713380fd4a42d0d405.jpg,img_20230511_105302,1376a89608d8ed2d42b9ded0ac33d75ee75702fa13f36f7b0fa628d7290ce763,1,1,0,0,1
train,842,aircraft_surface_damage_crack_v2_0000842.jpg,train,IMG_20230511_105302_jpg.rf.98881197998bc02778ab1d8e2f1911cb.jpg,img_20230511_105302,340a8cacd960abf1b7e85d60f2044f36f737894e61eb3f930f28d9c7bb0d1cc0,1,1,0,0,1
train,843,aircraft_surface_damage_crack_v2_0000843.jpg,train,IMG_20230511_105302_jpg.rf.d847312553dca5c9a240739d044d2eb2.jpg,img_20230511_105302,a3d6ca849c1e08e35591852d3ae7da1234711fd79979020f32bcfd02355783d3,1,1,0,1,0
train,844,aircraft_surface_damage_crack_v2_0000844.jpg,train,IMG_20230511_105415_jpg.rf.79ce05be1efb8fbee4fc9d131f323ed1.jpg,img_20230511_105415,77fb888832dd45293e2895ff11fecae902b4bb981a715b5007e01035b89e86e7,0,0,0,0,0
train,845,aircraft_surface_damage_crack_v2_0000845.jpg,train,IMG_20230511_105415_jpg.rf.a70ab2c5c23cf75c4531ceab0d81b045.jpg,img_20230511_105415,2cf8ab6b6a478088ac05e65092078d15da35889b7d528e4c86af1e85ab891773,0,0,0,0,0
train,846,aircraft_surface_damage_crack_v2_0000846.jpg,train,IMG_20230511_105415_jpg.rf.d0c8b42932f9088100d8952ccb62b1ff.jpg,img_20230511_105415,1838674a0c7fc7ab2a96a00d4d627babe536091de55a4d729bd28482255d23ed,0,0,0,0,0
train,847,aircraft_surface_damage_crack_v2_0000847.jpg,train,IMG_20230511_105420_jpg.rf.291d0564d4e2700311f70d1e47bc175d.jpg,img_20230511_105420,e87ee13ed887eb03e45f2ff195521f5a5572a766c4a51acf8f0d6e41fadf5332,0,0,0,0,0
train,848,aircraft_surface_damage_crack_v2_0000848.jpg,train,IMG_20230511_105420_jpg.rf.af7f7033e9db7e8007c872e7e1895d7b.jpg,img_20230511_105420,fb4cefd79a61de606d84cc2d64189eb8dd3fe73f16802b66a41e467aa6b697b6,0,0,0,0,0
train,849,aircraft_surface_damage_crack_v2_0000849.jpg,train,IMG_20230511_105420_jpg.rf.e7e9ee115e9acc2e216983d115970ca2.jpg,img_20230511_105420,37a066b7fdae8ca1fb6068be3dc454be711da72cdc633ef858711fe4b2c5e634,0,0,0,0,0
train,850,aircraft_surface_damage_crack_v2_0000850.jpg,train,IMG_20230511_105423_jpg.rf.8fee13d96e6020bc3a65527b93aa6e4c.jpg,img_20230511_105423,3dcecfc63c3ac5b1bfea592d360abc4179b30a257c91db48bcfab0664db177ad,0,0,0,0,0
train,851,aircraft_surface_damage_crack_v2_0000851.jpg,train,IMG_20230511_105423_jpg.rf.b41f9fc00fb24fb26d1ee79e87009ed6.jpg,img_20230511_105423,596d54f4595951f5a462a58ecaeadbd7a6cda726c8ce4c8e8f24e04f791c21f7,0,0,0,0,0
train,852,aircraft_surface_damage_crack_v2_0000852.jpg,train,IMG_20230511_105423_jpg.rf.cdbbcd908263d34b7769c66d745c7bbf.jpg,img_20230511_105423,b531747a193f8532cb015c674b0ce87ca8e3a11596c6aef6a9ed0505c1090a39,0,0,0,0,0
train,853,aircraft_surface_damage_crack_v2_0000853.jpg,train,IMG_20230511_105523_jpg.rf.4961204bf007bfffbd8898a7d0a64ef1.jpg,img_20230511_105523,5c4db6ddcedc71b989eb9d559a840b9d8db1613b045f6883049da11b854f2851,1,1,0,1,0
train,854,aircraft_surface_damage_crack_v2_0000854.jpg,train,IMG_20230511_105523_jpg.rf.8c1ae212ead6aec88d3724a2531bce53.jpg,img_20230511_105523,bf641c4b0840fbbd438643acac4d9d019bf9556fffcaaf7a0ddfac9f39ad27e0,1,1,0,1,0
train,855,aircraft_surface_damage_crack_v2_0000855.jpg,train,IMG_20230511_105523_jpg.rf.dc7c56fa44bdf21ca4599e24844f34bb.jpg,img_20230511_105523,dee27fea75df4dd4582da1372c4c7c448d85ff1e3c6a5c702c1ad38096148d34,1,1,0,1,0
train,856,aircraft_surface_damage_crack_v2_0000856.jpg,train,IMG_20230511_105526_jpg.rf.31bc19e59c1774d6bcfb3ba83bc6f4d6.jpg,img_20230511_105526,ee66f3b5e81ddc2c33820fd87b97f7fb2dba9b053e81e1f96d6a64128d42b6c4,1,1,0,0,1
train,857,aircraft_surface_damage_crack_v2_0000857.jpg,train,IMG_20230511_105526_jpg.rf.b254fc7716c45ca822b9b024dfc05cf7.jpg,img_20230511_105526,09b375129086c6620c552537fa39d6debebcf7d522161c06dcb09083cc572a38,1,1,0,0,1
train,858,aircraft_surface_damage_crack_v2_0000858.jpg,train,IMG_20230511_105526_jpg.rf.ba1fbcfb5e7a394ceda549e316c9a852.jpg,img_20230511_105526,149ab9d610aa28bd21584f92a2c0cda7df3635bf4f17cee67802ed9b816d208c,1,1,0,0,1
train,859,aircraft_surface_damage_crack_v2_0000859.jpg,train,IMG_20230511_105533_jpg.rf.85218e734a596f8e9533f262065cefe8.jpg,img_20230511_105533,6b2524fdbacfa4890eb3ff020dd65b3a750542307ed06131b2db96ef68f502a4,1,3,0,2,1
train,860,aircraft_surface_damage_crack_v2_0000860.jpg,train,IMG_20230511_105533_jpg.rf.bf2ff408beaeb7d31850eca5b9988400.jpg,img_20230511_105533,a92b7c15a6d38554f5b380d7ee618da6ce9da21e4f388ab2ddc59d99c5740b8b,1,3,0,2,1
train,861,aircraft_surface_damage_crack_v2_0000861.jpg,train,IMG_20230511_105533_jpg.rf.d179b4737d79471ced7520dd039d4085.jpg,img_20230511_105533,f2af38a525076b0722ecc23d54b9ab3a489ac1f561551c15ae9690994297ab51,1,3,1,2,0
train,862,aircraft_surface_damage_crack_v2_0000862.jpg,train,IMG_20230511_105602_jpg.rf.072a5675b5e40bd1709b19d4470a277a.jpg,img_20230511_105602,15f996f18e1e4770c557ec399a18611fe05c48afcbca5d25275afc15a4a5c7a1,0,0,0,0,0
train,863,aircraft_surface_damage_crack_v2_0000863.jpg,train,IMG_20230511_105602_jpg.rf.0ed5c1c63be8e909bb2a9007a931f30a.jpg,img_20230511_105602,c72cce67cf4e4979fe5c2e8ed680977188fe540fadd0c9b31c640cc3f468a076,0,0,0,0,0
train,864,aircraft_surface_damage_crack_v2_0000864.jpg,train,IMG_20230511_105602_jpg.rf.61ab7d46d2a44b4c375eccd6f18082d9.jpg,img_20230511_105602,9b55e78a52575e3d0b0eb5818ee46ba59f9d43a4d84ea87f8620d06804025e2e,0,0,0,0,0
train,865,aircraft_surface_damage_crack_v2_0000865.jpg,train,IMG_20230511_105606_jpg.rf.289c833edad8493aaa5b7c65dcb146b4.jpg,img_20230511_105606,1902d7b67a1c0c5face4c62eb84e7ca3bb861d6647ac993d867c4300b8f01c5d,0,0,0,0,0
train,866,aircraft_surface_damage_crack_v2_0000866.jpg,train,IMG_20230511_105606_jpg.rf.90de8013713edd1e19f0cbceb72f467e.jpg,img_20230511_105606,9ce9654adc0c781da4e11e5df3b559b50550b4f341d971d9cef5f37f915c7ddf,0,0,0,0,0
train,867,aircraft_surface_damage_crack_v2_0000867.jpg,train,IMG_20230511_105606_jpg.rf.bbba8674209166c4ddfb6a9d07439a80.jpg,img_20230511_105606,f4dd3b25fb0a8ddabefb092eff141201ea5e64e0db727ba985330339ae668c81,0,0,0,0,0
train,868,aircraft_surface_damage_crack_v2_0000868.jpg,train,IMG_20230512_115825_jpg.rf.64a469d0a0b8e6982e699ee91b15c7e0.jpg,img_20230512_115825,c621268e2f438367136329b2266d31907832eb2b32e50ca06226a4e8ab7ebdd3,0,0,0,0,0
train,869,aircraft_surface_damage_crack_v2_0000869.jpg,train,IMG_20230512_115825_jpg.rf.7c423bffa061739e119fbdf7119cd309.jpg,img_20230512_115825,e9b6105f5a6c3e826e27774335dbe0e5ce6ffdb774192bc433b7a912b1ebf8be,0,0,0,0,0
train,870,aircraft_surface_damage_crack_v2_0000870.jpg,train,IMG_20230512_115825_jpg.rf.e14e035ae2735535c5edaf23837e2856.jpg,img_20230512_115825,2ed2f4d2582f37a998afa01e6e63ad5f6bd444ea965ed1119e4236cc3b762729,0,0,0,0,0
train,871,aircraft_surface_damage_crack_v2_0000871.jpg,train,IMG_20230512_115831_jpg.rf.27bd4be910c78c50007f06f0f2cf9681.jpg,img_20230512_115831,a7384a56cc300b5151123c5200aad59ad4a95c9764d2eeca6ab4aed086887970,0,0,0,0,0
train,872,aircraft_surface_damage_crack_v2_0000872.jpg,train,IMG_20230512_115831_jpg.rf.d97db52cca61b6b975ea3ca1daab8edf.jpg,img_20230512_115831,5b26aedfe0544a342fbae9a0c63abdc58d892df46454e7ebd664555b31f1d60c,0,0,0,0,0
train,873,aircraft_surface_damage_crack_v2_0000873.jpg,train,IMG_20230512_115831_jpg.rf.f33cf99be393a53b4ab5bfbb3fe3f8d2.jpg,img_20230512_115831,ec057ac132998ea4c9260593e45357d211c8f1751489776220fef4e8f4740e58,0,0,0,0,0
train,874,aircraft_surface_damage_crack_v2_0000874.jpg,train,IMG_20230512_115837_jpg.rf.400ac584846c55854264f45ae1ccb67d.jpg,img_20230512_115837,b2d9282bc2465eac7284cacf87413f5aa81242f437303bbae47a89c1f4aff1ff,0,0,0,0,0
train,875,aircraft_surface_damage_crack_v2_0000875.jpg,train,IMG_20230512_115837_jpg.rf.5b3a279ef45ea430d1b907ed1926fd19.jpg,img_20230512_115837,5521ae825f60d4fbc685e954a810c121e874baf3f9d7e585f8895f24faa4c630,0,0,0,0,0
train,876,aircraft_surface_damage_crack_v2_0000876.jpg,train,IMG_20230512_115837_jpg.rf.f583103326d41e9fc84827a1d2a5ba63.jpg,img_20230512_115837,6047037062ecd4ecb76af1f48ee04bb059c41ae0578792d53ec5250b6abecac5,0,0,0,0,0
train,877,aircraft_surface_damage_crack_v2_0000877.jpg,train,IMG_20230512_115912_jpg.rf.36c9607cba3a0aa93180a53edb726c29.jpg,img_20230512_115912,8439e53e0a79a3653b3ebd79dc91313e67e24f46400f4caea7422e55533bfec8,0,0,0,0,0
train,878,aircraft_surface_damage_crack_v2_0000878.jpg,train,IMG_20230512_115912_jpg.rf.6dce5b39403298f38a97dadf7aca3df6.jpg,img_20230512_115912,d8edcaf8aa0b0c1b41b0b5ead1e1683fb5ed6c3b4bd25f6ed8d213e686f95c9e,0,0,0,0,0
train,879,aircraft_surface_damage_crack_v2_0000879.jpg,train,IMG_20230512_115912_jpg.rf.72d602c0342ceafeeeb2b233baa81552.jpg,img_20230512_115912,389e3b9e9d7031c0c39b32ad3600af0d7451b2ee744a2adbe802f1f0dc2ea3a1,0,0,0,0,0
train,880,aircraft_surface_damage_crack_v2_0000880.jpg,train,IMG_20230512_115918_jpg.rf.3123c84b7366df91ad7aef787c2e030a.jpg,img_20230512_115918,61d46897c9e855db55d4f19bbf19176adc17fe15d188601d138820451f5e437d,0,0,0,0,0
train,881,aircraft_surface_damage_crack_v2_0000881.jpg,train,IMG_20230512_115918_jpg.rf.8c23e7a8d8e6a26785a39dd51f5f4922.jpg,img_20230512_115918,dd9d5ac1ba72105e19c6e82231a64e699048e774a40b4c1c7a0bd1191e3ccab3,0,0,0,0,0
train,882,aircraft_surface_damage_crack_v2_0000882.jpg,train,IMG_20230512_115918_jpg.rf.b5fd82b6e97bb098385120f4646afb07.jpg,img_20230512_115918,a4f3460dabf25b3c060580a73e84041faa800e1770f30a9ae624ace626326492,0,0,0,0,0
train,883,aircraft_surface_damage_crack_v2_0000883.jpg,train,IMG_20230512_115923_jpg.rf.40c2c0273c41ea0657b03e3b7a7f57e8.jpg,img_20230512_115923,2bfa91921927153de01970718b1fc57f7b252ae76377158e2ac5c122144259fa,0,0,0,0,0
train,884,aircraft_surface_damage_crack_v2_0000884.jpg,train,IMG_20230512_115923_jpg.rf.5f320cd5f40848b744ab9a8d91242f9a.jpg,img_20230512_115923,7fc28001de8d88386e5870e35332e3c47c53500eadffaaebd250c6755b2add96,0,0,0,0,0
train,885,aircraft_surface_damage_crack_v2_0000885.jpg,train,IMG_20230512_115923_jpg.rf.6c1abdf33ea177c230c196fa13530c72.jpg,img_20230512_115923,4716d1c82a75d5d5814a4bd4b3283eac839cd8fd5bc79669b0aa65699cca90ed,0,0,0,0,0
train,886,aircraft_surface_damage_crack_v2_0000886.jpg,train,IMG_20230512_115931_jpg.rf.027bfddb9f11116c8c57af7309695c12.jpg,img_20230512_115931,78bfaca7d9ac705b2eaec73fe129df99b3e5a783c2c315351bacf6e53c8b0c44,0,0,0,0,0
train,887,aircraft_surface_damage_crack_v2_0000887.jpg,train,IMG_20230512_115931_jpg.rf.422eeb0141a3d547f8a30d08de75f63b.jpg,img_20230512_115931,5081376ae23d2a2256789e40f27a6067c1b1493ed2f7925b100d05fa4c7e6d9e,0,0,0,0,0
train,888,aircraft_surface_damage_crack_v2_0000888.jpg,train,IMG_20230512_115931_jpg.rf.491d5ebf89493255264de488473d6261.jpg,img_20230512_115931,29d1c323923991c806acf18ae78b54ad519f98987f1f05379d9413843eb63f9b,0,0,0,0,0
train,889,aircraft_surface_damage_crack_v2_0000889.jpg,train,IMG_20230512_120135_jpg.rf.2adf7380dc5c23ca174a060962f065c6.jpg,img_20230512_120135,015cdcdde806618cb995ea4772e2c184cbe08f4ca1e7d09aa4179ff957c164ff,0,0,0,0,0
train,890,aircraft_surface_damage_crack_v2_0000890.jpg,train,IMG_20230512_120135_jpg.rf.95fc41201a4796472de7f2e5d7e71ae6.jpg,img_20230512_120135,619ab655dc71fe80c3c66a33c97a93421fb177a6224c0ad0685f2c6a5cd3ddc1,0,0,0,0,0
train,891,aircraft_surface_damage_crack_v2_0000891.jpg,train,IMG_20230512_120135_jpg.rf.d23b16040aac25f2381743850e9e8f35.jpg,img_20230512_120135,5fda9cfcbc5ffbbcf54b8325185da435e856be336b54f49b9c2e47e04f19c5f4,0,0,0,0,0
train,892,aircraft_surface_damage_crack_v2_0000892.jpg,train,IMG_20230512_120144_jpg.rf.12ab39a1202d5a810498238b7bbc3394.jpg,img_20230512_120144,93ab31fc2ca75245456ec1af4d39fe40fab9ab02f52a97f3b409ddaf0ba4c107,0,0,0,0,0
train,893,aircraft_surface_damage_crack_v2_0000893.jpg,train,IMG_20230512_120144_jpg.rf.417544db604a7d523b563ea2e28f2086.jpg,img_20230512_120144,645840db9cf2b6f11d63050f10a0a64b70b845a3779aadce1f59f6b8d77eaef3,0,0,0,0,0
train,894,aircraft_surface_damage_crack_v2_0000894.jpg,train,IMG_20230512_120144_jpg.rf.801b4bbecb455f960b10356c83f4213c.jpg,img_20230512_120144,a1d73c1df6a430a9b2e8fc2f8fb211b3388e6afb2b78602d5d58777f1e2aef8f,0,0,0,0,0
train,895,aircraft_surface_damage_crack_v2_0000895.jpg,train,IMG_20230512_120220_jpg.rf.85a7684dfe369a6b1a4a3328a6daed07.jpg,img_20230512_120220,85f1183eb2ed18225cec2273b123dfd83813d1832e119a3f7a6d790d32d7d10f,0,0,0,0,0
train,896,aircraft_surface_damage_crack_v2_0000896.jpg,train,IMG_20230512_120220_jpg.rf.93b9c8afda9ce2cf05083c7744af2676.jpg,img_20230512_120220,fe8ed74b5bf1c198198f6403682494068eab09c0a6632e45abcdcf47b327bae9,0,0,0,0,0
train,897,aircraft_surface_damage_crack_v2_0000897.jpg,train,IMG_20230512_120220_jpg.rf.f966d412251ba00f2374952f3de8df09.jpg,img_20230512_120220,13bbe0214a674997b82648e9011b1712e3bff03b74e7210e52fe121749a9ebaf,0,0,0,0,0
train,898,aircraft_surface_damage_crack_v2_0000898.jpg,train,IMG_20230512_120225_jpg.rf.16ca09258e9da650560da799f3603a08.jpg,img_20230512_120225,aee674891e2e95bda950a0291f782cb6074c0f3bd091f984577f17c7a825166b,0,0,0,0,0
train,899,aircraft_surface_damage_crack_v2_0000899.jpg,train,IMG_20230512_120225_jpg.rf.1734316a88c65ce6a77f8f53d3bf80bf.jpg,img_20230512_120225,b2d7b64fff557f5a298b809a05f35f824862eb623825ffe4de453e971262cb88,0,0,0,0,0
train,900,aircraft_surface_damage_crack_v2_0000900.jpg,train,IMG_20230512_120225_jpg.rf.3327cb4f221584164b247fd8052c4bc2.jpg,img_20230512_120225,a9edf6eba67d058e083333cafa762819c1b1a6ea8c8acb7ec3f6c5aa7ab4f446,0,0,0,0,0
train,901,aircraft_surface_damage_crack_v2_0000901.jpg,train,IMG_20230512_120446_jpg.rf.28a0fda70cc710289fa1e85fc68f649d.jpg,img_20230512_120446,4b032a4fe042b3cdff19aa7521fcac0e4967ebe0e6ea9c413a47d4127cf9c71c,0,0,0,0,0
train,902,aircraft_surface_damage_crack_v2_0000902.jpg,train,IMG_20230512_120446_jpg.rf.34c2bf147c99f1d17c1b3b812f7468f0.jpg,img_20230512_120446,11cd96caee2cc8ed132b9ae757a61ff7a64674f7a6186ad53523c9f49ecd98ad,0,0,0,0,0
train,903,aircraft_surface_damage_crack_v2_0000903.jpg,train,IMG_20230512_120446_jpg.rf.69bc6bc39451b3abbeeaea75925cefb0.jpg,img_20230512_120446,06e6e350a213079451073ffb7caaffde7b5e55a7bcbc700797f1934bf279a3c1,0,0,0,0,0
train,904,aircraft_surface_damage_crack_v2_0000904.jpg,train,IMG_20230512_120452_jpg.rf.0e39283dba3569160510a7ec7321c1ed.jpg,img_20230512_120452,b5a813478ee1b3c53fb65c96ba40b0f4e2f2be0948b35a6bdb36f0789dbcf895,0,0,0,0,0
train,905,aircraft_surface_damage_crack_v2_0000905.jpg,train,IMG_20230512_120452_jpg.rf.fce2a7b25ddc71e5d871c0faf2e87ba4.jpg,img_20230512_120452,482bfa2c33b9d0462689013534ed4b1f7f0be53bd7a1c8c4ee2befa1484cde56,0,0,0,0,0
train,906,aircraft_surface_damage_crack_v2_0000906.jpg,train,IMG_20230512_120452_jpg.rf.ff8db52a1560701fd54bc51f897c578d.jpg,img_20230512_120452,e19b9da9a474f681631f80923f62e8883f65b01ac0ce6038d5e6c59f1988df69,0,0,0,0,0
train,907,aircraft_surface_damage_crack_v2_0000907.jpg,train,IMG_20230512_120458_jpg.rf.17487f190a1d385bb785acadad477a37.jpg,img_20230512_120458,de5876539a4d79f35583aba98997dcbf0eaaef1c422a791c52ac8cf00b7f3f25,0,0,0,0,0
train,908,aircraft_surface_damage_crack_v2_0000908.jpg,train,IMG_20230512_120458_jpg.rf.c4ec8779e3c2a43993dfb3a14fa299ec.jpg,img_20230512_120458,b9f729553562697e80e29f4ced6f1e320b258ed77c945f38eabcc12a2960bcd3,0,0,0,0,0
train,909,aircraft_surface_damage_crack_v2_0000909.jpg,train,IMG_20230512_120458_jpg.rf.ed5c8f5895d769122203bc0d1595ed8d.jpg,img_20230512_120458,0cbb9439deffa8840c6c948415bdd48a574e0c4534a6f964bd44b21ba76f8f2a,0,0,0,0,0
train,910,aircraft_surface_damage_crack_v2_0000910.jpg,train,IMG_20230512_120655_jpg.rf.3a8b8680267b181af05ec75739954d1b.jpg,img_20230512_120655,b4757983fe032c72f880cbd1966b2c6ca9f1f9814d58a9e11abb75f4904c5f27,1,1,0,0,1
train,911,aircraft_surface_damage_crack_v2_0000911.jpg,train,IMG_20230512_120655_jpg.rf.470481cce415156527ff9b3071c3548f.jpg,img_20230512_120655,003af5b2ef35dac7ffa9cca33ac198f83f7dedddfea31c950e0ba71654e38ea0,1,1,0,1,0
train,912,aircraft_surface_damage_crack_v2_0000912.jpg,train,IMG_20230512_120655_jpg.rf.4bbe701425959aa8ee344f4b0e48d443.jpg,img_20230512_120655,fb2de2d5012b99d8ff8022ca83a8857425d245f2adb77ad151aa28a283d4ec64,1,1,0,0,1
train,913,aircraft_surface_damage_crack_v2_0000913.jpg,train,IMG_20230512_120701_jpg.rf.419054fb8ebc1ce04bcb01c3e8745612.jpg,img_20230512_120701,a839026be16ff9f8f5fb32abecb09ffaf42633d54c59061ed7280af16cb34cc7,1,1,0,1,0
train,914,aircraft_surface_damage_crack_v2_0000914.jpg,train,IMG_20230512_120701_jpg.rf.6df790c52b42d1a3f3c7ad864488880c.jpg,img_20230512_120701,171a4befe39151e92f08f665965d3c67b406ad98ecc15a808ea70a2e3ae6b4a0,1,1,0,1,0
train,915,aircraft_surface_damage_crack_v2_0000915.jpg,train,IMG_20230512_120701_jpg.rf.ff33e0243075446f8d6fcb6cac0966e2.jpg,img_20230512_120701,4503f716ca8b2477c0525308c807cc0f0c6647439abcd175ef328f87c89ba1d9,1,1,0,1,0
train,916,aircraft_surface_damage_crack_v2_0000916.jpg,train,IMG_20230512_120805_jpg.rf.d16282acc20ca9fb4257d53e0ff3afbc.jpg,img_20230512_120805,b7ac6a019d9aab55f2f6c1c26d20927659426c6a64457c9b2ed90d73b905ac85,0,0,0,0,0
train,917,aircraft_surface_damage_crack_v2_0000917.jpg,train,IMG_20230512_120805_jpg.rf.d4603cf40519d7dbbee7dbd8c1e5133b.jpg,img_20230512_120805,4a5d56d36eb282f7ab8a6c2beb37a158ae0f75a14f0728404a5141eed7bc0f50,0,0,0,0,0
train,918,aircraft_surface_damage_crack_v2_0000918.jpg,train,IMG_20230512_120805_jpg.rf.ddd1d1bd974e02af328891b157fed8b8.jpg,img_20230512_120805,2d0fd10e625fdec5ad0e0ea5c11f152e9a66a49023ad6b9454e6f02122449d51,0,0,0,0,0
train,919,aircraft_surface_damage_crack_v2_0000919.jpg,train,IMG_20230512_120809_jpg.rf.18afc5257a4ac571329f37ce286131c5.jpg,img_20230512_120809,ec36e91fca71852a832b4da0165422954191cf236f3aa40c92300a102a752339,0,0,0,0,0
train,920,aircraft_surface_damage_crack_v2_0000920.jpg,train,IMG_20230512_120809_jpg.rf.30cbb764d2e72babd76a3158c4d4e411.jpg,img_20230512_120809,7fae5f952edddf2bc28d26ecdd687a4d254b2a5f9f50c73c41450f4bd79f4a29,0,0,0,0,0
train,921,aircraft_surface_damage_crack_v2_0000921.jpg,train,IMG_20230512_120809_jpg.rf.7b67559e36b0b297ba83afb6475c7c87.jpg,img_20230512_120809,84139a0fb14b7478a2c3a40f8c3b7f762be16b6ad22c65e1fd606670cfa64b33,0,0,0,0,0
train,922,aircraft_surface_damage_crack_v2_0000922.jpg,train,IMG_20230512_120812_jpg.rf.0fc356f13db6eea5eca9d2054f1b14c6.jpg,img_20230512_120812,23d074b9ee6cb797e5bacc0b1964c9f70d812016092ca0ee152d5fcd1be3f526,0,0,0,0,0
train,923,aircraft_surface_damage_crack_v2_0000923.jpg,train,IMG_20230512_120812_jpg.rf.552e48f1eed4570134336fab29c62c8e.jpg,img_20230512_120812,71245b9b1ee7e9b554dde1365097557402032416bccbe41d68247ef1f6870739,0,0,0,0,0
train,924,aircraft_surface_damage_crack_v2_0000924.jpg,train,IMG_20230512_120812_jpg.rf.aeded6b91890d38f16f3ae98b1d6277b.jpg,img_20230512_120812,2c4334d40bdca08430ebcc84556526e243cc0d4c467b8dbad416874c0f082e67,0,0,0,0,0
train,925,aircraft_surface_damage_crack_v2_0000925.jpg,train,IMG_20230512_120818_jpg.rf.57ca274032edd89b7d41723f48411c05.jpg,img_20230512_120818,70212843dec3c108aa58ad4768e5b52a0dacc0a93555f8a92ef0c4b6da0e46e6,0,0,0,0,0
train,926,aircraft_surface_damage_crack_v2_0000926.jpg,train,IMG_20230512_120818_jpg.rf.c38a069877d6e1e8cb1c3e7686e31382.jpg,img_20230512_120818,8d3b38b2525e31ac2453371cece8aabfa3f2388d165ccf4decdc5d2429e6f727,0,0,0,0,0
train,927,aircraft_surface_damage_crack_v2_0000927.jpg,train,IMG_20230512_120818_jpg.rf.ff1e0dc01038ccbf0abac76f7cc5a821.jpg,img_20230512_120818,0fb4d61fa1dc865ae1d988a74307bf64cd32a8c3bc470b1cb2a7708aedd67839,0,0,0,0,0
train,928,aircraft_surface_damage_crack_v2_0000928.jpg,train,IMG_20230512_120825_jpg.rf.4af39a9216763d1b95a77d5089b07c41.jpg,img_20230512_120825,06528005e993040843df93bf22a76071047f23f2781941f1562c9ea59c5524b1,0,0,0,0,0
train,929,aircraft_surface_damage_crack_v2_0000929.jpg,train,IMG_20230512_120825_jpg.rf.7f95554125a4c44f634f298c85e284df.jpg,img_20230512_120825,c52a61dbca3270166b291fedc0a1df20fcf3235654bf0e7b2c8d54cd819c4813,0,0,0,0,0
train,930,aircraft_surface_damage_crack_v2_0000930.jpg,train,IMG_20230512_120825_jpg.rf.de1e74e59476802cb30d064b5c70cb6e.jpg,img_20230512_120825,7e55f300e9a24aee7231558e2a474225805063c4e7792d1c7c16e73d5371d8df,0,0,0,0,0
train,931,aircraft_surface_damage_crack_v2_0000931.jpg,train,IMG_20230512_121118_jpg.rf.5c1b900279c5084f9948e76a57389476.jpg,img_20230512_121118,4d524f2378708dac59b2107d415679c867da6284fcca3604954694e8065e566a,1,1,0,0,1
train,932,aircraft_surface_damage_crack_v2_0000932.jpg,train,IMG_20230512_121118_jpg.rf.c14974c8635521e04f2a8c7fdb773608.jpg,img_20230512_121118,4613f6386128eb26678238b2add80ad0004c11eb5aaa59df39b4ac23ae361b09,1,1,0,0,1
train,933,aircraft_surface_damage_crack_v2_0000933.jpg,train,IMG_20230512_121118_jpg.rf.ffe5502a4e06828dd02cf0f6cd7a3764.jpg,img_20230512_121118,285f3e4f29904244472888c38840ba2be9e848867ce9accbd8d37ed40c236cb8,1,1,0,0,1
train,934,aircraft_surface_damage_crack_v2_0000934.jpg,train,IMG_20230512_121126_jpg.rf.31205fc5e7ef514a5ea23ac6e88b61a6.jpg,img_20230512_121126,7dcd02b65d256040533421360f76b35a2bc43f2af288c39e1ef652bb04dd5c76,1,1,0,0,1
train,935,aircraft_surface_damage_crack_v2_0000935.jpg,train,IMG_20230512_121126_jpg.rf.7f63b2c024c61ed4be4fbbd9dc721639.jpg,img_20230512_121126,29f6425cb923981ae13ef55471af27ff10586f689e29eb43f9dfb8a557477c5c,1,1,0,0,1
train,936,aircraft_surface_damage_crack_v2_0000936.jpg,train,IMG_20230512_121126_jpg.rf.90dba8a328ec44a629a6b13d259119bd.jpg,img_20230512_121126,4ae276614471a3f97633d16bf882a8b5fd1650d75aa7d0f4f1967f467f438258,1,1,0,0,1
train,937,aircraft_surface_damage_crack_v2_0000937.jpg,train,IMG_20230512_121137_jpg.rf.8218b43b2bd37337677fbe6304c99baf.jpg,img_20230512_121137,39965d9de4a8889388c55fce15ecee740e4db234e9a76ef494c267e798dab717,1,1,0,0,1
train,938,aircraft_surface_damage_crack_v2_0000938.jpg,train,IMG_20230512_121137_jpg.rf.b172753887306f605eb403f31688f5fa.jpg,img_20230512_121137,c1a12802a2de39278cef183b78bbdfff651b19acc606f18d308351a0341f8997,1,1,0,0,1
train,939,aircraft_surface_damage_crack_v2_0000939.jpg,train,IMG_20230512_121137_jpg.rf.bc09461be1875382a403688ef63d6c19.jpg,img_20230512_121137,eda5ef8660d4e82dbc7a14c01af2618a46929c8d505464f95f1dc104ebcd1077,1,1,0,0,1
train,940,aircraft_surface_damage_crack_v2_0000940.jpg,train,IMG_20230512_123224_jpg.rf.1eaafa9d46ba441c756558b304419f77.jpg,img_20230512_123224,8fced722cac7e0554565bb860937e4274ebf42f8e68861734e830879137d938f,0,0,0,0,0
train,941,aircraft_surface_damage_crack_v2_0000941.jpg,train,IMG_20230512_123224_jpg.rf.475e1b0b189dec141512bf2bd16eb704.jpg,img_20230512_123224,f574a8a772f46ab202ac00ab670ff53b89e0caab63b769ceb4003a8257e7057f,0,0,0,0,0
train,942,aircraft_surface_damage_crack_v2_0000942.jpg,train,IMG_20230512_123224_jpg.rf.eedb53500ec5c60a476e7f36407d1ab1.jpg,img_20230512_123224,bfe951d2e009cc1bdf0bc02a0972e6cd29ea24bf7ea1de51392d51c10c116d80,0,0,0,0,0
train,943,aircraft_surface_damage_crack_v2_0000943.jpg,train,IMG_20230512_123229_jpg.rf.3a90a103986fa57c91576dd970286c69.jpg,img_20230512_123229,45ce60fbc0e74dac7fe9efba164e3ac972e8f7f0a50a3025a538ef20bbd41c17,0,0,0,0,0
train,944,aircraft_surface_damage_crack_v2_0000944.jpg,train,IMG_20230512_123229_jpg.rf.3e258514f0dd08a8b2156eafa48ed60f.jpg,img_20230512_123229,b4ab8ed91544ae3d3447e26ffb68620f60492dc34576e3048ef9458054532f5d,0,0,0,0,0
train,945,aircraft_surface_damage_crack_v2_0000945.jpg,train,IMG_20230512_123229_jpg.rf.9320dfc4e1423dec08cecfcf959ee503.jpg,img_20230512_123229,fc88bca9352715cb43ba87cf91d4f370b5f522b4f147831f5516b20b468d1235,0,0,0,0,0
train,946,aircraft_surface_damage_crack_v2_0000946.jpg,train,IMG_20230512_123238_jpg.rf.189866374b9a1d74d68ba3c59ee8dfdb.jpg,img_20230512_123238,84f543cb267862739701321d302fff76658d3587eb74ec9b7432ff7098d263fd,0,0,0,0,0
train,947,aircraft_surface_damage_crack_v2_0000947.jpg,train,IMG_20230512_123238_jpg.rf.c6a6f24642797fe81536342d3be50377.jpg,img_20230512_123238,19b8752ac92e5ec644f7aaa389bb80a4a4ad2837c6e7fae88dc21d167064fc3a,0,0,0,0,0
train,948,aircraft_surface_damage_crack_v2_0000948.jpg,train,IMG_20230512_123238_jpg.rf.d275f7ca9c463217b26df934fb7920d6.jpg,img_20230512_123238,8addbe220bdfc210923b42cb243b64106b7c2b1620c9d2cc46c151c129ae4c7e,0,0,0,0,0
train,949,aircraft_surface_damage_crack_v2_0000949.jpg,train,IMG_20230512_123244_jpg.rf.10b641ce9dc6fcff65f7b0ebe75e620c.jpg,img_20230512_123244,5bb66ee37f7a16a54e543e508988f04d61b1939e176c96f3bbcf5bfcba2d9564,0,0,0,0,0
train,950,aircraft_surface_damage_crack_v2_0000950.jpg,train,IMG_20230512_123244_jpg.rf.236a53368a5357c6b271877759b04ed8.jpg,img_20230512_123244,175fc8a2e5ed2293ca57c21bfe6b4b8af8348f19b45b89933d60054e491fa4bb,0,0,0,0,0
train,951,aircraft_surface_damage_crack_v2_0000951.jpg,train,IMG_20230512_123244_jpg.rf.d572cae0b8cbc6cad0834df9daf67b9e.jpg,img_20230512_123244,91a165f846add0c7a32925c9edc47e36ad43bad89fccd086d493caf0e0d188d1,0,0,0,0,0
train,952,aircraft_surface_damage_crack_v2_0000952.jpg,train,IMG_20230512_123259_jpg.rf.ddf20c7534b727a166c471c1566e9579.jpg,img_20230512_123259,10efc8ca32711758fdeb332ae88f7d133f941e0d62f22b284d2a81bc6271514e,0,0,0,0,0
train,953,aircraft_surface_damage_crack_v2_0000953.jpg,train,IMG_20230512_123259_jpg.rf.df2be651514b59af176161460003fc28.jpg,img_20230512_123259,5320ed25cf18262883bdbd88e2249dc7d91a7fdbc0a6f282b2bb31433d2f4f3b,0,0,0,0,0
train,954,aircraft_surface_damage_crack_v2_0000954.jpg,train,IMG_20230512_123259_jpg.rf.f43c78040e3613ca3adf96301b8041e7.jpg,img_20230512_123259,913e32a0df9a8e5b7b33adf7a21c16e7b9fb9afb6b39790ff929d4a6cadd7ed5,0,0,0,0,0
train,955,aircraft_surface_damage_crack_v2_0000955.jpg,train,IMG_20230512_123306_jpg.rf.39425b6dd97644b41d95e970cb3816a3.jpg,img_20230512_123306,1bd1c9a2a4f5abc816dd7c8897e2faadd85ebabfeb7505d9985b70890cace5ed,0,0,0,0,0
train,956,aircraft_surface_damage_crack_v2_0000956.jpg,train,IMG_20230512_123306_jpg.rf.5c649619aea7c8a129fbed837559fb2b.jpg,img_20230512_123306,a216befd676062e56de5f93f7cd446d38526a1a485544ef08dbc630485e049e2,0,0,0,0,0
train,957,aircraft_surface_damage_crack_v2_0000957.jpg,train,IMG_20230512_123306_jpg.rf.f7aa1230b9e16f6def749af4e7cb103e.jpg,img_20230512_123306,5d3b05b1738b70e8d53784ed8682bef87ff2c5606005094b21ebcf3fa82d4fe4,0,0,0,0,0
train,958,aircraft_surface_damage_crack_v2_0000958.jpg,train,IMG_20230512_123536_jpg.rf.19533f7fd41daa128133eb4ce9e65933.jpg,img_20230512_123536,e4d642e38b17935bc09676432c4bce136c7a36d9b2ca05617a4a2e3fb9734b9d,0,0,0,0,0
train,959,aircraft_surface_damage_crack_v2_0000959.jpg,train,IMG_20230512_123536_jpg.rf.6d1af0172ad58fcd8b6c863cca3b1894.jpg,img_20230512_123536,93dd9622bd339c10ade62e5572ca7c4e025a32416f1329fa6b651b7bb36e9abb,0,0,0,0,0
train,960,aircraft_surface_damage_crack_v2_0000960.jpg,train,IMG_20230512_123536_jpg.rf.eccd681b1443727a29c447520a33f08e.jpg,img_20230512_123536,9d95415000ae329e1c1b2103dc7d0ea090818090256e8d2f1d060f11df23a2cc,0,0,0,0,0
train,961,aircraft_surface_damage_crack_v2_0000961.jpg,train,IMG_20230512_123540_jpg.rf.06fb310f1fbca004fb424babc497963c.jpg,img_20230512_123540,fca4db2c1c3836c83223912d403205dd329294053b8c714a26c9d0c1ffbaf34a,0,0,0,0,0
train,962,aircraft_surface_damage_crack_v2_0000962.jpg,train,IMG_20230512_123540_jpg.rf.2018812b4759f3d7e702e616d9c4a374.jpg,img_20230512_123540,fe4a12e15511e24dab484666c7e70f6c86244c390e354c7e10d285ab8170fa4f,0,0,0,0,0
train,963,aircraft_surface_damage_crack_v2_0000963.jpg,train,IMG_20230512_123540_jpg.rf.2f7921d558fc272d1aa62e3fb8cee8dd.jpg,img_20230512_123540,96f2b866e560c2b9e8a1a64f65c51ce44b95247273bf4d6a56043d0fe97c823d,0,0,0,0,0
train,964,aircraft_surface_damage_crack_v2_0000964.jpg,train,IMG_20230512_123547_jpg.rf.304f736f4ae69127593c0928b8821d5c.jpg,img_20230512_123547,559cd94635d4965b4582e9e1ca9b47426fd47d8ea8f103daae80191e30b7dea3,0,0,0,0,0
train,965,aircraft_surface_damage_crack_v2_0000965.jpg,train,IMG_20230512_123547_jpg.rf.c65793956145f31b60d824f369c86771.jpg,img_20230512_123547,6e3f69166f314bf50222433bbc65f5244e468d58b162cde3b08a1859fe4934fb,0,0,0,0,0
train,966,aircraft_surface_damage_crack_v2_0000966.jpg,train,IMG_20230512_123547_jpg.rf.eb65c1903febf0222b2b81d4e2bb119d.jpg,img_20230512_123547,f97017eacd9263bd57f212ca54e2bd979deb8b807ec2293fdeafab2101d98d45,0,0,0,0,0
train,967,aircraft_surface_damage_crack_v2_0000967.jpg,train,IMG_20230512_123550_jpg.rf.61ec0ab0aae28afc20b9b2779f986ad8.jpg,img_20230512_123550,128cef3a4f96423df0ca89d4d8ccb8e4b31d6cb3e585cfe60290992dee22d47e,0,0,0,0,0
train,968,aircraft_surface_damage_crack_v2_0000968.jpg,train,IMG_20230512_123550_jpg.rf.d1f8d7cd60286ba012b26cf016974704.jpg,img_20230512_123550,fba0b8ece7bf047d8a274055874d42c47cfb6c098aaa47ed3bbcf0bc3618ee28,0,0,0,0,0
train,969,aircraft_surface_damage_crack_v2_0000969.jpg,train,IMG_20230512_123550_jpg.rf.f6c298a87b8688aee45446c85ecfcc8d.jpg,img_20230512_123550,f6219bc5e6078f34a8f8ba99a088900402f16591fba1d563d613fb08e89e211e,0,0,0,0,0
train,970,aircraft_surface_damage_crack_v2_0000970.jpg,train,IMG_20230512_123554_jpg.rf.84aa40f8c7c8605e76b1e09b328260a5.jpg,img_20230512_123554,155fc7e9a1328a00b4b7f35d2f10db4f0cd50e8d16460f867be3882cb4c92bf1,0,0,0,0,0
train,971,aircraft_surface_damage_crack_v2_0000971.jpg,train,IMG_20230512_123554_jpg.rf.965f1bee9ce08a85d78e2cc15eb57ee6.jpg,img_20230512_123554,1e052f205cfe9e7417f40670afba751ddf66e92426747b571614a102f183c638,0,0,0,0,0
train,972,aircraft_surface_damage_crack_v2_0000972.jpg,train,IMG_20230512_123554_jpg.rf.a3f5f8418708e5147349352104ebf823.jpg,img_20230512_123554,366f6f3cd7146e5e9bdaf8328f86d2c780b74d14f8b265a65d85f9351a193bbb,0,0,0,0,0
train,973,aircraft_surface_damage_crack_v2_0000973.jpg,train,IMG_20230512_123557_jpg.rf.b21f400597611778e74f0b204105e16e.jpg,img_20230512_123557,dd84ada801391e2fde5293ca99ea281e9045e9ae043299342b3d34d984c99ebb,0,0,0,0,0
train,974,aircraft_surface_damage_crack_v2_0000974.jpg,train,IMG_20230512_123557_jpg.rf.c9a28ec5684d9ba0cc0732f9f855f4f5.jpg,img_20230512_123557,0f73335dc128f5f80f4777e0aa13251cf685bec3b3c5c09f68bbba078812ac49,0,0,0,0,0
train,975,aircraft_surface_damage_crack_v2_0000975.jpg,train,IMG_20230512_123557_jpg.rf.fd3a2a84ed86346e9003f918877cae6a.jpg,img_20230512_123557,15a991a12d3f9f2cbf67027191aed9557741f6e06237760bdf4b1356724c1fc9,0,0,0,0,0
train,976,aircraft_surface_damage_crack_v2_0000976.jpg,train,IMG_20230512_123753_jpg.rf.156b18c614cb3abc588036fa92962cc3.jpg,img_20230512_123753,6208466126775fd15f933382367f55ce2a1a14c124ebaf94e787ea163d3049b3,0,0,0,0,0
train,977,aircraft_surface_damage_crack_v2_0000977.jpg,train,IMG_20230512_123753_jpg.rf.41c439c38d76f051589ae7ff24e373d1.jpg,img_20230512_123753,8e5c81a504b0144a289693807bde4dd34eb74decdb3a88a00889d4b8bc325170,0,0,0,0,0
train,978,aircraft_surface_damage_crack_v2_0000978.jpg,train,IMG_20230512_123753_jpg.rf.f179d1d5331b619c5ccb8ceb1940c928.jpg,img_20230512_123753,771889641e1ea5848cf22400ccf7f7a17c5136b3effebcba907f494764053e14,0,0,0,0,0
train,979,aircraft_surface_damage_crack_v2_0000979.jpg,train,IMG_20230512_123756_jpg.rf.12300ba47956cefa549a387039a0e386.jpg,img_20230512_123756,83bb6f76ac7f6a7238c18b08a45b70ff75bd0fe8247ac3284d5c30b9a7e8e649,0,0,0,0,0
train,980,aircraft_surface_damage_crack_v2_0000980.jpg,train,IMG_20230512_123756_jpg.rf.4d19574d920bd9295ce9c73e711ca3c6.jpg,img_20230512_123756,248c4a7e653ea929c3ce11b1e0f9a8643cec111e89ee55030badfc4735f07972,0,0,0,0,0
train,981,aircraft_surface_damage_crack_v2_0000981.jpg,train,IMG_20230512_123756_jpg.rf.cd206cdecdd430cba27803815a6cc6c2.jpg,img_20230512_123756,442959ffff4392c448dbcb1db6990d2c7fe1f32ad07fcd8107c8f3ecdf3b4716,0,0,0,0,0
train,982,aircraft_surface_damage_crack_v2_0000982.jpg,train,IMG_20230512_123804_jpg.rf.2698c89bbab2cc214b9e95035f92ebb0.jpg,img_20230512_123804,f867a83064070e51c6c4e9efda1e101140d5951072e6dd8c2480ba74ba0fc9cd,0,0,0,0,0
train,983,aircraft_surface_damage_crack_v2_0000983.jpg,train,IMG_20230512_123804_jpg.rf.510c2bb0e9319938348d25feeacb1c19.jpg,img_20230512_123804,79bcadeafd0e3f9205f784f772ec9518320a871642e093e3e29a1e15eb3d9505,0,0,0,0,0
train,984,aircraft_surface_damage_crack_v2_0000984.jpg,train,IMG_20230512_123804_jpg.rf.8a93a82fbebd330c6f1cf9276642fba2.jpg,img_20230512_123804,46ceef446979a5db3b19674322a910ac4e25b52fd113ad68ca3a475cbd676db2,0,0,0,0,0
train,985,aircraft_surface_damage_crack_v2_0000985.jpg,train,IMG_20230512_123810_jpg.rf.47c638b00e6d2dcd83a07e9922b5104e.jpg,img_20230512_123810,a75cbbc4f0be2dccd97f1968acfa1fd9b9b5e7cb782ce84ede1125d5000e5985,0,0,0,0,0
train,986,aircraft_surface_damage_crack_v2_0000986.jpg,train,IMG_20230512_123810_jpg.rf.8459b070e0ca92c171f223970a52b1bb.jpg,img_20230512_123810,319b5658602019ff20d168b3a9aa11682ae5893eeac9bc3a2bfbc88e4a3cf3ef,0,0,0,0,0
train,987,aircraft_surface_damage_crack_v2_0000987.jpg,train,IMG_20230512_123810_jpg.rf.9e2c8e708feba5649752f5740ad37e61.jpg,img_20230512_123810,a18063f17c58554840216c4df8cbbfab8b569b03678b84b26baa851e19c9bfd7,0,0,0,0,0
train,988,aircraft_surface_damage_crack_v2_0000988.jpg,train,IMG_20230512_123816_jpg.rf.5a0599137ab651a1b1e9002c3a8a78bb.jpg,img_20230512_123816,afbc44d72879f74611c63ce2b19291604f4e7bf8d4cd3c26a3c5f13043ca93f7,0,0,0,0,0
train,989,aircraft_surface_damage_crack_v2_0000989.jpg,train,IMG_20230512_123816_jpg.rf.a42ed9613776b177bcc6e30ed8fa4058.jpg,img_20230512_123816,e6084c92786cd5f4032c628b3d41a13f4470dcb183997196591360e775970bbc,0,0,0,0,0
train,990,aircraft_surface_damage_crack_v2_0000990.jpg,train,IMG_20230512_123816_jpg.rf.e69a5bdcbe8ec05196da3018c264d543.jpg,img_20230512_123816,30dd70fba4a0d87a4e819753c7a4db7cdf185b2338acbb47194f07ac1ed4b39a,0,0,0,0,0
train,991,aircraft_surface_damage_crack_v2_0000991.jpg,train,IMG_20230512_123947_jpg.rf.45fdfc31c587598b7998bcd2d5b3e02e.jpg,img_20230512_123947,82805fdb98412e80a1e1953a46460052b7acd19e08d65555a5dd8f1854f94034,0,0,0,0,0
train,992,aircraft_surface_damage_crack_v2_0000992.jpg,train,IMG_20230512_123947_jpg.rf.b7f340ff7da540484bb7f4c54f7c1199.jpg,img_20230512_123947,d072d1741fbe1e2c60884bb80a49afe09f67cc6984bed2384bb02c32d33ab5fb,0,0,0,0,0
train,993,aircraft_surface_damage_crack_v2_0000993.jpg,train,IMG_20230512_123947_jpg.rf.eb007c62bada676daad7c65f7c664478.jpg,img_20230512_123947,65ee37a7d1a68f8fa9a781d64fe16e38ec742d9e30b1b9a137eee1ed058f609a,0,0,0,0,0
train,994,aircraft_surface_damage_crack_v2_0000994.jpg,train,IMG_20230512_123956_jpg.rf.28ec88b29a20ee980200b2052ee19274.jpg,img_20230512_123956,44f6b97895d7944839c4aecdeb7a9d52b23b2ce69318dec420dda98b1a31ae37,0,0,0,0,0
train,995,aircraft_surface_damage_crack_v2_0000995.jpg,train,IMG_20230512_123956_jpg.rf.6c1e7a94b862672df5b7f250787221a5.jpg,img_20230512_123956,3f2b06bab1d6fdb99756870df2395199923eaab150876c3d16e6619f1b931241,0,0,0,0,0
train,996,aircraft_surface_damage_crack_v2_0000996.jpg,train,IMG_20230512_123956_jpg.rf.9deea88bf99a0f01932bf4ccb7e111b4.jpg,img_20230512_123956,49fdb177953e645fa5059003834f57b1b913777d0a25d690be6280c4aa842b1c,0,0,0,0,0
train,997,aircraft_surface_damage_crack_v2_0000997.jpg,train,IMG_20230512_124000_jpg.rf.370ab3edad8802109c544ecc8da66135.jpg,img_20230512_124000,773cabe4953c5030441fee00f9f1a36cd8c3ce8ed77e665cc961e97a41eeeff7,0,0,0,0,0
train,998,aircraft_surface_damage_crack_v2_0000998.jpg,train,IMG_20230512_124000_jpg.rf.bb6d978aa0d51df06a415f7aa5c5540a.jpg,img_20230512_124000,64df6b39a53bbf855f130e0a37609cb0e91d7018d071dbb9975608a4618db9d0,0,0,0,0,0
train,999,aircraft_surface_damage_crack_v2_0000999.jpg,train,IMG_20230512_124000_jpg.rf.c18ad57c4f9094cb7a332bae79128005.jpg,img_20230512_124000,9753b58ae2a2f63d06e90c41e8ab429f81dd4b9aae271ab1e558c42bd808ccaf,0,0,0,0,0
train,1000,aircraft_surface_damage_crack_v2_0001000.jpg,train,IMG_20230512_124014_jpg.rf.13758b2099a054d7bde35f8f4158a51b.jpg,img_20230512_124014,bf1d5d051f721f17b334ee1e0148fc583f7e46b4d61bd65a6d105d0eef205822,0,0,0,0,0
train,1001,aircraft_surface_damage_crack_v2_0001001.jpg,train,IMG_20230512_124014_jpg.rf.49af7861e66405c772c724bcd5d32da3.jpg,img_20230512_124014,9e620bb04a741373c97a2273ed0ed02f87c1457a8d0cd1933315b7cf1f335323,0,0,0,0,0
train,1002,aircraft_surface_damage_crack_v2_0001002.jpg,train,IMG_20230512_124014_jpg.rf.dcbf9fa791e866212501c408a7c26266.jpg,img_20230512_124014,ab1adae26f5576816c7ce0fa0f8b137cec7d714c1c8336b14eafd856adda9bc7,0,0,0,0,0
train,1003,aircraft_surface_damage_crack_v2_0001003.jpg,train,IMG_20230512_124016_jpg.rf.0ed87b1877ee5f62914db15dcac8c480.jpg,img_20230512_124016,7dfc26653e9f834cffc7a0e05f37ac654718caf8c6a40cff63a3da5cd2fd0cfa,0,0,0,0,0
train,1004,aircraft_surface_damage_crack_v2_0001004.jpg,train,IMG_20230512_124016_jpg.rf.e5e767031366cffef9efa4b4cc04d974.jpg,img_20230512_124016,832c2ff3ac885408d6f371ec5172ce93cbded9b743d7a8e1a78a4c1375ac56e3,0,0,0,0,0
train,1005,aircraft_surface_damage_crack_v2_0001005.jpg,train,IMG_20230512_124016_jpg.rf.e9f16843c4636b8f103f6ce0603275cd.jpg,img_20230512_124016,a624400f67219ad74125782451cf01665be2e7ef21d3c86474f06a60feca313f,0,0,0,0,0
train,1006,aircraft_surface_damage_crack_v2_0001006.jpg,train,IMG_20230512_124025_jpg.rf.17ef692eb07ebf33dca36a7617ffdbd4.jpg,img_20230512_124025,bf23927bf1b55bfa94ec2084cccf9fd323488b43e7f5ad162709397cc439f2f6,0,0,0,0,0
train,1007,aircraft_surface_damage_crack_v2_0001007.jpg,train,IMG_20230512_124025_jpg.rf.327aab519bfea33f6faebaa1dbd5ed11.jpg,img_20230512_124025,1b2f8e9641c0c6a51234537af12441f87ce134d6d3b5a7479dee75d440b1c191,0,0,0,0,0
train,1008,aircraft_surface_damage_crack_v2_0001008.jpg,train,IMG_20230512_124025_jpg.rf.d92aa5fceb9f8964dd410de3b3db33d6.jpg,img_20230512_124025,238f83a74e631ec0e6386f4941f16995417d40e270a986921bd5dad2bf6b679d,0,0,0,0,0
train,1009,aircraft_surface_damage_crack_v2_0001009.jpg,train,IMG_20230512_124043_jpg.rf.19a9ab6485c6af5e962c0719fca42906.jpg,img_20230512_124043,989ae51192bf4049bd9702545c23be783981660a90866f0b62b3eb2a32e242b9,0,0,0,0,0
train,1010,aircraft_surface_damage_crack_v2_0001010.jpg,train,IMG_20230512_124043_jpg.rf.4d022200357fc06dfa6b483d61de94d5.jpg,img_20230512_124043,865c17455b2f6292f46231be8a79a0b03fa3fa648007efec084f385ec29e6460,0,0,0,0,0
train,1011,aircraft_surface_damage_crack_v2_0001011.jpg,train,IMG_20230512_124043_jpg.rf.b5d735cc3b37386e147269790c9fe715.jpg,img_20230512_124043,2b685a919514e2464194a42214e518e7471b48bc8ba0896606ea5d2248747f7b,0,0,0,0,0
train,1012,aircraft_surface_damage_crack_v2_0001012.jpg,train,IMG_20230512_124107_jpg.rf.55f7a19dace3cf48539080ec43e3c90b.jpg,img_20230512_124107,e781ce4b8933bf3a06599086ca5c085c270b5f8880adf6e93a3b77e7e461df66,0,0,0,0,0
train,1013,aircraft_surface_damage_crack_v2_0001013.jpg,train,IMG_20230512_124107_jpg.rf.76fc497a9ab2df91252f2cc07191b2bd.jpg,img_20230512_124107,a8d72306f17e9a4202caae0295fb0a91bccf6ed44a71f67f8ccc16e8b2f9512d,0,0,0,0,0
train,1014,aircraft_surface_damage_crack_v2_0001014.jpg,train,IMG_20230512_124107_jpg.rf.e92a38e1239a2685ddcc9ead62ed5af5.jpg,img_20230512_124107,aa33d2e4459580550e303b6c63f20ef6f3482da6eccbdd14387e6402cd8c2abd,0,0,0,0,0
train,1015,aircraft_surface_damage_crack_v2_0001015.jpg,train,IMG_20230512_124115_jpg.rf.13115beb9a22f2a3afeaace612319eef.jpg,img_20230512_124115,ec7c173960feea2314198f66a7629c0bba6953f4a446ef03c85523a749efe592,0,0,0,0,0
train,1016,aircraft_surface_damage_crack_v2_0001016.jpg,train,IMG_20230512_124115_jpg.rf.8e45b0f1d7e339ed3ccbf140d93249a1.jpg,img_20230512_124115,1fe0b6012e08eb42618f94ad7939d91893e33b26f577c8a92de4f14e82590c54,0,0,0,0,0
train,1017,aircraft_surface_damage_crack_v2_0001017.jpg,train,IMG_20230512_124115_jpg.rf.b063a0193846304fd18ced89b05aa0f1.jpg,img_20230512_124115,5561e527b7b85423910f4a08041f9b340d4d49908bd6661fbe286bd9e01ee99e,0,0,0,0,0
train,1018,aircraft_surface_damage_crack_v2_0001018.jpg,train,IMG_20230512_124124_jpg.rf.3aa42fdb57890796d9dadafdd8927f9e.jpg,img_20230512_124124,d54f1153d0e86ec8dbc04622a181865cf3a6a150acb0833a7f629514c61eb8e8,0,0,0,0,0
train,1019,aircraft_surface_damage_crack_v2_0001019.jpg,train,IMG_20230512_124124_jpg.rf.86e4a489142b7d644f2727c32b81c652.jpg,img_20230512_124124,9145b4a4188e0e0298e574913cd76658c5a054cf00c6901bc72753bebffd7123,0,0,0,0,0
train,1020,aircraft_surface_damage_crack_v2_0001020.jpg,train,IMG_20230512_124124_jpg.rf.8c10562fb9e87092d0945bd0d5abc794.jpg,img_20230512_124124,3b1645993158ef30f13f5a7492836973add91cd146d70506f648ee71ba444a82,0,0,0,0,0
train,1021,aircraft_surface_damage_crack_v2_0001021.jpg,train,IMG_20230512_124130_jpg.rf.21d23f71271c94051d1537083ff9fe4f.jpg,img_20230512_124130,36c1b8f476551895d99cf1b4b01a6bcbe6a6e9aafd84d0249a7191e2ee7512d7,0,0,0,0,0
train,1022,aircraft_surface_damage_crack_v2_0001022.jpg,train,IMG_20230512_124130_jpg.rf.86a58bd55104783f9a01a477e0a014e6.jpg,img_20230512_124130,155f61583bfc815b5835834bacc950c6abcad7e6e15c0e881d259eee31819081,0,0,0,0,0
train,1023,aircraft_surface_damage_crack_v2_0001023.jpg,train,IMG_20230512_124130_jpg.rf.fba580b7d9f5f2d501895783147f61c3.jpg,img_20230512_124130,c2a32b3cf509c9aed4e1f899e016c06b123ed5332d2da9b03e4b18e95bee600f,0,0,0,0,0
train,1024,aircraft_surface_damage_crack_v2_0001024.jpg,train,IMG_20230512_124134_jpg.rf.8163772b1c42d62af02772f40259ede1.jpg,img_20230512_124134,1309b3b17c3bc510aa065d9a78a916761799b983391d82d567d32fefb8d8e49f,0,0,0,0,0
train,1025,aircraft_surface_damage_crack_v2_0001025.jpg,train,IMG_20230512_124134_jpg.rf.a41721c0cd4fe936062ef9982c1037ca.jpg,img_20230512_124134,0cbd47d5b6c986d3d6943684c47d65612a6f5b4d497b80e93ea5f47144bab637,0,0,0,0,0
train,1026,aircraft_surface_damage_crack_v2_0001026.jpg,train,IMG_20230512_124134_jpg.rf.c4944c7ce728f69f1933b0c7131e8444.jpg,img_20230512_124134,45158dad39f86781ceb35a218356b4bf3d77347bfa01cef9c8b691f1d5fdc5ab,0,0,0,0,0
train,1027,aircraft_surface_damage_crack_v2_0001027.jpg,train,IMG_20230512_124157_jpg.rf.2a0789a6a2876b0935c6241c75fd3d06.jpg,img_20230512_124157,1d449c7ae5427dddbf15e64e1e1e7932d2723180e7d6618758c63331427acf92,0,0,0,0,0
train,1028,aircraft_surface_damage_crack_v2_0001028.jpg,train,IMG_20230512_124157_jpg.rf.b1af66d4bb156964db7a42c0d9a7fb58.jpg,img_20230512_124157,bb33d0ceacb467701a8ad1af01eddb20fc669d4a3acc8987d185710ae00dab04,0,0,0,0,0
train,1029,aircraft_surface_damage_crack_v2_0001029.jpg,train,IMG_20230512_124157_jpg.rf.f5ca974d4447db9d99d61ba9fc7afded.jpg,img_20230512_124157,50adbf2ab380cb3da2aa276aa40bb4c8c69a2586cd38fec2c5ba7d0df770fa99,0,0,0,0,0
train,1030,aircraft_surface_damage_crack_v2_0001030.jpg,train,IMG_20230512_124217_jpg.rf.69e50e68caa73e28cc8e32cded70fda1.jpg,img_20230512_124217,b245451be5d89764d28623f172abc36c96a0bc0a813e607d4ed9aa277b0083dc,1,1,0,1,0
train,1031,aircraft_surface_damage_crack_v2_0001031.jpg,train,IMG_20230512_124217_jpg.rf.69eb55bd6300d9691af3722c92ce0e8c.jpg,img_20230512_124217,2646b1e69185906e3f0189dfd642834f5debf07607eecc5338832568284fd15c,1,1,0,1,0
train,1032,aircraft_surface_damage_crack_v2_0001032.jpg,train,IMG_20230512_124217_jpg.rf.736862a1ee075f14aea1502e8235a98a.jpg,img_20230512_124217,c08f676a21938ad4705468afffdda8b7bb4541875a0d78073108f65e7a46cda2,1,1,0,0,1
train,1033,aircraft_surface_damage_crack_v2_0001033.jpg,train,IMG_20230512_124231_jpg.rf.7f592e9f543b303237a2b91dc7eef30e.jpg,img_20230512_124231,5dd198898081055491a0691919e22974e2e0a24ed19391e2443cca8df134508c,1,1,0,0,1
train,1034,aircraft_surface_damage_crack_v2_0001034.jpg,train,IMG_20230512_124231_jpg.rf.81baf70e20d867386f133b8a61887c68.jpg,img_20230512_124231,ef38dd3ae771a9c2309f7c339defeb4fd3f6a634cd70e673ecf7565a390c952d,1,1,0,0,1
train,1035,aircraft_surface_damage_crack_v2_0001035.jpg,train,IMG_20230512_124231_jpg.rf.b7ad050ad9d3454a508577c650fbc934.jpg,img_20230512_124231,0baab1543c0c08fcbbe85e01b3378516d0f4f759c991d1cc91d78e849b60e45e,1,1,0,0,1
train,1036,aircraft_surface_damage_crack_v2_0001036.jpg,train,IMG_20230512_124235_jpg.rf.987f2b262664123da2aebe0236ed8522.jpg,img_20230512_124235,b18acce9f9d1174fb53e8eb89627186ebc0c8b0ee3dfcaa26e26ad4490a025d2,1,1,0,0,1
train,1037,aircraft_surface_damage_crack_v2_0001037.jpg,train,IMG_20230512_124235_jpg.rf.aaadd729c0ab2082fc5abf4a11fa7977.jpg,img_20230512_124235,97ece987e5c3e744ef7572b26d7dcfd7a6efe7d155554ab2fd60ba7ffa7ae41d,1,1,0,0,1
train,1038,aircraft_surface_damage_crack_v2_0001038.jpg,train,IMG_20230512_124235_jpg.rf.aadd742daae79b5f33947e0d97d538fe.jpg,img_20230512_124235,3714c3aa1f98fa08e3fb9a7eff85d447ee59785d1eb9de0771ac2d46757e26db,1,1,0,0,1
train,1039,aircraft_surface_damage_crack_v2_0001039.jpg,train,IMG_20230512_124246_jpg.rf.1647c70a37459c19dd2c6eda7d0f2d5f.jpg,img_20230512_124246,f76f0ffff2d2e93c6280d89384f3289def071a2d3f5809ffaec6d8e3a22d3dce,1,1,0,0,1
train,1040,aircraft_surface_damage_crack_v2_0001040.jpg,train,IMG_20230512_124246_jpg.rf.201564fe4ec953487b7c3c7fa445a6ce.jpg,img_20230512_124246,77106cdf9e311a525c707ada78777028c1820985a70cf5fefff9a32d0601f687,1,1,0,0,1
train,1041,aircraft_surface_damage_crack_v2_0001041.jpg,train,IMG_20230512_124246_jpg.rf.54d7b9cf41570fcf571646df904bd5a5.jpg,img_20230512_124246,b554b8fb34f38d5038db37c525a8389ef40e8e8ccb4a059e9f695c97e8afcdae,1,1,0,0,1
train,1042,aircraft_surface_damage_crack_v2_0001042.jpg,train,IMG_20230512_124255_jpg.rf.8a7997bf0b8df0bd17293c519e954ebb.jpg,img_20230512_124255,54d428395bc9375fa4f8d5f54b452da234e4773749b1ee2f30ad604168db5151,1,1,0,0,1
train,1043,aircraft_surface_damage_crack_v2_0001043.jpg,train,IMG_20230512_124255_jpg.rf.a90ab2a8ae104405e8834bf6c35ebc3b.jpg,img_20230512_124255,60b0f6c32e80e444fea0e17f9ea32b78add446a689d3a7953b5d828ab537117c,1,1,0,0,1
train,1044,aircraft_surface_damage_crack_v2_0001044.jpg,train,IMG_20230512_124255_jpg.rf.d21da857eaf61b9361826aed04b8ea43.jpg,img_20230512_124255,82c0103469f71f8bc985c9b5949028c906a8fddfb68aefc6739b77217e5b6a00,1,1,0,0,1
train,1045,aircraft_surface_damage_crack_v2_0001045.jpg,train,IMG_20230512_124359_jpg.rf.587ff7533661a8029c46477e12116148.jpg,img_20230512_124359,2f2243839e435fd85ac29a9977bc3839e9469bc6b4a215f19a9bb4dec7457893,0,0,0,0,0
train,1046,aircraft_surface_damage_crack_v2_0001046.jpg,train,IMG_20230512_124359_jpg.rf.6400be8310b2732521a78f9ce917c225.jpg,img_20230512_124359,edddb57d35f919689b519f4779a17d221cfe8f82b5dc6385d7efa96d0f8ce5ac,0,0,0,0,0
train,1047,aircraft_surface_damage_crack_v2_0001047.jpg,train,IMG_20230512_124359_jpg.rf.a32b32e282650726aa22a8758fefd221.jpg,img_20230512_124359,59f374a0351831090519c79fca9dcf524ff43f10fbf5152c35543a989f5c1e8a,0,0,0,0,0
train,1048,aircraft_surface_damage_crack_v2_0001048.jpg,train,IMG_20230512_124402_jpg.rf.0531ec94fc08c73a53db1aebdfc00adf.jpg,img_20230512_124402,40dd95c84b0d094808bf7dfbc952ed3b013f029020f311326ee94883e94f6a61,0,0,0,0,0
train,1049,aircraft_surface_damage_crack_v2_0001049.jpg,train,IMG_20230512_124402_jpg.rf.4867629e50cdc24f22219f678ea8e678.jpg,img_20230512_124402,ebff3dfa877f3e2e27f6c3039deb8119a69ef2f78784c8447d7750043e4accb9,0,0,0,0,0
train,1050,aircraft_surface_damage_crack_v2_0001050.jpg,train,IMG_20230512_124402_jpg.rf.62b588cc4d7c9ff3781ab0d1f58ae8c2.jpg,img_20230512_124402,134734c0f9425f5a3bb797c47f02de6ba93585e14f246f8321be4004ecae3347,0,0,0,0,0
train,1051,aircraft_surface_damage_crack_v2_0001051.jpg,train,IMG_20230512_124405_jpg.rf.1ebadfa70eead25cbfc9200d7222bd45.jpg,img_20230512_124405,904ede7ad38f3b6773b834648942abb2d7c2aa58a917a8fd326c3d03c5aa4b44,0,0,0,0,0
train,1052,aircraft_surface_damage_crack_v2_0001052.jpg,train,IMG_20230512_124405_jpg.rf.380698c0f74c056e5ca8363d423b2ac9.jpg,img_20230512_124405,ca4ed8d1f46088c5aa609f5f3a99e27fcf1975a24a74558067d0149488a6501d,0,0,0,0,0
train,1053,aircraft_surface_damage_crack_v2_0001053.jpg,train,IMG_20230512_124405_jpg.rf.ff737c7c0dd4ece00522f163058bba38.jpg,img_20230512_124405,265e26d0266e131c2749e89984038f004a5fb1b6bb8d5fb3669965fa51b33c7d,0,0,0,0,0
train,1054,aircraft_surface_damage_crack_v2_0001054.jpg,train,IMG_20230512_124424_jpg.rf.16fdc2a313ab51fdc0236283b9d2b07b.jpg,img_20230512_124424,8cbed730788c3f2edb1270ee988a44632d9eb31b2a8e5e5c8075e571ddb72aeb,1,2,0,1,1
train,1055,aircraft_surface_damage_crack_v2_0001055.jpg,train,IMG_20230512_124424_jpg.rf.9dae0e1fde406ca2d5b2bb8757db820e.jpg,img_20230512_124424,5fd229d7c4cbb5be173836cf98844a0804dbc38aac412eebc8f1e17866fc9026,1,2,1,0,1
train,1056,aircraft_surface_damage_crack_v2_0001056.jpg,train,IMG_20230512_124424_jpg.rf.f09d797755c50b3862678cf55db34833.jpg,img_20230512_124424,5f005f264c3746eb2028fc222f1c24441565c4ea897f5e13412dbbb4f4362db8,1,2,1,0,1
train,1057,aircraft_surface_damage_crack_v2_0001057.jpg,train,IMG_20230512_124712_jpg.rf.20e90c1696a443aaaa9aab79ac3d0e54.jpg,img_20230512_124712,4f63006614d81428ef1410ec6e4e2a00cf9dee0dcb95a1c0bafb5d61be9af0fa,0,0,0,0,0
train,1058,aircraft_surface_damage_crack_v2_0001058.jpg,train,IMG_20230512_124712_jpg.rf.dddc163bd24d7ba93d538db8a2e1668f.jpg,img_20230512_124712,e1ed2261cef49b1bff8b4808cfbcc2a1177adaae64ed40b708e9f4d29f0ec6d1,0,0,0,0,0
train,1059,aircraft_surface_damage_crack_v2_0001059.jpg,train,IMG_20230512_124712_jpg.rf.ffb33a7661e001342c924c1240464e88.jpg,img_20230512_124712,f677da0b3800d549ebf655ddc1b576ca7a58ab03e46ef4161c52577ae6ef7743,0,0,0,0,0
train,1060,aircraft_surface_damage_crack_v2_0001060.jpg,train,IMG_20230512_124736_jpg.rf.6feb2fc1ca71f7a17c24d4528d77e295.jpg,img_20230512_124736,651062fdfa034827156468e74c46b89a3abb56fb4ca5a7cbe9144c752cc95d37,0,0,0,0,0
train,1061,aircraft_surface_damage_crack_v2_0001061.jpg,train,IMG_20230512_124736_jpg.rf.7b8d2fb7b39647ed732ac057dbdd2a1a.jpg,img_20230512_124736,6a946cd9a585452c8f4521e9a0a7941c2589a48774bf00811b701363b614681e,0,0,0,0,0
train,1062,aircraft_surface_damage_crack_v2_0001062.jpg,train,IMG_20230512_124736_jpg.rf.7d6c6e7e2e6754303b3af6da0c92b469.jpg,img_20230512_124736,10d185eb60f2f15d2bdc76f748e77a606dff20c7177bca9775276eaa38416425,0,0,0,0,0
train,1063,aircraft_surface_damage_crack_v2_0001063.jpg,train,IMG_20230512_124744_jpg.rf.2f1d14f82091e722323d9bca0c1151b1.jpg,img_20230512_124744,a5765f09f2910bd948ddebc965577c74537815c846eb15d42914d4dd43457b76,0,0,0,0,0
train,1064,aircraft_surface_damage_crack_v2_0001064.jpg,train,IMG_20230512_124744_jpg.rf.7eda2c1adbe4a0ae6f9518f8be59f751.jpg,img_20230512_124744,ef1f377d9d803a2071e3c2e7a099427a9404b8652f7bbee74683966d75e43235,0,0,0,0,0
train,1065,aircraft_surface_damage_crack_v2_0001065.jpg,train,IMG_20230512_124744_jpg.rf.f64dc2bb992dba643f00aaa55632ae62.jpg,img_20230512_124744,5c7d20f705461827576c9df292847661f30239d061858234a5c02b4bf36831a7,0,0,0,0,0
train,1066,aircraft_surface_damage_crack_v2_0001066.jpg,train,IMG_20230512_124820_jpg.rf.094387fb8a5fe2be4568a78dd2c8e2ad.jpg,img_20230512_124820,a477c4aaecd43ddbe876cdb9ef3276b0d6273cfb4b96d6e0e2bf7f0367031b5e,1,1,0,0,1
train,1067,aircraft_surface_damage_crack_v2_0001067.jpg,train,IMG_20230512_124820_jpg.rf.b87ca1d61c9693935993b44c3c36b9f7.jpg,img_20230512_124820,65770f02112f6753f8a02c3ade6b40f312f28fac56a97bda670570b7df2f2088,1,1,0,0,1
train,1068,aircraft_surface_damage_crack_v2_0001068.jpg,train,IMG_20230512_124820_jpg.rf.d3f1f994e73373e4819b4c6f114eadbd.jpg,img_20230512_124820,bbcd28a123bd0eacd78714b0da274b8761331b5fa646de8a9e5f7f7619c5eda2,1,1,0,0,1
train,1069,aircraft_surface_damage_crack_v2_0001069.jpg,train,IMG_20230512_124824_jpg.rf.0190fcdfaeebb9ea500521c19a27f7bf.jpg,img_20230512_124824,918a170433f1759100b15a1ea6230071ace807540345c67af60c1337178e2743,1,1,0,0,1
train,1070,aircraft_surface_damage_crack_v2_0001070.jpg,train,IMG_20230512_124824_jpg.rf.09c328d02f29cc94c58f5566889635f6.jpg,img_20230512_124824,63157b7cf655e307d836ff55a7dd4d183205d83852524578afcc8f1b8651fd7c,1,1,0,0,1
train,1071,aircraft_surface_damage_crack_v2_0001071.jpg,train,IMG_20230512_124824_jpg.rf.46aaf59bde94614c48fa6e7c8a91952e.jpg,img_20230512_124824,73914fc5e50e668bb3a0d2384511dfcbca68ca06c86fd0363347522363657ee4,1,1,0,0,1
train,1072,aircraft_surface_damage_crack_v2_0001072.jpg,train,IMG_20230512_124827_jpg.rf.2ca9774f5c8cd1c0e2de157ecb23e0ed.jpg,img_20230512_124827,270434bf668ab81bc738847d7292d2dcb5b9632ab9a076865fa736f975a677a9,1,1,0,0,1
train,1073,aircraft_surface_damage_crack_v2_0001073.jpg,train,IMG_20230512_124827_jpg.rf.33a5d96f724110e628d148a25b5087b1.jpg,img_20230512_124827,622f94cb2c37c0bb41512dd4d88d1fb06e938473a73830d4bb922b2ea29769b1,1,1,0,0,1
train,1074,aircraft_surface_damage_crack_v2_0001074.jpg,train,IMG_20230512_124827_jpg.rf.885f34be70753d6534940860a5d34c19.jpg,img_20230512_124827,5b0f31b0b80415530846018ccc874d3227d67dbc362731093037a6b5cb02f137,1,1,0,0,1
train,1075,aircraft_surface_damage_crack_v2_0001075.jpg,train,IMG_20230512_124830_jpg.rf.0c48e0f427bd333573dd4f8aa7385cbb.jpg,img_20230512_124830,e43a62790973f16230d7821ce16f8449cf13793997da9c250bf275e1d6d7316b,1,1,0,0,1
train,1076,aircraft_surface_damage_crack_v2_0001076.jpg,train,IMG_20230512_124830_jpg.rf.ae640480b99e2df65c69a6f07f92b9cc.jpg,img_20230512_124830,2bf98483246e531775baee9387487c1ce5ceaf55bf5fb1dde0701bfc64c91f6b,1,1,0,0,1
train,1077,aircraft_surface_damage_crack_v2_0001077.jpg,train,IMG_20230512_124830_jpg.rf.b1ae210309b45c9956dd691c37c27efe.jpg,img_20230512_124830,7458c3bb757a459190f916de949ca8325550e07fe935260f34838508c8b7a072,1,1,0,0,1
train,1078,aircraft_surface_damage_crack_v2_0001078.jpg,train,IMG_20230512_124835_jpg.rf.2b6bc9e8899c554087089fdad10aa9bc.jpg,img_20230512_124835,dc2d9034686ccb9ee911085b23adf2ed668de36b4865efcbea59b46a3458bbb2,1,1,0,0,1
train,1079,aircraft_surface_damage_crack_v2_0001079.jpg,train,IMG_20230512_124835_jpg.rf.d44a66215857442b5c2a4b24ff886674.jpg,img_20230512_124835,dc46ec6081ea92143b35c877ff2aab9edc512c9fe0ec86d93b1c9df63b110368,1,1,0,0,1
train,1080,aircraft_surface_damage_crack_v2_0001080.jpg,train,IMG_20230512_124835_jpg.rf.dbbb665243efeb9fcd16b7b9f2cae785.jpg,img_20230512_124835,10ebffd102d782a1652ba9c9321d2938843600a2e884e592225c161d86dff1ed,1,1,0,0,1
train,1081,aircraft_surface_damage_crack_v2_0001081.jpg,train,IMG_20230512_124838_jpg.rf.96fda0440cf77d8791ee5ca3d1950c1d.jpg,img_20230512_124838,008a60761e62aeb12d4f070486fbfa765514c3be16f07f292d71f65d5f6fddef,1,1,0,0,1
train,1082,aircraft_surface_damage_crack_v2_0001082.jpg,train,IMG_20230512_124838_jpg.rf.c8acd00a649e67bbd8d8ebd377f142f4.jpg,img_20230512_124838,adae592c7c02f54351df5feb60afb13e49e184b5a8a93657e60c2db4e7abcc68,1,1,0,0,1
train,1083,aircraft_surface_damage_crack_v2_0001083.jpg,train,IMG_20230512_124838_jpg.rf.e85f8a08b2ebcdd1dce360d97d5b9d6e.jpg,img_20230512_124838,523cf947d884e25e8f836d1005e86362b17387278acfea4f29ecf5600817a2e2,1,1,0,0,1
train,1084,aircraft_surface_damage_crack_v2_0001084.jpg,train,IMG_20230512_124845_jpg.rf.1babab9ae4c7d355f7063736633b0392.jpg,img_20230512_124845,d0d484d95f2f884a3295ee4594de656be9db75de75dd605f365de93e280febae,1,1,0,0,1
train,1085,aircraft_surface_damage_crack_v2_0001085.jpg,train,IMG_20230512_124845_jpg.rf.2731cb12fe2fbdfab65664d1d44eec04.jpg,img_20230512_124845,106c16afdfbaed8472eb2d6272b2708a7c1cda158fb98ece2a888dc921151ba6,1,1,0,0,1
train,1086,aircraft_surface_damage_crack_v2_0001086.jpg,train,IMG_20230512_124845_jpg.rf.83e3458007ec983491fbcbd9008f890b.jpg,img_20230512_124845,f197439ac2f0a106c9017facea427c0b4295b3a1d927b1e7642705dbd418d14a,1,1,0,0,1
train,1087,aircraft_surface_damage_crack_v2_0001087.jpg,train,IMG_20230512_124857_jpg.rf.855123f63abbb2468eef27d79661309d.jpg,img_20230512_124857,af24826f515ffe7d5bd7fc94e134ba1dcd22e52cf4865c1f474b374888510d14,1,1,0,0,1
train,1088,aircraft_surface_damage_crack_v2_0001088.jpg,train,IMG_20230512_124857_jpg.rf.88b339b097c427afa0b9e736406d985e.jpg,img_20230512_124857,6273befb199a2e1edfe55be34cfa4e1e4f5a022162f0e597cfbf46949d74f049,1,1,0,0,1
train,1089,aircraft_surface_damage_crack_v2_0001089.jpg,train,IMG_20230512_124857_jpg.rf.e46073ed5997988d41b067839f4b8468.jpg,img_20230512_124857,fe9b38bb27161ce1bece807be60257df1db95b07997b258903f1a827273b3007,1,1,0,0,1
train,1090,aircraft_surface_damage_crack_v2_0001090.jpg,train,IMG_20230512_124907_jpg.rf.12113feb4029457b3794411c11493080.jpg,img_20230512_124907,f61053a643c699a93a40e50855c6878de39acdc3f64914eb2676eddd76ea9add,1,1,0,0,1
train,1091,aircraft_surface_damage_crack_v2_0001091.jpg,train,IMG_20230512_124907_jpg.rf.4c67622e5a3e0d8d48e2eb9720552475.jpg,img_20230512_124907,187428fb9ee4cf2508d725172236433e878fb19dfbdd7caeead04e32fc77df21,1,1,0,0,1
train,1092,aircraft_surface_damage_crack_v2_0001092.jpg,train,IMG_20230512_124907_jpg.rf.544c0c4ec247a889ce410449a4276136.jpg,img_20230512_124907,68e4af7a1344fbe3be76098133b9bd1eb65958547b18a7451b43410f46a57827,1,1,0,0,1
train,1093,aircraft_surface_damage_crack_v2_0001093.jpg,train,IMG_20230512_124909_jpg.rf.37d2d167afe52972cdd05a607b7c0c91.jpg,img_20230512_124909,9fa5fbb44705fe27eb458fb8fdcaa9f4cee2faaedc2d4d95203853f6228d2c6a,1,1,0,0,1
train,1094,aircraft_surface_damage_crack_v2_0001094.jpg,train,IMG_20230512_124909_jpg.rf.61751db4d76177189e91fbf33d5d76c7.jpg,img_20230512_124909,aa32b7fec9affe817a0b591554594e68662d90e7671a559df1a35e192b0621e6,1,1,0,0,1
train,1095,aircraft_surface_damage_crack_v2_0001095.jpg,train,IMG_20230512_124909_jpg.rf.f88934ed786952c6652c2dfaa0aba074.jpg,img_20230512_124909,3efe46da84c37ad5d14b502fe721f24db8f48bd7eba471433349a0d9985425e2,1,1,0,0,1
train,1096,aircraft_surface_damage_crack_v2_0001096.jpg,train,IMG_20230512_124916_jpg.rf.0049cc0474b04f69feb747d34f9b2032.jpg,img_20230512_124916,cda82742c8d9fe03d2968ca0f5a85dfe78c344dd2762bac930db2842b9dd94b1,1,1,0,0,1
train,1097,aircraft_surface_damage_crack_v2_0001097.jpg,train,IMG_20230512_124916_jpg.rf.d360f8a9c5dd569a733c5ad2e6688ac6.jpg,img_20230512_124916,2215e8c675d17fb7ece2a602d1c9d72ca19a5f21971a4f335e8bdd00d13b68cd,1,1,0,0,1
train,1098,aircraft_surface_damage_crack_v2_0001098.jpg,train,IMG_20230512_124916_jpg.rf.e7ff93ade5f370285979ec6eab722ff4.jpg,img_20230512_124916,d4be4d03101a38346b0f833d9b91972ea5d2a12f2bfe948e1595ad209a076f08,1,1,0,0,1
train,1099,aircraft_surface_damage_crack_v2_0001099.jpg,train,IMG_20230512_124925_jpg.rf.1a5100bc495659e1abd3a758e0396a2a.jpg,img_20230512_124925,214e29b46f0b5ca55d9ed586b3a5723063d0ac7905b33a79090d0da2546add43,1,1,0,1,0
train,1100,aircraft_surface_damage_crack_v2_0001100.jpg,train,IMG_20230512_124925_jpg.rf.a4b9bb8f8d15cb67f20b3f0243c428dc.jpg,img_20230512_124925,6bc48c2450cec5ecd43310704c56429d46c841bc73209f966bd962a36a8adbfd,1,1,0,1,0
train,1101,aircraft_surface_damage_crack_v2_0001101.jpg,train,IMG_20230512_124925_jpg.rf.b719421a30693e21fad847c23ef7b79c.jpg,img_20230512_124925,d08efa9b5e676251795de69e8dd90f02a1162b8f1af5ab9f905cc3a449cd2b9f,1,1,0,0,1
train,1102,aircraft_surface_damage_crack_v2_0001102.jpg,train,IMG_20230512_124935_jpg.rf.1a66f7f5ce42a5f7f5fd0380ffa7140d.jpg,img_20230512_124935,9b1c08cbe40b11b386339edafc46aecfa5e04b248a68dced115b7fb41fb94bd5,1,1,0,0,1
train,1103,aircraft_surface_damage_crack_v2_0001103.jpg,train,IMG_20230512_124935_jpg.rf.9900f8bf4242cef45bacfef0c6d4229d.jpg,img_20230512_124935,e56257e45ceefa674954a3059af9126b61fd6e13ca284b798aa908284509d94d,1,1,0,0,1
train,1104,aircraft_surface_damage_crack_v2_0001104.jpg,train,IMG_20230512_124935_jpg.rf.c4a94845b7b8e374c7626bc4ce154778.jpg,img_20230512_124935,ab792187cdcae56bb0a426b87b856da2c3700238f83fe351af8f71a39965178b,1,1,0,0,1
train,1105,aircraft_surface_damage_crack_v2_0001105.jpg,train,IMG_20230512_124943_jpg.rf.87217f5ccc76b711cdb625f9aaf2e43b.jpg,img_20230512_124943,6a0a6143514e9dda6d1b318adaf59f4b346bfdd6b9fd99f8e30516e123ca86b6,1,1,0,0,1
train,1106,aircraft_surface_damage_crack_v2_0001106.jpg,train,IMG_20230512_124943_jpg.rf.992daad41361e8a389fe295eac3763ce.jpg,img_20230512_124943,08ca60744bdfc251db50bd9bc825005390b2f8db0b426309e15738b53d2402c5,1,1,0,0,1
train,1107,aircraft_surface_damage_crack_v2_0001107.jpg,train,IMG_20230512_124943_jpg.rf.a6dca4134ba170a41803cf0e3f3cc2f9.jpg,img_20230512_124943,9fb06a28adbe1555300a47a47a29d8bea5642eafde563d164a894de6ecf086f8,1,1,0,0,1
train,1108,aircraft_surface_damage_crack_v2_0001108.jpg,train,IMG_20230512_125001_jpg.rf.2925f724bfd8c020ed704578ce9f683a.jpg,img_20230512_125001,d2f8ea639fb693796c32941eca43a7c712eda18f86434d4cb31526330dc79b20,1,1,0,0,1
train,1109,aircraft_surface_damage_crack_v2_0001109.jpg,train,IMG_20230512_125001_jpg.rf.5db0a627ee7f9b72c3b842d967387d41.jpg,img_20230512_125001,f805c285c65a3a4f7e2f6fafbfd43c8e608ef88197feb04cc1f9b9b524b7b010,1,1,0,0,1
train,1110,aircraft_surface_damage_crack_v2_0001110.jpg,train,IMG_20230512_125001_jpg.rf.b63fe92aef5cb7cf66305c4a243d9aca.jpg,img_20230512_125001,ff9797ba8e3d49146ea94bdac1f1d993a7515802cf5c6e5ea9f56bccda57dc08,1,1,0,0,1
train,1111,aircraft_surface_damage_crack_v2_0001111.jpg,train,IMG_20230512_125009_jpg.rf.8bd7ce0ede30b58ebec23d9b9d0f1e16.jpg,img_20230512_125009,ce860d1bcd8d0119ee88c96f3c9e413f29c063b6b55365be2713673be609e21b,1,1,0,0,1
train,1112,aircraft_surface_damage_crack_v2_0001112.jpg,train,IMG_20230512_125009_jpg.rf.c271aa80a0e4e78609372abd56cb6ab9.jpg,img_20230512_125009,59a66ed635150e9312a5efb4eba179467b871f985549f9b0e0d43bf45fd0f070,1,1,0,0,1
train,1113,aircraft_surface_damage_crack_v2_0001113.jpg,train,IMG_20230512_125009_jpg.rf.f28e2762e2fa6fdb4eeb8932a7cf8f79.jpg,img_20230512_125009,d647887102f1a0eb11028d62eeb20ecae770c89c542861d335030df2915e4f95,1,1,0,0,1
train,1114,aircraft_surface_damage_crack_v2_0001114.jpg,train,IMG_20230512_125012_jpg.rf.0914d05a18566917727c434f3e2ac537.jpg,img_20230512_125012,4c402b1eb3c438256b56f7b607c6cfba07086ac80ab491c0cbd88a0319d34a51,1,1,0,0,1
train,1115,aircraft_surface_damage_crack_v2_0001115.jpg,train,IMG_20230512_125012_jpg.rf.3436af354e5ac01d9ec5ed0da561e034.jpg,img_20230512_125012,aea778ccc94f45be079ab8f5b3b614c0b0db9b8187f0ef9e9701a2fbd9ce5216,1,1,0,0,1
train,1116,aircraft_surface_damage_crack_v2_0001116.jpg,train,IMG_20230512_125012_jpg.rf.75f39c2f681ed2e3951795f315e25a0f.jpg,img_20230512_125012,53b501f2af1a606819869c2a4d2b2d27197249824409f65b28acd3d77b16de63,1,1,0,0,1
train,1117,aircraft_surface_damage_crack_v2_0001117.jpg,train,IMG_20230512_125016_jpg.rf.206c5f53514979389a651e3a92c0825a.jpg,img_20230512_125016,a00af1d64898273b1423889cf325dd4fab6e54a73b317709bc934df0ff29b639,1,1,0,0,1
train,1118,aircraft_surface_damage_crack_v2_0001118.jpg,train,IMG_20230512_125016_jpg.rf.a08aca7d327c6140f4ea19d4ece662b3.jpg,img_20230512_125016,4a0574ab3bbde9e91d8ada0eb3479194418b25d8cfc95893caf22c7bd4d76de0,1,1,0,0,1
train,1119,aircraft_surface_damage_crack_v2_0001119.jpg,train,IMG_20230512_125016_jpg.rf.dd17e1afe0ef83639545d5afe5ecdc83.jpg,img_20230512_125016,b2f57ce7d4b3e938a2618827e11fc65b59f81952ed8a508b28b1afb9b3694afe,1,1,0,0,1
train,1120,aircraft_surface_damage_crack_v2_0001120.jpg,train,IMG_20230512_125111_jpg.rf.14b905c4a4f0cc9d0eaaa53f9a1cf0b9.jpg,img_20230512_125111,e60d2d5ec5d79bb656a6fd384366ebce1d701ee9700a11b6ba9d45469e2e586a,1,1,0,0,1
train,1121,aircraft_surface_damage_crack_v2_0001121.jpg,train,IMG_20230512_125111_jpg.rf.23ff29c4ba2a34b7c635bfdaad325548.jpg,img_20230512_125111,012f9ca89ca1f70ad8c95eee2ec24613a675964616aa3996c9f9c896c6230e13,1,1,0,0,1
train,1122,aircraft_surface_damage_crack_v2_0001122.jpg,train,IMG_20230512_125111_jpg.rf.adbc7946109612d4e1c70f336ef737b4.jpg,img_20230512_125111,7340dbbc088d8950b3740479b689bc4e2cf7bae6ce0686f7c6e092c112f0e321,1,1,0,0,1
train,1123,aircraft_surface_damage_crack_v2_0001123.jpg,train,IMG_20230512_125115_jpg.rf.9c4ed63c8fa7e8b8b47fc3901b0b55f8.jpg,img_20230512_125115,abf050d466b9b43519faf4ea29f08a3902252aba3852fa2486283aecbdee3423,1,1,0,0,1
train,1124,aircraft_surface_damage_crack_v2_0001124.jpg,train,IMG_20230512_125115_jpg.rf.ac851f00bb371f09f0b5b98b9ee2a0a0.jpg,img_20230512_125115,5aaff9fa31f608df43c2f59860cf613f2bf9cf74b8b627d34dbf4d98b4095794,1,1,0,0,1
train,1125,aircraft_surface_damage_crack_v2_0001125.jpg,train,IMG_20230512_125115_jpg.rf.d9785a6d2ae0b403d987e5db738802b3.jpg,img_20230512_125115,7394c3509a05b95ad0c209dd1087003790f590c7489102a898ad22dcd6a3ec63,1,1,0,0,1
train,1126,aircraft_surface_damage_crack_v2_0001126.jpg,train,IMG_20230512_125118_jpg.rf.2a203db491c768b729e232ed5fab3ccc.jpg,img_20230512_125118,ce4548aadcd53bbf206376fd00ed1dae99fa5b73a94117da7bbe660c31dda3e2,1,1,0,0,1
train,1127,aircraft_surface_damage_crack_v2_0001127.jpg,train,IMG_20230512_125118_jpg.rf.552e29aaa2c86b83e10d8b5473837f66.jpg,img_20230512_125118,bed9b0051427db090afeab211b3eb353046474ec792679f92b78d9b1d0ecb60d,1,1,0,0,1
train,1128,aircraft_surface_damage_crack_v2_0001128.jpg,train,IMG_20230512_125118_jpg.rf.b8c5e3d05306a6f4b4c25caa69a5db3b.jpg,img_20230512_125118,ad023bee29ed4fc70426c9d607318588ee53a2aa38192dfd384571801903da00,1,1,0,0,1
train,1129,aircraft_surface_damage_crack_v2_0001129.jpg,train,IMG_20230512_125123_jpg.rf.c71b7b119c486db903df0e60ff2ff281.jpg,img_20230512_125123,785ccaa5e70eea412e7e1d7a403e6b06b2b3d93b610589b5cb28b2fdd35c2224,1,1,0,1,0
train,1130,aircraft_surface_damage_crack_v2_0001130.jpg,train,IMG_20230512_125123_jpg.rf.d99e177539280b21c4ede294c35ec824.jpg,img_20230512_125123,e9b342fdd76bd39fcd57b56b5d53f00724fcbd2e5d1139c09b90e83440da873a,1,1,0,0,1
train,1131,aircraft_surface_damage_crack_v2_0001131.jpg,train,IMG_20230512_125123_jpg.rf.e52bbdbaf810091a4665b983abd605cf.jpg,img_20230512_125123,b00279af4c007fcc80eeaa6d6ae440b0fda12f1f7bac5c3c4384edef2a4d5a65,1,1,0,0,1
train,1132,aircraft_surface_damage_crack_v2_0001132.jpg,train,IMG_20230512_125125_jpg.rf.0bc7fc5ba9cbf51fc09f445ecce054dd.jpg,img_20230512_125125,e9f974ebe6e2ae129823f8d3b64ba1e47daf3d5fab993a5c9824805512caa4ac,1,1,0,1,0
train,1133,aircraft_surface_damage_crack_v2_0001133.jpg,train,IMG_20230512_125125_jpg.rf.127b60c935af5547ce53572bdda82cce.jpg,img_20230512_125125,588e8179d48d0dbfd71ca5e47b2bcb4f010559710bf83ffa821817f0f4fb80d9,1,1,0,0,1
train,1134,aircraft_surface_damage_crack_v2_0001134.jpg,train,IMG_20230512_125125_jpg.rf.12fc48fc8c57cefff0274f5bbe993a8f.jpg,img_20230512_125125,56c4e56a996f776cd4f0176561a8e28a1acaf7974c51ab53271d3d17486a1694,1,1,0,1,0
train,1135,aircraft_surface_damage_crack_v2_0001135.jpg,train,IMG_20230512_125135_jpg.rf.632da840b7851c0711f499dda7803690.jpg,img_20230512_125135,d0cda8b0feb4e23e8aa946b5fb8204c7b22d435d5014f275724946c0bbda8324,1,1,0,1,0
train,1136,aircraft_surface_damage_crack_v2_0001136.jpg,train,IMG_20230512_125135_jpg.rf.9d66d212a0aa8383e7a7537e9e21de10.jpg,img_20230512_125135,ff592596fecc5bdd7d8c73858ff617eb65cae9b1d1a2314f29f568e9a61330a3,1,1,0,0,1
train,1137,aircraft_surface_damage_crack_v2_0001137.jpg,train,IMG_20230512_125135_jpg.rf.f91b032a92508b782feac9a467205019.jpg,img_20230512_125135,9b3090ffa4ab99c0775432676ff3b7a908e94dcb3c429e3d0c6dadf1f30dc77b,1,1,0,0,1
train,1138,aircraft_surface_damage_crack_v2_0001138.jpg,train,IMG_20230512_125138_jpg.rf.416ffdebef86266c453e884c531347db.jpg,img_20230512_125138,c511d70e40562b05757775ede7d24adaec18cc09b673f4cf528e2f56a465f28a,1,1,0,1,0
train,1139,aircraft_surface_damage_crack_v2_0001139.jpg,train,IMG_20230512_125138_jpg.rf.6436d087e31157235364de0f1755dce4.jpg,img_20230512_125138,2eaf0e90b876e33b5f9d98f6bf76d1357f838981b39855a4e9ee3012afc43979,1,1,0,1,0
train,1140,aircraft_surface_damage_crack_v2_0001140.jpg,train,IMG_20230512_125138_jpg.rf.db0f42877e6577513dc0ab65b32ea93c.jpg,img_20230512_125138,e8431d05ac9e7e37fdb5ab19334cb247cce696d496a5a9fe1e0a71e4da245e20,1,1,0,1,0
train,1141,aircraft_surface_damage_crack_v2_0001141.jpg,train,IMG_20230512_125142_jpg.rf.0d6a5956721825d89536989b73614532.jpg,img_20230512_125142,92d8e15ddf7c2bcd97f592b7f7e8368c56b3d6c14d381034ecc470e28efe5025,1,1,1,0,0
train,1142,aircraft_surface_damage_crack_v2_0001142.jpg,train,IMG_20230512_125142_jpg.rf.1f6b268d27e8a121e03a46cab8099b94.jpg,img_20230512_125142,bfac962a47bd30f5540fa40f023459de2b09db90a093c0edb74ac08bc80c7617,1,1,0,1,0
train,1143,aircraft_surface_damage_crack_v2_0001143.jpg,train,IMG_20230512_125142_jpg.rf.638d6f94e3dfb0be5a899bb545140cce.jpg,img_20230512_125142,7ff96ba3d2c54277229a66d1e28ca3ea76b36d0b8deed91f40a6c779308747ef,1,1,0,1,0
train,1144,aircraft_surface_damage_crack_v2_0001144.jpg,train,IMG_20230512_125154_jpg.rf.45cae1256371c39d8219ae310e3d8524.jpg,img_20230512_125154,16ca5331507c7bda5df564950ac4277573c921078202ac2df18cdc782080fc6d,1,1,0,1,0
train,1145,aircraft_surface_damage_crack_v2_0001145.jpg,train,IMG_20230512_125154_jpg.rf.a2cd2b912b249b181f639540591ca6e3.jpg,img_20230512_125154,a0157f8faf822b801652103ab1115750458a7a67b906830e9f32449848b4dce5,1,1,0,1,0
train,1146,aircraft_surface_damage_crack_v2_0001146.jpg,train,IMG_20230512_125154_jpg.rf.b862b46561a1c978bed47163e838d84c.jpg,img_20230512_125154,4b88432dc498e4ef7bc8c772ab4297d0da6a5342d352149476c462b33ece166b,1,1,0,1,0
train,1147,aircraft_surface_damage_crack_v2_0001147.jpg,train,IMG_20230512_125200_jpg.rf.8867d8556e6db245d1a0576db3470846.jpg,img_20230512_125200,5d3e72e976038434f1f3ad92f536120dfe86ff5f27816894835e5d319faac1b4,1,1,0,1,0
train,1148,aircraft_surface_damage_crack_v2_0001148.jpg,train,IMG_20230512_125200_jpg.rf.b5a62db7807acd4383b0d563669ae4b7.jpg,img_20230512_125200,f01ddf2946e53a1248e4f12bbe22fc5c0a982f3e253648947e43ae6a581604f7,1,1,0,1,0
train,1149,aircraft_surface_damage_crack_v2_0001149.jpg,train,IMG_20230512_125200_jpg.rf.e8df4906bbb8bdf840d12fe3e8231bcf.jpg,img_20230512_125200,50415824a8c3825e3a934f7d4c5b52cffeb0322d690c330ace7e27b00c244dee,1,1,0,1,0
train,1150,aircraft_surface_damage_crack_v2_0001150.jpg,train,IMG_20230512_125202_jpg.rf.0b183c55621bb6883fd2708ab410796e.jpg,img_20230512_125202,7ce5fd0fd83cd1152599129ccde85ab5ad6cc5ffc924e0430b6aa19d187e9ac3,1,1,0,1,0
train,1151,aircraft_surface_damage_crack_v2_0001151.jpg,train,IMG_20230512_125202_jpg.rf.6e79060c6e7c623e509d6b2ed28e5204.jpg,img_20230512_125202,0ee2db5ff37d424d8c5f18946eaa59db7e8d6af61c28a954a279e257b15371e3,1,1,0,0,1
train,1152,aircraft_surface_damage_crack_v2_0001152.jpg,train,IMG_20230512_125202_jpg.rf.de2a94703d243671c80a2e2367d24b69.jpg,img_20230512_125202,3f9fbc9a157450990610816b3a70d9eb015365398f2d4521e351bd2b5dee6742,1,1,0,1,0
train,1153,aircraft_surface_damage_crack_v2_0001153.jpg,train,IMG_20230512_125211_jpg.rf.a7f0c9731a546a373f0c8b8a9fa364c4.jpg,img_20230512_125211,fc482e29959285ac3b837f40ad0597f577ca150775379eba77d946fa29eb59e4,1,1,0,1,0
train,1154,aircraft_surface_damage_crack_v2_0001154.jpg,train,IMG_20230512_125211_jpg.rf.a87ef67dc2fba371ac32917537661f96.jpg,img_20230512_125211,f113ee93298ecca11658eb8971069ce902b22d4b4d6888b6fd4240833441653a,1,1,0,0,1
train,1155,aircraft_surface_damage_crack_v2_0001155.jpg,train,IMG_20230512_125211_jpg.rf.ee518be29ebedb83ee788b625e4ab271.jpg,img_20230512_125211,27013997920ef36aa7cbaf7809e6e2c14be049fe9422dd2fabef2e42b64662c1,1,1,0,1,0
train,1156,aircraft_surface_damage_crack_v2_0001156.jpg,train,IMG_20230512_125216_jpg.rf.ae712c7af2ce8ca1bfa7b98d4cfdafcd.jpg,img_20230512_125216,83be542c9870d2637844fb5ca3bf1f120bd1f264d37d0522bcb67a4c8acb03a2,1,1,0,1,0
train,1157,aircraft_surface_damage_crack_v2_0001157.jpg,train,IMG_20230512_125216_jpg.rf.e2c401e186492b4ccad1624ad9e88dfc.jpg,img_20230512_125216,ca74d74e0db81a9165fdf3f26fc212012c91abb0e8fcd9d9a0ded4e11781efbf,1,1,0,1,0
train,1158,aircraft_surface_damage_crack_v2_0001158.jpg,train,IMG_20230512_125216_jpg.rf.f5db5b1e7edaf8bac9b1bdff79737512.jpg,img_20230512_125216,1ee83e89d727ac93a707d7c390c3105c6e442380230577a5fe17d1f391d1ea40,1,1,0,1,0
train,1159,aircraft_surface_damage_crack_v2_0001159.jpg,train,IMG_20230512_125229_jpg.rf.b40e89b41aae74d93770f6e8e3cf17e2.jpg,img_20230512_125229,ca515a5d5d5f71a73370cdd23ff65f6872a9b983b75d509e983cb4af16f6eb52,1,1,0,1,0
train,1160,aircraft_surface_damage_crack_v2_0001160.jpg,train,IMG_20230512_125229_jpg.rf.c73b8967c8083b0fae463b8b69c91e5a.jpg,img_20230512_125229,7f54523313af2101d0cd419b6fd4d641cbaa30d22d9dc372b3ad10ed956eb968,1,1,0,1,0
train,1161,aircraft_surface_damage_crack_v2_0001161.jpg,train,IMG_20230512_125229_jpg.rf.d48515c241527f6730d36509edf3f9d0.jpg,img_20230512_125229,1a3215ce93290f3d37c55cfe0d6804445fb1e7f02884906807ec6429ab3f114f,1,1,0,1,0
train,1162,aircraft_surface_damage_crack_v2_0001162.jpg,train,IMG_20230512_125235_jpg.rf.66fd3bbfb5b8e2d9d6574ee11102b98b.jpg,img_20230512_125235,fd56a2ba2d528dc2a336c6ad8394763982fcfdea8f4ad5a61b87634c0921320d,1,1,0,1,0
train,1163,aircraft_surface_damage_crack_v2_0001163.jpg,train,IMG_20230512_125235_jpg.rf.be9a84f4b3f878ace61e81d0f6924ee3.jpg,img_20230512_125235,6134f18d7d0b071f4e19a354ca3863b495b44678fec899b838c609ca943076bf,1,1,0,1,0
train,1164,aircraft_surface_damage_crack_v2_0001164.jpg,train,IMG_20230512_125235_jpg.rf.dfe64188053fa2ea1be2306b5f505f6b.jpg,img_20230512_125235,e84aa2627eaa252c71d93c083ebfaeeb8193d1a7bfa0fd05f222846d44e12930,1,1,0,1,0
train,1165,aircraft_surface_damage_crack_v2_0001165.jpg,train,IMG_20230512_125242_jpg.rf.0dfd25b0d5980bdf3fc54cd4e341c243.jpg,img_20230512_125242,e492da215eafc34c1f5b33cc4df5fe79ca2e69549d69c6a163ba0bf7c9bf00da,1,1,0,1,0
train,1166,aircraft_surface_damage_crack_v2_0001166.jpg,train,IMG_20230512_125242_jpg.rf.34a9ce61e5f9b745d515b9b3ec00f606.jpg,img_20230512_125242,d1fe27e542779dd2a89ddcaf9defc5535b3d556f2e8cb1aad42d61cfb07dc58e,1,1,0,1,0
train,1167,aircraft_surface_damage_crack_v2_0001167.jpg,train,IMG_20230512_125242_jpg.rf.c92f1605e1363f43ce951aa6729b0a6d.jpg,img_20230512_125242,4cb79268591b9a71c04e1647043eb55850c6bdfd6011b83c3ef9c464b3a8efdb,1,1,0,1,0
train,1168,aircraft_surface_damage_crack_v2_0001168.jpg,train,IMG_20230512_125247_jpg.rf.67a00c745c06e48c2c752cf2c1d476bc.jpg,img_20230512_125247,0c18ab714643eab2730b75f8383ab2bdd48afc4259c1d29fa8a308ba0a4de38e,1,1,0,1,0
train,1169,aircraft_surface_damage_crack_v2_0001169.jpg,train,IMG_20230512_125247_jpg.rf.c17c75a873957a3e20939a962702cd07.jpg,img_20230512_125247,68f65301a4f80ae4ba78fa937cf1674e03ee63ac01447d80615b6c2104937ea3,1,1,0,1,0
train,1170,aircraft_surface_damage_crack_v2_0001170.jpg,train,IMG_20230512_125247_jpg.rf.f2ebc36294fc279bab3df4a8d09b46af.jpg,img_20230512_125247,c5831240ac63f40edaa07d7b37eea98e5405d95af3b2694b916e131a6e537301,1,1,0,1,0
train,1171,aircraft_surface_damage_crack_v2_0001171.jpg,train,IMG_20230512_125310_jpg.rf.3313aa54773364a5e8d341dcfddf52e6.jpg,img_20230512_125310,d3f94bcecf9fb9866b3fe34e2768fd6576d059d117fd00c256b195354433f204,0,0,0,0,0
train,1172,aircraft_surface_damage_crack_v2_0001172.jpg,train,IMG_20230512_125310_jpg.rf.903000759f728a0ac2b9ec9fbb337527.jpg,img_20230512_125310,8b93f3b3d8578e4127b68ae1f7f6e6ab7e5a5b182139036b1b53016c6f8ae7c2,0,0,0,0,0
train,1173,aircraft_surface_damage_crack_v2_0001173.jpg,train,IMG_20230512_125310_jpg.rf.b621380e8e1ef3cb85d9620a27cc5302.jpg,img_20230512_125310,5a38fef0046d4438837c383da6ff9360baf3ee058c6bd5664e907507598ade00,0,0,0,0,0
train,1174,aircraft_surface_damage_crack_v2_0001174.jpg,train,IMG_20230512_125312_jpg.rf.2c03bc43d9c8884ba4dc094a03d57c5f.jpg,img_20230512_125312,81ab653d3ed15fe5506db977a27f6995f40e263fb34071a361bd50e3e71a405f,0,0,0,0,0
train,1175,aircraft_surface_damage_crack_v2_0001175.jpg,train,IMG_20230512_125312_jpg.rf.bbe4846e7cf71adae42c61989a83870e.jpg,img_20230512_125312,091a5abcb917d34d3e7fbe242a00fed5f48a0b8427a806015ace79b0c4f7efaa,0,0,0,0,0
train,1176,aircraft_surface_damage_crack_v2_0001176.jpg,train,IMG_20230512_125312_jpg.rf.c7736386eabef1d735dd50c1d41fc6c6.jpg,img_20230512_125312,361e5e331ebc5642c4b71eefd3a08d8d239286abcdef0a2e2702b41f5744f727,0,0,0,0,0
train,1177,aircraft_surface_damage_crack_v2_0001177.jpg,train,IMG_20230512_125316_jpg.rf.190b5398cb9c366ffbae550124314d1d.jpg,img_20230512_125316,82743f332bbc40c734536f3ceca80ccb11803b1d6845982dbf211850d4110f9e,0,0,0,0,0
train,1178,aircraft_surface_damage_crack_v2_0001178.jpg,train,IMG_20230512_125316_jpg.rf.1de063263b792b5d088808cf9c064f42.jpg,img_20230512_125316,ce835663b48fb5d4dcff1c5a04d6df03c77df92618761bad5286c93825ad290c,0,0,0,0,0
train,1179,aircraft_surface_damage_crack_v2_0001179.jpg,train,IMG_20230512_125316_jpg.rf.b9312e5c8c970d5b03cc2c5d22241558.jpg,img_20230512_125316,42f119fa79afc87d26a61b54d1925458fb5a4f3f72df7bab78dc9a8a137286e0,0,0,0,0,0
train,1180,aircraft_surface_damage_crack_v2_0001180.jpg,train,IMG_20230512_125324_jpg.rf.4b1a92848c490aaa812554551d2b783e.jpg,img_20230512_125324,59748840356851160559d3ecd7ac197efbd9301db363db72802189b5cbdace6d,0,0,0,0,0
train,1181,aircraft_surface_damage_crack_v2_0001181.jpg,train,IMG_20230512_125324_jpg.rf.7a74872ba14d64612bdadb6e266d508c.jpg,img_20230512_125324,c3316eceff9fe2cf9be010a5520bf92be9880c9753ed977c6523d4851483cbc1,0,0,0,0,0
train,1182,aircraft_surface_damage_crack_v2_0001182.jpg,train,IMG_20230512_125324_jpg.rf.98620614b84d8756f3cb89026c7a0530.jpg,img_20230512_125324,311e3998d49ed596f80a18cc87fd91c3e80cc59d167b6f7f1ac7c7c6f6244221,0,0,0,0,0
train,1183,aircraft_surface_damage_crack_v2_0001183.jpg,train,IMG_20230512_125336_jpg.rf.4b8ecf2ef07e072c57858dfd35cf4ff8.jpg,img_20230512_125336,72c414429c4a365a78ea7b85e372622dc28957957d3d70581932addb187d992d,0,0,0,0,0
train,1184,aircraft_surface_damage_crack_v2_0001184.jpg,train,IMG_20230512_125336_jpg.rf.6e65491271a17528a848fab8765a44d5.jpg,img_20230512_125336,35427ce8b5a39f4e545369633a7f8fd53ec643d8e2310dd674104a5539cea3e2,0,0,0,0,0
train,1185,aircraft_surface_damage_crack_v2_0001185.jpg,train,IMG_20230512_125336_jpg.rf.7fefe02beb090bc801fec8fab596b6c5.jpg,img_20230512_125336,02d2fed64c6aaf36619ebdb28b7240cc13fc841a22ff01f26100d54eb7f8c2db,0,0,0,0,0
train,1186,aircraft_surface_damage_crack_v2_0001186.jpg,train,IMG_20230512_125501_jpg.rf.3682b7ade450bf35942bc4490c9ae77d.jpg,img_20230512_125501,34dc096494011c4cd7f0e4b9c50c601d44acf93d430499c689821739a259b76e,1,1,0,0,1
train,1187,aircraft_surface_damage_crack_v2_0001187.jpg,train,IMG_20230512_125501_jpg.rf.866138c5a456fbf2e27f4fce9bffc48a.jpg,img_20230512_125501,78e3fb5482794f7aad451eeb4484ca0f05db0139c780ba7975d6ef0cd18db063,1,1,0,0,1
train,1188,aircraft_surface_damage_crack_v2_0001188.jpg,train,IMG_20230512_125501_jpg.rf.fef7e4d31aa9a4bbcd4f20f0a536c5ca.jpg,img_20230512_125501,ad9eed13d9dcaaf67278d264fb90f554184197ddfb4964adfd53ec6eb88dbeb8,1,1,0,1,0
train,1189,aircraft_surface_damage_crack_v2_0001189.jpg,train,IMG_20230512_125503_jpg.rf.88c670e4bc9529e593e32046ae528cc2.jpg,img_20230512_125503,3db2bb63c05e64645c2173f2a7630c897bde886d6e54e59a6f9bd97816d920ad,1,1,0,0,1
train,1190,aircraft_surface_damage_crack_v2_0001190.jpg,train,IMG_20230512_125503_jpg.rf.b4f3753478c54956556dfff86343a778.jpg,img_20230512_125503,3eec279c662fdffdd9cdac87dabea533e6aa8f47f5c7694b1f490cae7a1e8f20,1,1,0,0,1
train,1191,aircraft_surface_damage_crack_v2_0001191.jpg,train,IMG_20230512_125503_jpg.rf.f289c048d21d8c5b4371ca2ce3382461.jpg,img_20230512_125503,75cabe58bbcc5420697843f865da131a11ef1235b73cc583175aba873e6d2a7e,1,1,0,0,1
train,1192,aircraft_surface_damage_crack_v2_0001192.jpg,train,IMG_20230512_125506_jpg.rf.01517167f3d6596aad4bc95d5654ac8f.jpg,img_20230512_125506,07fe9e8b89075ef1c413ea6f87ee7e159e5be8e930a8113b90c64bddbdc293d0,1,1,0,0,1
train,1193,aircraft_surface_damage_crack_v2_0001193.jpg,train,IMG_20230512_125506_jpg.rf.4c92c27950563441061354cf2a0c7a35.jpg,img_20230512_125506,ab161f6905080203a7795ccf3475a9ea1cf05e15d046686999e6d7f6b21754e7,1,1,0,0,1
train,1194,aircraft_surface_damage_crack_v2_0001194.jpg,train,IMG_20230512_125506_jpg.rf.7ac41e794ac4a2b5d6e5ae9fe0187a36.jpg,img_20230512_125506,d056ae377ba0211a3dc1c8e9c1b318443e8f32ed6946e18ecd2e5f453d02c1eb,1,1,0,0,1
train,1195,aircraft_surface_damage_crack_v2_0001195.jpg,train,IMG_20230512_125516_jpg.rf.084d0175fc57b21b1603f7bd7c47cd73.jpg,img_20230512_125516,94003104bc8cbf4caba38a3e45fec97e98f56b67af2a2e8edcd47af568725e8e,1,1,0,0,1
train,1196,aircraft_surface_damage_crack_v2_0001196.jpg,train,IMG_20230512_125516_jpg.rf.37d3b3ba69622de6fcbd517cae92c1f0.jpg,img_20230512_125516,4c7a8ebf4fc869bd75101bd9b1fa0e7867e4492a953ec3fa3d6ea955e74b8250,1,1,0,0,1
train,1197,aircraft_surface_damage_crack_v2_0001197.jpg,train,IMG_20230512_125516_jpg.rf.fa0cc8efb391072fc62600b79f9ace50.jpg,img_20230512_125516,235c7eb11844203a755eb3745c343ae1082278beb46caf08d88b6f87167dcf97,1,1,0,0,1
train,1198,aircraft_surface_damage_crack_v2_0001198.jpg,train,IMG_20230512_125520_jpg.rf.197d85c6980370199705a72d1aac8480.jpg,img_20230512_125520,c5e8864339415a5707520269b53d6e71039c58d51061940e58d07e0bb0ac83a0,1,1,0,0,1
train,1199,aircraft_surface_damage_crack_v2_0001199.jpg,train,IMG_20230512_125520_jpg.rf.1b789a9e4788ec4a7d1ec1fce468874a.jpg,img_20230512_125520,38d43875b97474c9c549921f35bc3df19ddc7483253f65ad2f86253a0ed089b7,1,1,0,0,1
train,1200,aircraft_surface_damage_crack_v2_0001200.jpg,train,IMG_20230512_125520_jpg.rf.1cfa5bba71f33d7ea5f8daeb543e3cd0.jpg,img_20230512_125520,fd011aec0b828dc62e2130d32a9f478db30f69f843f870211ec38c372a2ccd36,1,1,0,0,1
train,1201,aircraft_surface_damage_crack_v2_0001201.jpg,train,IMG_20230512_125523_jpg.rf.a4f0fc95df14adeea7435f5b1958ee6d.jpg,img_20230512_125523,8b47bd96515cc95e1067cff88ebd73c6d9cb635ea2999872abb6da9b4ca700c3,1,1,0,0,1
train,1202,aircraft_surface_damage_crack_v2_0001202.jpg,train,IMG_20230512_125523_jpg.rf.c4e6ea29ce2b271ad76ba5ca18306246.jpg,img_20230512_125523,46c6036c1d3eb02e607f976c515f45a1a836e32de42ca3f7e4a765ecf46421b5,1,1,0,0,1
train,1203,aircraft_surface_damage_crack_v2_0001203.jpg,train,IMG_20230512_125523_jpg.rf.c5ed3d127d26fed5cc8accefc18bdb82.jpg,img_20230512_125523,52ad0ee470bbb96d7dd69da45f7b1955f23658e99be6c4ba5f0319c57c6b5f88,1,1,0,0,1
train,1204,aircraft_surface_damage_crack_v2_0001204.jpg,train,IMG_20230512_125726_jpg.rf.108f3033250cbef60fc28bb0b2c18877.jpg,img_20230512_125726,bab373cdb6bda7c8b3d9d4c635d9b4d8281128af853ed902177047b0dde217e9,1,1,0,0,1
train,1205,aircraft_surface_damage_crack_v2_0001205.jpg,train,IMG_20230512_125726_jpg.rf.59286dabba6f0acb7124e504e5a1c193.jpg,img_20230512_125726,2d1e948acdb88e5aec6fa67091d712696edbfc46698ef2c802e22845c6331550,1,1,0,0,1
train,1206,aircraft_surface_damage_crack_v2_0001206.jpg,train,IMG_20230512_125726_jpg.rf.649e19624aae59bca9c264d606ab5f3f.jpg,img_20230512_125726,76414924f3467631437525252018684c147cdf68d9f5049e510fd19d9553c6dd,1,1,0,0,1
train,1207,aircraft_surface_damage_crack_v2_0001207.jpg,train,IMG_20230512_125728_jpg.rf.33f75caba83a98c3357e09fd4d3b94ea.jpg,img_20230512_125728,2722ce2275708adb02a6587c35bd4899aa8b9bed30cf1f5f5b7c65b8944e7c14,1,1,0,0,1
train,1208,aircraft_surface_damage_crack_v2_0001208.jpg,train,IMG_20230512_125728_jpg.rf.d2a4bc3755c6b4d9a3f3d8998ad3b7ce.jpg,img_20230512_125728,dce02ce391abd959a3896c0c55d6e4d53b8b8239c3c2ade82160f387dc2ff53b,1,1,0,0,1
train,1209,aircraft_surface_damage_crack_v2_0001209.jpg,train,IMG_20230512_125728_jpg.rf.dca128a449777a5c66258e690c4d220d.jpg,img_20230512_125728,e450c60be015e09db37d5d6e3961e546cf171cc37823e30dd0a0aeba224577ef,1,1,0,0,1
train,1210,aircraft_surface_damage_crack_v2_0001210.jpg,train,IMG_20230512_125731_jpg.rf.551d446b61e00b3a3d1ddcfcd4a4ff05.jpg,img_20230512_125731,3638d0bdaa9b6a7969e49395a9c195ef0321e6fbea9288437669aedc361f4166,1,1,0,1,0
train,1211,aircraft_surface_damage_crack_v2_0001211.jpg,train,IMG_20230512_125731_jpg.rf.bf5ec17b7d4a4cd039b369ddbced0dea.jpg,img_20230512_125731,5c0f86dc237c187ca5b8ba4a06d7fdc14a37649de8fa1245af0ee43615bad924,1,1,0,1,0
train,1212,aircraft_surface_damage_crack_v2_0001212.jpg,train,IMG_20230512_125731_jpg.rf.efcd5b1e5a42c820b677cefb42338141.jpg,img_20230512_125731,7fe539888a8e8eb87b4954cad8421cb0b13b8f7eb677fe5f6886310b35b4a8b1,1,1,0,1,0
train,1213,aircraft_surface_damage_crack_v2_0001213.jpg,train,IMG_20230512_125744_jpg.rf.603ef4056f6a756a04519da28b6f4295.jpg,img_20230512_125744,d921700f48f4f91f825f30d51fbbcec7ccd2c68de0b0a34120dd21ffee1dad11,1,1,0,1,0
train,1214,aircraft_surface_damage_crack_v2_0001214.jpg,train,IMG_20230512_125744_jpg.rf.ada20563f4efe208b312d24c05b228e5.jpg,img_20230512_125744,4fcf8c75454e122aae9e6f43fdc98e005d9f43d84b5e482fe95ceeb6750f5077,1,2,0,2,0
train,1215,aircraft_surface_damage_crack_v2_0001215.jpg,train,IMG_20230512_125744_jpg.rf.e36a5a6fe80c1f030850e79bf4f1b4e6.jpg,img_20230512_125744,97d8125a57c454aeb6c21b0b6fb26844fa970aa5ed76bd94cc39a512b194e468,1,1,0,1,0
train,1216,aircraft_surface_damage_crack_v2_0001216.jpg,train,IMG_20230512_125749_jpg.rf.40d6615287c0220b5bd7e9abf6226d8b.jpg,img_20230512_125749,1880cacee7a39785847bfa28a0fe6c8d8633c936f03966db13a53d4406df5db4,1,1,0,1,0
train,1217,aircraft_surface_damage_crack_v2_0001217.jpg,train,IMG_20230512_125749_jpg.rf.417fbab088d890e05c5a66d281cfad87.jpg,img_20230512_125749,0cf31cbccc372693d27d9b4f9232bac4c38295eb208dc6d3945d5e9ba169852f,1,1,0,1,0
train,1218,aircraft_surface_damage_crack_v2_0001218.jpg,train,IMG_20230512_125749_jpg.rf.7fd7c3b38728a90eeaf60223d71eefda.jpg,img_20230512_125749,f14cbb2aab8732cb9e73ab1a791adb687158a494a7c2af69bf2f5f820574808f,1,1,0,1,0
train,1219,aircraft_surface_damage_crack_v2_0001219.jpg,train,IMG_20230512_125753_jpg.rf.6412fe654b346ef67b076ed786cc1302.jpg,img_20230512_125753,13aa18a17a7ef60de1861ae953488511fe763f35a7eebd9c4c3f967046d5f170,1,2,0,2,0
train,1220,aircraft_surface_damage_crack_v2_0001220.jpg,train,IMG_20230512_125753_jpg.rf.783c34be9ba721381945b357eeb62d84.jpg,img_20230512_125753,edc173e7d1c4c3605543f8a1d9ff0f452c07c76de67ced38a43de9e1b00dd5b2,1,2,1,1,0
train,1221,aircraft_surface_damage_crack_v2_0001221.jpg,train,IMG_20230512_125753_jpg.rf.f3a9e43ff37ed9afa63f9f0f15510e41.jpg,img_20230512_125753,e7933e3c47c78ff4596dbda3724f6d43f7414eec927e6179a3e64c7af987141b,1,2,1,1,0
train,1222,aircraft_surface_damage_crack_v2_0001222.jpg,train,IMG_20230512_125810_jpg.rf.0fbec9dc289bb2c6e6a2a09608633a64.jpg,img_20230512_125810,69f10807cb76f38d5c0cdf6a90288d8b05b54455c98debc95142b537b27bb4e2,1,3,1,2,0
train,1223,aircraft_surface_damage_crack_v2_0001223.jpg,train,IMG_20230512_125810_jpg.rf.605c1975e80efeaf5ee0916b0ed31d0c.jpg,img_20230512_125810,404890dc16042af24561ca2fd046d17e2d34d0e340529597afe7bb78ee3a9e2e,1,3,1,2,0
train,1224,aircraft_surface_damage_crack_v2_0001224.jpg,train,IMG_20230512_125810_jpg.rf.e27809245987c59c77babb24a1f94be9.jpg,img_20230512_125810,a7fe5e283078a131fdf87f981aad5a9ff011e7a7845a1c58e0c7292357645f58,1,3,1,2,0
train,1225,aircraft_surface_damage_crack_v2_0001225.jpg,train,IMG_20230512_125821_jpg.rf.1188694f817486000612bf84a50b619e.jpg,img_20230512_125821,47f5d7f8ed94c26264a4fbbb52523b2613a72a53f94536df0835e9f96676b703,1,3,0,1,2
train,1226,aircraft_surface_damage_crack_v2_0001226.jpg,train,IMG_20230512_125821_jpg.rf.8cb3cb6a0a195bcb310317647f9e2356.jpg,img_20230512_125821,7ba96b82f71e8d65004e6f48a3af9e8e66c59d5be412fe14f1203fb0cfaed85e,1,3,1,2,0
train,1227,aircraft_surface_damage_crack_v2_0001227.jpg,train,IMG_20230512_125821_jpg.rf.f0971af42678f88ad3bbb84559bd995b.jpg,img_20230512_125821,65fa2b1af30d2f2d8e19f44733164f03ee1fb5403a0ee11eb18ecad25e2f6d6d,1,3,0,1,2
train,1228,aircraft_surface_damage_crack_v2_0001228.jpg,train,IMG_20230512_125832_jpg.rf.0fc70c61fbda23244d0f05fb34d1f730.jpg,img_20230512_125832,3876d0bf6a02843218230daa1e7edd527583eaea9819bd3ca03c008fa8033176,0,0,0,0,0
train,1229,aircraft_surface_damage_crack_v2_0001229.jpg,train,IMG_20230512_125832_jpg.rf.29bdee53ee68cf59a05fab7b7ecd3c5a.jpg,img_20230512_125832,4b0bc2acf142dd62564ec6accd04a4c2e02526db0ff795a3dc37252cea777bc5,1,1,0,1,0
train,1230,aircraft_surface_damage_crack_v2_0001230.jpg,train,IMG_20230512_125832_jpg.rf.29fc5caf13d57a3e90c184e48bdd8c79.jpg,img_20230512_125832,9fcd04f3da21429ec74d136eb4de7234b52ecab7d8ff7b87af62aba83db5ab81,0,0,0,0,0
train,1231,aircraft_surface_damage_crack_v2_0001231.jpg,train,IMG_20230512_125848_jpg.rf.46081a09e5b8757f21c25e2a768c20a7.jpg,img_20230512_125848,886cb26b25fef3eea716f34381d17ec5d03af33dbffb1cb29ed2753c4c8ceb03,0,0,0,0,0
train,1232,aircraft_surface_damage_crack_v2_0001232.jpg,train,IMG_20230512_125848_jpg.rf.91a6035f0bba2e703e0f1e2bb5463e0c.jpg,img_20230512_125848,688942a9b317b7d5d6ea3e6f26b95a3d189b03a0401348f7ffb8a2a2f8b745d9,0,0,0,0,0
train,1233,aircraft_surface_damage_crack_v2_0001233.jpg,train,IMG_20230512_125848_jpg.rf.985e32bc2bd9b21f3010d4745634e667.jpg,img_20230512_125848,e4ddba07ba294e1296acbd418f39797c5b5628f6ee778555a0c3c498aeac39a5,0,0,0,0,0
train,1234,aircraft_surface_damage_crack_v2_0001234.jpg,train,IMG_20230512_125850_jpg.rf.01a61a947aaec96cc56b3ae7acd25e8d.jpg,img_20230512_125850,9abb208c63abd73fd3c7ac9ba7fd207e3d69f274084738296af83951702fd0c7,0,0,0,0,0
train,1235,aircraft_surface_damage_crack_v2_0001235.jpg,train,IMG_20230512_125850_jpg.rf.16db6d18e20239da72f0f97f4a575535.jpg,img_20230512_125850,486666d17b788e1a755eda9a272939e335a6a44ac90300f78deb8db3db68df0f,0,0,0,0,0
train,1236,aircraft_surface_damage_crack_v2_0001236.jpg,train,IMG_20230512_125850_jpg.rf.ed55f099498426ee6bdf8e2c6cf5b10a.jpg,img_20230512_125850,18d0fc6c8832b804f4d4f60e44740a40fc4dcd25873673df9075d783d2ccebf5,0,0,0,0,0
train,1237,aircraft_surface_damage_crack_v2_0001237.jpg,train,IMG_20230512_125854_jpg.rf.93490467a182e9ac00749c6453836b5c.jpg,img_20230512_125854,b66419ad6e1455bdcde1c8921549279a11c7df765e4a55ef426fc6b80ce64b6f,0,0,0,0,0
train,1238,aircraft_surface_damage_crack_v2_0001238.jpg,train,IMG_20230512_125854_jpg.rf.9447eadd28ccc0282c1ca7dc8f26f8ca.jpg,img_20230512_125854,2d9700a9f538a89810bc2b3f891266583e3635a78f508da87aefeaf0949b1461,0,0,0,0,0
train,1239,aircraft_surface_damage_crack_v2_0001239.jpg,train,IMG_20230512_125854_jpg.rf.9d69575856cc2b82f30c394a3790bce4.jpg,img_20230512_125854,1efba8d5e6e9b96f0dead302cfcf7412eab7012fbe54438ba0dd7325ddb34b37,0,0,0,0,0
train,1240,aircraft_surface_damage_crack_v2_0001240.jpg,train,IMG_20230512_125905_jpg.rf.6272c0f32079b90631699dc352a2538b.jpg,img_20230512_125905,222447be20623e18a3b2a6ead4fb2ee8dd1da9df98638330a57e15a907112f3d,0,0,0,0,0
train,1241,aircraft_surface_damage_crack_v2_0001241.jpg,train,IMG_20230512_125905_jpg.rf.c0758d6b5dc08d6722497f8f85cf7fd6.jpg,img_20230512_125905,c47d60f5cfb143aecca49a7644966d5e61d38c2be21d3fa19bc90f9df6f548d0,0,0,0,0,0
train,1242,aircraft_surface_damage_crack_v2_0001242.jpg,train,IMG_20230512_125905_jpg.rf.c0e4c1b3a12bcd327bb1ee429f7194f2.jpg,img_20230512_125905,54641a15ca4ff2995fd5c0e2759c4862e4b942302ca6118d752e7a81d13f34ce,0,0,0,0,0
train,1243,aircraft_surface_damage_crack_v2_0001243.jpg,train,IMG_20230512_125910_jpg.rf.3255237054a0690898dc996826ff93f8.jpg,img_20230512_125910,5564605e2129a5c1573397cd789e7257e2a0ca5ce9fc9d152b1d6d7a277ac8e0,0,0,0,0,0
train,1244,aircraft_surface_damage_crack_v2_0001244.jpg,train,IMG_20230512_125910_jpg.rf.7bced57a97a86c30f4feed6d02d63766.jpg,img_20230512_125910,df7e49469a6b4850f54eca35b7863ef8890846720d6eac6a6b15e32a2b37aebb,0,0,0,0,0
train,1245,aircraft_surface_damage_crack_v2_0001245.jpg,train,IMG_20230512_125910_jpg.rf.958f6cca3af6060026cc53c64a732a9e.jpg,img_20230512_125910,0fa5805c372136e8c8fa241d5be222343c4fc98151fbb7431ce73355c66d490a,0,0,0,0,0
train,1246,aircraft_surface_damage_crack_v2_0001246.jpg,train,IMG_20230512_125915_jpg.rf.27645451122cc0f52983629ac182eabe.jpg,img_20230512_125915,15309940f79cb1160b4a67807baac40046866e4edf21a1ff204d004094f65405,0,0,0,0,0
train,1247,aircraft_surface_damage_crack_v2_0001247.jpg,train,IMG_20230512_125915_jpg.rf.9f9ce20f8573e1d6b207518ecdd7892e.jpg,img_20230512_125915,5ce3dca3068f0ffeafcba496e765698532c0cb5f063575cb54a71c01d85f4316,0,0,0,0,0
train,1248,aircraft_surface_damage_crack_v2_0001248.jpg,train,IMG_20230512_125915_jpg.rf.c8db0cb76613e303a4db12d5a4322167.jpg,img_20230512_125915,a5894a1820579ddb09915b2755775c1b387b465a1fac4f1d67923bab182d34d9,0,0,0,0,0
train,1249,aircraft_surface_damage_crack_v2_0001249.jpg,train,IMG_20230512_125918_jpg.rf.2c5dff01e827697e2b74673af5a98c29.jpg,img_20230512_125918,b8a1974a16c526639fba01850ebfafaec15025e4eff3b7ec0c4d9ed6077a755a,0,0,0,0,0
train,1250,aircraft_surface_damage_crack_v2_0001250.jpg,train,IMG_20230512_125918_jpg.rf.b293f798a02e5b2579f83d906a6d4d1d.jpg,img_20230512_125918,ab18c2e6b69c89c8a110de9b0a85075263426281721c274a8755445804ccf7e2,0,0,0,0,0
train,1251,aircraft_surface_damage_crack_v2_0001251.jpg,train,IMG_20230512_125918_jpg.rf.c346472d929ddf939f1b66e93b8c0cd4.jpg,img_20230512_125918,8393a80042173b761e09c82b4b622d18ba02620e4b55148dba7cacb477479ded,0,0,0,0,0
train,1252,aircraft_surface_damage_crack_v2_0001252.jpg,train,IMG_20230512_125920_jpg.rf.5fa80d46b61febb8a2bedc4882fcc26e.jpg,img_20230512_125920,db6c8cad2b28da72098dc2bfc7c250b5016cea749e30095aae7bf5c7ea24ebd4,0,0,0,0,0
train,1253,aircraft_surface_damage_crack_v2_0001253.jpg,train,IMG_20230512_125920_jpg.rf.cd7a55ac3c44e28c8beab3a06c0477cf.jpg,img_20230512_125920,6a9160b426b52889f0c1289c729ea009aa95d4d0d5cfadbb99c19764e6e0c010,0,0,0,0,0
train,1254,aircraft_surface_damage_crack_v2_0001254.jpg,train,IMG_20230512_125920_jpg.rf.f0ba9299bf83bfc69cb5574c72e629a3.jpg,img_20230512_125920,2b4849dbbd11947df797b65eebf88cc01db0552cbe4dc01e99b62874a9060669,0,0,0,0,0
train,1255,aircraft_surface_damage_crack_v2_0001255.jpg,train,IMG_20230512_125923_jpg.rf.45891a7a27ed643ccde41ef73e50035c.jpg,img_20230512_125923,a2f5302a0e4e66550cd648ffb3e4670dd9d3a59149898a999a94e45ed098f35c,0,0,0,0,0
train,1256,aircraft_surface_damage_crack_v2_0001256.jpg,train,IMG_20230512_125923_jpg.rf.52750bd9696feeefbe5319cdcce956c5.jpg,img_20230512_125923,79b8a5be4ed4cf376ec8d09d6f196451d63238ca184e7842a3303392a2cf576d,0,0,0,0,0
train,1257,aircraft_surface_damage_crack_v2_0001257.jpg,train,IMG_20230512_125923_jpg.rf.56ccc0a56ecf62bafdd7f080fadbfedb.jpg,img_20230512_125923,e05520f794395364626b2769061dac6d6c9b8418bb8ea7a9a6a6f14f80aaf738,0,0,0,0,0
train,1258,aircraft_surface_damage_crack_v2_0001258.jpg,train,IMG_20230512_125926_jpg.rf.3196a659db9640f80d4b05972329c1bf.jpg,img_20230512_125926,fd65dc2cee26f4d92d4ce5f536a818c37812ed9e6c658ab8c36845c8cffc2a5d,0,0,0,0,0
train,1259,aircraft_surface_damage_crack_v2_0001259.jpg,train,IMG_20230512_125926_jpg.rf.a3c3ae8ef0da644176f290337cdd703b.jpg,img_20230512_125926,1eb677be38a82b23b9790de729486773ec13bcd1b97015ae9453abf52c2606eb,0,0,0,0,0
train,1260,aircraft_surface_damage_crack_v2_0001260.jpg,train,IMG_20230512_125926_jpg.rf.c044eb3f67ee45f630fef38fcc555736.jpg,img_20230512_125926,da04d2db7d9485f1a40a92612cf4cbf9ca4de723d4138c87e422f06352459121,0,0,0,0,0
train,1261,aircraft_surface_damage_crack_v2_0001261.jpg,train,IMG_20230512_125945_jpg.rf.09ef698dbce8310a59407be78727b109.jpg,img_20230512_125945,4e6322e9e34f37422234af5a59d579c7a79e4eeb99599fb1f9812470fb3bbe38,0,0,0,0,0
train,1262,aircraft_surface_damage_crack_v2_0001262.jpg,train,IMG_20230512_125945_jpg.rf.3dcc8c7d176953cb4f544101ddb02328.jpg,img_20230512_125945,bb8c652ba973720320970494a81aa0ddef475d08441e64cc373d4f1476725d87,0,0,0,0,0
train,1263,aircraft_surface_damage_crack_v2_0001263.jpg,train,IMG_20230512_125945_jpg.rf.660bd64e31d38f4d7f11e1144be8d65b.jpg,img_20230512_125945,bb14ea0713d07dab4908bc53d4808ecafb820c06a6f2dc7e0d3158671b42dda3,0,0,0,0,0
train,1264,aircraft_surface_damage_crack_v2_0001264.jpg,train,IMG_20230512_125948_jpg.rf.df9d903b5d53a7e2b1e41b2ec7d51150.jpg,img_20230512_125948,c74cd0ba94b477238968be87aaf102709d2d4769efe1e97856aa05b4d7bccfa0,0,0,0,0,0
train,1265,aircraft_surface_damage_crack_v2_0001265.jpg,train,IMG_20230512_125948_jpg.rf.e06decbe08d80ea11286a4623079bfbe.jpg,img_20230512_125948,71e769bbe49befa6e303f0dff3753142170ea1fa2925f90f045d6e9224cf825f,0,0,0,0,0
train,1266,aircraft_surface_damage_crack_v2_0001266.jpg,train,IMG_20230512_125948_jpg.rf.e519bee1fe420b1c8b92184afecf160b.jpg,img_20230512_125948,6b173529de125972e425dc297d20d9a180ba92d9ca1cb6870856855ad03037d5,0,0,0,0,0
train,1267,aircraft_surface_damage_crack_v2_0001267.jpg,train,IMG_20230512_125950_jpg.rf.51164c8d0cca45483229927f3a7674d4.jpg,img_20230512_125950,ad7580138d2b247ba9fdc76a2dc3e5067cb1e50efa75c0f5fc0b62e6161f524e,0,0,0,0,0
train,1268,aircraft_surface_damage_crack_v2_0001268.jpg,train,IMG_20230512_125950_jpg.rf.b83e474aa9c418b2e3f890960649e106.jpg,img_20230512_125950,9f4f46d9eec46935b63dfe2800be5f8edf9b6aae19f9f27ba421fa1ab84db70f,0,0,0,0,0
train,1269,aircraft_surface_damage_crack_v2_0001269.jpg,train,IMG_20230512_125950_jpg.rf.fab0bec8a677ffac657deb621b0f7491.jpg,img_20230512_125950,323503d65724c6c34ac61018f916a3a48e17e22bb1bfb770453b6a0d9b3d8b41,0,0,0,0,0
train,1270,aircraft_surface_damage_crack_v2_0001270.jpg,train,IMG_20230512_125955_jpg.rf.24303cc1fc372f98a0b616a2d882d5c3.jpg,img_20230512_125955,4866b0f41f68703ae5cb9c5710efc7916668fa81df050b1ac2e4205b3e6bef1a,0,0,0,0,0
train,1271,aircraft_surface_damage_crack_v2_0001271.jpg,train,IMG_20230512_125955_jpg.rf.cbe0dd398b83f693953d6000c6bbadad.jpg,img_20230512_125955,6a0b744ba32c7b01edc18d83aa2ea7a7408bc32b60ae7d4fd5ac02dc1c9eb1a3,0,0,0,0,0
train,1272,aircraft_surface_damage_crack_v2_0001272.jpg,train,IMG_20230512_125955_jpg.rf.d97fcf65ae1056fa0b5dcaa03c635f52.jpg,img_20230512_125955,c93a044086d611a8669f36462d06c61805ca68c12de78aaa89b8a720468d0aad,0,0,0,0,0
train,1273,aircraft_surface_damage_crack_v2_0001273.jpg,train,IMG_20230512_130000_jpg.rf.30ce11ded140dac38527a2e5435e6504.jpg,img_20230512_130000,b6a8015c1477e8ba57e01b9051565746705bdb51381e166e886894a91eff7120,0,0,0,0,0
train,1274,aircraft_surface_damage_crack_v2_0001274.jpg,train,IMG_20230512_130000_jpg.rf.32ca4ef8ed2b9ad8f51690507a0abc60.jpg,img_20230512_130000,ffa56a410b0dac2ca053d02e0a9d0d72aea6953c4f4c654b8681c3b3e0a1d6a9,0,0,0,0,0
train,1275,aircraft_surface_damage_crack_v2_0001275.jpg,train,IMG_20230512_130000_jpg.rf.efa2c66b43e9b20b2deb541a76139340.jpg,img_20230512_130000,d345df4cddf79c714b256b7dcc18e49747d089bb3ceb55932900ff8f0b12ff50,0,0,0,0,0
train,1276,aircraft_surface_damage_crack_v2_0001276.jpg,train,IMG_20230512_130013_jpg.rf.0c49baf88010e027725f5f8dc8391385.jpg,img_20230512_130013,52efc182889379dc257ad1aafc83e76d11d921c44240963b770cd6bec8c60b63,0,0,0,0,0
train,1277,aircraft_surface_damage_crack_v2_0001277.jpg,train,IMG_20230512_130013_jpg.rf.1a77aa044d5812a907e79a75ce9c1e38.jpg,img_20230512_130013,75c328b4098714bcb76c5801a7e9cb478f2695186806cc8aa2ad065c967d4c72,0,0,0,0,0
train,1278,aircraft_surface_damage_crack_v2_0001278.jpg,train,IMG_20230512_130013_jpg.rf.2c12a6cb30aba2c59339762fdc3fffee.jpg,img_20230512_130013,191a967339cb549313350bc988ff874c5e6fa1aee50cccd7a18c09afcbf6eeb4,0,0,0,0,0
train,1279,aircraft_surface_damage_crack_v2_0001279.jpg,train,IMG_20230512_130016_jpg.rf.2c93d917f305372092fd2f217810c7bc.jpg,img_20230512_130016,d40e8d2e8a66f29e6caa60d405fcb71fefc406058eae3050b718e423bac13ae1,0,0,0,0,0
train,1280,aircraft_surface_damage_crack_v2_0001280.jpg,train,IMG_20230512_130016_jpg.rf.5ac4ac8b6a85eb54727a4693e4d92dde.jpg,img_20230512_130016,a1869a02f11de16786e09f8813ea06de9c063df98dd7eb6347d4a82f88a15ae2,0,0,0,0,0
train,1281,aircraft_surface_damage_crack_v2_0001281.jpg,train,IMG_20230512_130016_jpg.rf.ec529834b0568ad017b2dcf908d48d73.jpg,img_20230512_130016,0f13c8df31200099925aa7f30e159b54ca9ae02e2cfb55bdf0fe9b189eb9f315,0,0,0,0,0
train,1282,aircraft_surface_damage_crack_v2_0001282.jpg,train,IMG_20230512_130018_jpg.rf.46ba2e64578ef95f4fcffa994c3eb0c7.jpg,img_20230512_130018,18cc5614d8530cea87f6513c3f4a95447027d458ba411bd3cd8bb2aa25f2f299,0,0,0,0,0
train,1283,aircraft_surface_damage_crack_v2_0001283.jpg,train,IMG_20230512_130018_jpg.rf.d9718ae980acaebe82dbedf4435a64a8.jpg,img_20230512_130018,d4519ddb63b6d5ba852fb790d3000ec79e7dfd8e833acce91e8853752edfae02,0,0,0,0,0
train,1284,aircraft_surface_damage_crack_v2_0001284.jpg,train,IMG_20230512_130018_jpg.rf.f4a5120440e64a7936178a4573265908.jpg,img_20230512_130018,6b3e304432a122e78202f2680d1d8c8cd8403130fc3878c9caddcf27510e9335,0,0,0,0,0
train,1285,aircraft_surface_damage_crack_v2_0001285.jpg,train,IMG_20230512_130022_jpg.rf.0eef77b3e28abac798c47ed69ac5131d.jpg,img_20230512_130022,b00c4e5b582fdb42ac091d97f2f3dc7e7f6ed7b048f5c1275cf48ead10c20a8b,0,0,0,0,0
train,1286,aircraft_surface_damage_crack_v2_0001286.jpg,train,IMG_20230512_130022_jpg.rf.e8aeedac90d91160c7d3b704b7b52c58.jpg,img_20230512_130022,8a760edcf9c9557e18f5d4e92be6d91bd99b484eb2fc2cad29963e84697e10d1,0,0,0,0,0
train,1287,aircraft_surface_damage_crack_v2_0001287.jpg,train,IMG_20230512_130022_jpg.rf.e943b04275c5b62cef5b1b1f41845e0e.jpg,img_20230512_130022,26f7997af1213852711a4e9af1a595869bd14dd015104d3a3398233fff32813e,0,0,0,0,0
train,1288,aircraft_surface_damage_crack_v2_0001288.jpg,train,IMG_20230512_130026_jpg.rf.51bd7194a1ece6c1fe220945ce4c24a4.jpg,img_20230512_130026,6485a2e644f08539ae7b313a2e28d3a1b142b56a5a97403b5e3f721d30c1bfa0,0,0,0,0,0
train,1289,aircraft_surface_damage_crack_v2_0001289.jpg,train,IMG_20230512_130026_jpg.rf.8574658cd048ae317e8710f2005946a0.jpg,img_20230512_130026,7f2899b571e846552af97c28e00da44ec37c4d266c579793862c44b18d5e14d6,0,0,0,0,0
train,1290,aircraft_surface_damage_crack_v2_0001290.jpg,train,IMG_20230512_130026_jpg.rf.9446a61c1869c224dece5c78d4310a86.jpg,img_20230512_130026,199766a07b005b3a98d552b82b2c8ca51bfd7c6c97845eede2c00e16eeec2ebb,0,0,0,0,0
train,1291,aircraft_surface_damage_crack_v2_0001291.jpg,train,IMG_20230512_130031_jpg.rf.01c7a4c4c39a5b3f57d42f3c11af735f.jpg,img_20230512_130031,5f9e6114ee102441c5c219118b10045e6804dda72ff480388e836c4be56da583,0,0,0,0,0
train,1292,aircraft_surface_damage_crack_v2_0001292.jpg,train,IMG_20230512_130031_jpg.rf.82a234662d1be8b13883f67d72242170.jpg,img_20230512_130031,e45c647212f9cc89d702b88c81e85f22a58be9454cdb26ec6f7809c5842a72f5,0,0,0,0,0
train,1293,aircraft_surface_damage_crack_v2_0001293.jpg,train,IMG_20230512_130031_jpg.rf.ebaa710130e8e13314b13682fb414d95.jpg,img_20230512_130031,8a70b2abd19cfeac9fb2df220e433eb2c9172e0cee0b99d5caaa4fda8a07d513,0,0,0,0,0
train,1294,aircraft_surface_damage_crack_v2_0001294.jpg,train,IMG_20230512_130035_jpg.rf.0b281edde0ee8cce0167479b7d655c58.jpg,img_20230512_130035,c741e6efd5a5a612479edc027abd27cda2c831e0c8d069bde4349a7d1edb7a9a,0,0,0,0,0
train,1295,aircraft_surface_damage_crack_v2_0001295.jpg,train,IMG_20230512_130035_jpg.rf.6659376b152de6a4e5b547986493587d.jpg,img_20230512_130035,6155081f01574deec502faa874617f5d503fc2b0fb99bf62dd5134a31c753b0b,0,0,0,0,0
train,1296,aircraft_surface_damage_crack_v2_0001296.jpg,train,IMG_20230512_130035_jpg.rf.7f701155cbfa91b2c07947549681eaa8.jpg,img_20230512_130035,d9a762c20c9dd7fbad61e7dd434fd35cfcd4a55284d18fad7434f85c4b79327c,0,0,0,0,0
train,1297,aircraft_surface_damage_crack_v2_0001297.jpg,train,IMG_20230512_130044_jpg.rf.798b639475bde1cbe797026ca35e03fd.jpg,img_20230512_130044,dead2e0704d3daaaa4a7d540a5ae54632f21a6b1dd0b57480e2205cfef1b5b11,0,0,0,0,0
train,1298,aircraft_surface_damage_crack_v2_0001298.jpg,train,IMG_20230512_130044_jpg.rf.8f994362a79b2fed7178ea9cdf840fb6.jpg,img_20230512_130044,e87edf0b189d4219b863299eedb54e135d9eade9c4b0f53bb590d22561ceae08,0,0,0,0,0
train,1299,aircraft_surface_damage_crack_v2_0001299.jpg,train,IMG_20230512_130044_jpg.rf.c6e2eb7925878fe9c835387d30f3eb99.jpg,img_20230512_130044,8d0070d7c8fbaff5085719280975bfcbd8c613a85c66078f35cca212183a230c,0,0,0,0,0
train,1300,aircraft_surface_damage_crack_v2_0001300.jpg,train,IMG_20230512_130047_jpg.rf.43962bacaf90810863175afb9057d80f.jpg,img_20230512_130047,d4fc459ebfab0fa16b5747043950f50cbb2bc0aeb8ef5d149284e424af9cc2a2,0,0,0,0,0
train,1301,aircraft_surface_damage_crack_v2_0001301.jpg,train,IMG_20230512_130047_jpg.rf.7767c53468cb763245b547a87c9a3daa.jpg,img_20230512_130047,8550496c2e9804c2432200c119c820719d42ba77391c4ae3fad086693fa64d40,0,0,0,0,0
train,1302,aircraft_surface_damage_crack_v2_0001302.jpg,train,IMG_20230512_130047_jpg.rf.9d0ce9a0db785e160ec2c0b2b7d2b601.jpg,img_20230512_130047,340bb57d9d89fd9e4bf32d6b6f0bb953c0888c7356c835f92935af849c085608,0,0,0,0,0
train,1303,aircraft_surface_damage_crack_v2_0001303.jpg,train,IMG_20230512_130103_jpg.rf.5e72c8c80ca53b2bc9c05afc42c112bc.jpg,img_20230512_130103,062b03d9346274ef6b9247492cd7d3c66528982694ff6a11f551cc581baeb18f,0,0,0,0,0
train,1304,aircraft_surface_damage_crack_v2_0001304.jpg,train,IMG_20230512_130103_jpg.rf.a0a9dd441717a3320e5fbf5bbec967a9.jpg,img_20230512_130103,84b15aa0cce8507a2d0b102ffc5f968185d70a1e24a79315cbebae6c5bdbbd28,0,0,0,0,0
train,1305,aircraft_surface_damage_crack_v2_0001305.jpg,train,IMG_20230512_130103_jpg.rf.b1900c500e481ae94ef5ca091c8ff354.jpg,img_20230512_130103,5794d6d4116758715efaa9cd995bacec6d4fd5408566bac8bcf0d8c61b5b9730,0,0,0,0,0
train,1306,aircraft_surface_damage_crack_v2_0001306.jpg,train,IMG_20230512_130117_jpg.rf.29685ab52b0f48caf446719afc31e933.jpg,img_20230512_130117,2b75d79ea79a96b1c65456062fe5c391d4d9fcd2d360ca1f4cf10764a80c491e,0,0,0,0,0
train,1307,aircraft_surface_damage_crack_v2_0001307.jpg,train,IMG_20230512_130117_jpg.rf.2e5d23106e06e751c1eca5dc63cac16f.jpg,img_20230512_130117,f1cbdc245d05f30d764b72c7fef8e57176e36908b67628792532bbe357639d72,0,0,0,0,0
train,1308,aircraft_surface_damage_crack_v2_0001308.jpg,train,IMG_20230512_130117_jpg.rf.743a7ba017e628a9b472d4667bcc472b.jpg,img_20230512_130117,30fc4fa05e765580a733ec12cf59de427f2724e8f01b3513f1dc297ce86cd083,0,0,0,0,0
train,1309,aircraft_surface_damage_crack_v2_0001309.jpg,train,IMG_20230512_130121_jpg.rf.2d893a88f3356cc04844a1770eee662a.jpg,img_20230512_130121,799f444f536c5594ae9e7d5791f17d6c649735f3289b8cf224af225012e50f11,0,0,0,0,0
train,1310,aircraft_surface_damage_crack_v2_0001310.jpg,train,IMG_20230512_130121_jpg.rf.731c3ed1bd0725297540268cae4f5947.jpg,img_20230512_130121,94bb33d9e1a454895b875714a9566bdb50db0e0a08798ee5e4369f6cdf36b305,0,0,0,0,0
train,1311,aircraft_surface_damage_crack_v2_0001311.jpg,train,IMG_20230512_130121_jpg.rf.900d530cf70e201b117d7a15c2ed7be4.jpg,img_20230512_130121,8e35bb1090fca2d4ef1c0f0b27ec13271fb27ff6f905968f6c5f823f60fe896e,0,0,0,0,0
train,1312,aircraft_surface_damage_crack_v2_0001312.jpg,train,IMG_20230512_130147_jpg.rf.202c1f9c40d865b74e401b834db2a2dc.jpg,img_20230512_130147,321d819b4a30e4dd9dca8a9b63e1bffd11e841e5fe9bca05563c6fd52305c295,0,0,0,0,0
train,1313,aircraft_surface_damage_crack_v2_0001313.jpg,train,IMG_20230512_130147_jpg.rf.860d29e40af51c647e8b7bbcb9411a7d.jpg,img_20230512_130147,30df772c38cf1aef53d2fee676879dcd0fad1dbf80bbd10f49a9a756f5410a07,0,0,0,0,0
train,1314,aircraft_surface_damage_crack_v2_0001314.jpg,train,IMG_20230512_130147_jpg.rf.909a35c60a6932f125d79ae2a14d2ad3.jpg,img_20230512_130147,8b6ad3874b70ae376b95db298c5216e64f3c85ffcc93970e3965b9debcdabaaa,0,0,0,0,0
train,1315,aircraft_surface_damage_crack_v2_0001315.jpg,train,IMG_20230512_130149_jpg.rf.064e7d64e4fe3babfd1130abd3ae134b.jpg,img_20230512_130149,5a1e56ef60b7ec1cbba0d3c5d1498b3c2a863216fc9af5b90f4bbd804bdb2879,0,0,0,0,0
train,1316,aircraft_surface_damage_crack_v2_0001316.jpg,train,IMG_20230512_130149_jpg.rf.3ca6a8181011eb47d98b2716bcc39eb2.jpg,img_20230512_130149,cafc803ed4f5ce4911a86cba69e707868b72321e13bc172f82e36d211ca86a2a,0,0,0,0,0
train,1317,aircraft_surface_damage_crack_v2_0001317.jpg,train,IMG_20230512_130149_jpg.rf.58c2a03c112ac1492ee17477b6443de3.jpg,img_20230512_130149,8386432647ac9f89bbd5b30b719f169aadddf7be634841a8108d2acde12919fa,0,0,0,0,0
train,1318,aircraft_surface_damage_crack_v2_0001318.jpg,train,IMG_20230512_130151_jpg.rf.31348bfd4fa1cc88041cacc63e8b0a0f.jpg,img_20230512_130151,71b0e693a78dac6e391a7c4014fd6be5efe0704e06109aeb29b7a4df0938cfaf,0,0,0,0,0
train,1319,aircraft_surface_damage_crack_v2_0001319.jpg,train,IMG_20230512_130151_jpg.rf.51e9a1d65c88332121795dc453ef5cd3.jpg,img_20230512_130151,41d3b571453e500e06fba8ffb8fa513e9d222e5ccff0d296c8865eacaa4a11cd,0,0,0,0,0
train,1320,aircraft_surface_damage_crack_v2_0001320.jpg,train,IMG_20230512_130151_jpg.rf.da67cf0c8bfe82d63304a60af5817d90.jpg,img_20230512_130151,f09a0476e100cfe1211318ee07fe6816b0764612c6e118a8e8ffe62c0c3263cc,0,0,0,0,0
train,1321,aircraft_surface_damage_crack_v2_0001321.jpg,train,IMG_20230512_130155_jpg.rf.91def6fe375bc0683126daf2ff2aba44.jpg,img_20230512_130155,f2cef4bbdc6ac65cac3921234ef05f55b502f3c9a81fd1ca8530c71c2b9001f6,0,0,0,0,0
train,1322,aircraft_surface_damage_crack_v2_0001322.jpg,train,IMG_20230512_130155_jpg.rf.cb35e6914dccd99ab9c21a45c28a8462.jpg,img_20230512_130155,c83561532e42e9f59488c9b9e5ed1fc716e7933ca768ebc67706fd17a64901eb,0,0,0,0,0
train,1323,aircraft_surface_damage_crack_v2_0001323.jpg,train,IMG_20230512_130155_jpg.rf.f959a94eed1c754a7ab95a7b5681ff7d.jpg,img_20230512_130155,8ac2c5a00827a1356a754e703bcd0b4a9df7fbe691c0ea3debee9d902832f61f,0,0,0,0,0
train,1324,aircraft_surface_damage_crack_v2_0001324.jpg,train,IMG_20230512_130159_jpg.rf.200e95a3677cd22c24dfcc50bbf6c06d.jpg,img_20230512_130159,a0fca0fab313a9655ada1dd794b235bb329c151b3879a848823286df6b3ddbb4,0,0,0,0,0
train,1325,aircraft_surface_damage_crack_v2_0001325.jpg,train,IMG_20230512_130159_jpg.rf.5b7a66bb642c0c23c4e27281fb335a08.jpg,img_20230512_130159,c17595ef151df7696198b4112c1c4913a0f7a9dfbad3ddc85f8b3b9808ea6b52,0,0,0,0,0
train,1326,aircraft_surface_damage_crack_v2_0001326.jpg,train,IMG_20230512_130159_jpg.rf.908fc2a14a85fc96721afb92837d2f4c.jpg,img_20230512_130159,44730e8c8c22c6f28f495821c4ca3605c24c40997d3fd63b93d9493862ddbaf5,0,0,0,0,0
train,1327,aircraft_surface_damage_crack_v2_0001327.jpg,train,IMG_20230512_130206_jpg.rf.062173482ede2c0620ab40e636317bfa.jpg,img_20230512_130206,88a7e9c35a39629c9f8d3d41e8e268163b8f9f3f5b3e84a6cfdf88f8db5cca06,0,0,0,0,0
train,1328,aircraft_surface_damage_crack_v2_0001328.jpg,train,IMG_20230512_130206_jpg.rf.942c81375688a9d803d89c7ad7c8d80a.jpg,img_20230512_130206,a11828d84c4635e8d06e5bb0b15ac9817daffb245fdc8e29ffac7e76de8af869,0,0,0,0,0
train,1329,aircraft_surface_damage_crack_v2_0001329.jpg,train,IMG_20230512_130206_jpg.rf.dd5e4f186576f46f5dfb7eb11383267e.jpg,img_20230512_130206,2bdaa25aceea363f437f1d60fa2e4af3d8546157a7810b4936eaa9c61eff6f49,0,0,0,0,0
train,1330,aircraft_surface_damage_crack_v2_0001330.jpg,train,IMG_20230512_130210_jpg.rf.095281985c274fc3a2cfee5c6323b8ef.jpg,img_20230512_130210,cf3dd2ad24faeb80ad638e169b82a6068d7072c86e470dfe3721ac4e9a608fab,0,0,0,0,0
train,1331,aircraft_surface_damage_crack_v2_0001331.jpg,train,IMG_20230512_130210_jpg.rf.30baa89d360cc71900eb6a3cdcb74502.jpg,img_20230512_130210,a55d6c9b425f02bf71e32e2d65fdabc0dc19f85cc6a9378bb6eed110756a5cb4,0,0,0,0,0
train,1332,aircraft_surface_damage_crack_v2_0001332.jpg,train,IMG_20230512_130210_jpg.rf.ba563bf495ea0385d7ded053e7ef4287.jpg,img_20230512_130210,50663362e863cdedc3798c6b0cb21732b224972ff28159b21e05cb4c044d165a,0,0,0,0,0
train,1333,aircraft_surface_damage_crack_v2_0001333.jpg,train,IMG_20230512_130215_jpg.rf.0615ae1a21eb22ae1d764ef206808b01.jpg,img_20230512_130215,8f4b7aa0b9efccf14bc9f618fc8423b047fc47972249998abcf721bb5f0986d7,0,0,0,0,0
train,1334,aircraft_surface_damage_crack_v2_0001334.jpg,train,IMG_20230512_130215_jpg.rf.7eb6a5db136cede9b03aff44734db647.jpg,img_20230512_130215,2bbb209bc4481955acf3dc7a15cf972205f31d194356d6f1c9212b6fe55e30ea,0,0,0,0,0
train,1335,aircraft_surface_damage_crack_v2_0001335.jpg,train,IMG_20230512_130215_jpg.rf.ae8aa23b52e997094e15b67a1ce2d91f.jpg,img_20230512_130215,b8f9349918ab8709ba3b60cc8ae99b4ef58ac2ba8afa3b9407dbdfc1c4b81213,0,0,0,0,0
train,1336,aircraft_surface_damage_crack_v2_0001336.jpg,train,IMG_20230512_130219_jpg.rf.0bdf97adef7b26f7c9921f06af63ce69.jpg,img_20230512_130219,7793792f1625377220a6e791c1c6d96ff70868948a0a77a1fd1bbf48780a004d,0,0,0,0,0
train,1337,aircraft_surface_damage_crack_v2_0001337.jpg,train,IMG_20230512_130219_jpg.rf.4b48e160cd676dd57db4192280d3abe3.jpg,img_20230512_130219,4b58704707eef16533d63acd9c03783c9dfb2b1a99e8a7fd260e78986307d750,0,0,0,0,0
train,1338,aircraft_surface_damage_crack_v2_0001338.jpg,train,IMG_20230512_130219_jpg.rf.ed2950527a76cf00883ed92367e47c41.jpg,img_20230512_130219,293e63efebba7c061575a9fd356937afbc8a361b27f654a1dcf79d5b340702d5,0,0,0,0,0
train,1339,aircraft_surface_damage_crack_v2_0001339.jpg,train,IMG_20230512_130223_jpg.rf.1daf973717e10f6af75d2d74ea281cf3.jpg,img_20230512_130223,e1e815b7e50f7d552780b5e23625fedada6b4bde8dab2106a808e2c08626df6a,0,0,0,0,0
train,1340,aircraft_surface_damage_crack_v2_0001340.jpg,train,IMG_20230512_130223_jpg.rf.721b9ccd66eb5abbd1f42ee749143e9a.jpg,img_20230512_130223,dd9c84048ce2bf75f3dbfb4885729b014f54c4b2347e36de43510567ab1f6e80,0,0,0,0,0
train,1341,aircraft_surface_damage_crack_v2_0001341.jpg,train,IMG_20230512_130223_jpg.rf.df2aef6fa78e3ff355d3bbe915a45854.jpg,img_20230512_130223,102d62da76831fe1eda8f71f43c8256acdce29960602a60b46fd531a13721686,0,0,0,0,0
train,1342,aircraft_surface_damage_crack_v2_0001342.jpg,train,IMG_20230512_130225_jpg.rf.597a40ef7aac62af73a47aafe0640f14.jpg,img_20230512_130225,f955337a67f55d4f3dca7e81d99ffd40685ef1070bd503c0553c9ad3819d24a9,0,0,0,0,0
train,1343,aircraft_surface_damage_crack_v2_0001343.jpg,train,IMG_20230512_130225_jpg.rf.72331676f92d2ed46780de905c226647.jpg,img_20230512_130225,2b041c726918f1e2b60dd0abe98e59f783ebfd453e4c5dbe5d2b37e42a316e7b,0,0,0,0,0
train,1344,aircraft_surface_damage_crack_v2_0001344.jpg,train,IMG_20230512_130225_jpg.rf.c27443087c447e71d629d0f6bcefd599.jpg,img_20230512_130225,a723a6ddb63a18d4bb9344862022af59d34d941a93df086ba3313bc043eeec0d,0,0,0,0,0
train,1345,aircraft_surface_damage_crack_v2_0001345.jpg,train,IMG_20230512_130240_jpg.rf.1cfbf9144c25473748660248c41cab1e.jpg,img_20230512_130240,023a8b83b7d8f83b044e6267e513fe7188457ea97b9cb6969e346cbfac602452,0,0,0,0,0
train,1346,aircraft_surface_damage_crack_v2_0001346.jpg,train,IMG_20230512_130240_jpg.rf.63d5f7d05ad0e6f97208a28e62aa8c40.jpg,img_20230512_130240,b8846aed65f40b75530850c5f1655769f33bc9d533a337ef7751b7b413246f29,0,0,0,0,0
train,1347,aircraft_surface_damage_crack_v2_0001347.jpg,train,IMG_20230512_130240_jpg.rf.7b0cf96bcf42b450b15d2056ecda499b.jpg,img_20230512_130240,20efb78de983904e1be020a67b9aa87e748a29126718c9770ad26a14bc63e0d9,0,0,0,0,0
train,1348,aircraft_surface_damage_crack_v2_0001348.jpg,train,IMG_20230512_130244_jpg.rf.1abde2e26a4895f2909c61a11dcff347.jpg,img_20230512_130244,ad1cc9156f34c0f343f051d5ce785f1a412ee76527808a4c4fdf0e8935276cb8,0,0,0,0,0
train,1349,aircraft_surface_damage_crack_v2_0001349.jpg,train,IMG_20230512_130244_jpg.rf.643662bdc374bda3934811a83c29c8c7.jpg,img_20230512_130244,cb96e4abff5144ec6616f189e3a612f6bbb3e4b6c14f8505c5f7f934c426fc1c,0,0,0,0,0
train,1350,aircraft_surface_damage_crack_v2_0001350.jpg,train,IMG_20230512_130244_jpg.rf.8c1d717d6928b0edbc95ae3d093aba9f.jpg,img_20230512_130244,efa7032d0a10fe9900cb402b79e1770e5f98845cc321b109df48dfceaec4a71b,0,0,0,0,0
train,1351,aircraft_surface_damage_crack_v2_0001351.jpg,train,IMG_20230512_130313_jpg.rf.04698d33de627239443f9e7bdd743a35.jpg,img_20230512_130313,d617ccdcb1991d6c8bb5042661408d7b5abe1c3daa77fdd403e4986a76f7913d,0,0,0,0,0
train,1352,aircraft_surface_damage_crack_v2_0001352.jpg,train,IMG_20230512_130313_jpg.rf.a9d28f84ee0fad481e91a3866e4dcec6.jpg,img_20230512_130313,b8f8a3a7b6a8e1cd274d367deb6cab8e2accfc240ac947ba0586ee2d09ef8ef3,0,0,0,0,0
train,1353,aircraft_surface_damage_crack_v2_0001353.jpg,train,IMG_20230512_130313_jpg.rf.d73d71f8a2ff8e750ce693d3e60ac0a1.jpg,img_20230512_130313,f31e79929a3e3a912696680aa5fe3af15b0b604ea8aee5d3cd7be84be909e1aa,0,0,0,0,0
train,1354,aircraft_surface_damage_crack_v2_0001354.jpg,train,IMG_20230512_130319_jpg.rf.47234ce304276a7a3fecdadb3616ba21.jpg,img_20230512_130319,4fc9d9f82f21bbf23e170b340e225393fb287b1a62e737479a19f5f67a9fac42,0,0,0,0,0
train,1355,aircraft_surface_damage_crack_v2_0001355.jpg,train,IMG_20230512_130319_jpg.rf.5f1ea3614cee3212d4b4feed691a32eb.jpg,img_20230512_130319,7090e154797c411e693fb2e54165be5da06d3c374b22939bf99035d64ec7333f,0,0,0,0,0
train,1356,aircraft_surface_damage_crack_v2_0001356.jpg,train,IMG_20230512_130319_jpg.rf.b305c999aa3e7f16d21bd5633698218a.jpg,img_20230512_130319,70d88d36fe1536082870c36a604caff03f6067d523e8da8578a5f7cc3061352d,0,0,0,0,0
train,1357,aircraft_surface_damage_crack_v2_0001357.jpg,train,IMG_20230512_130324_jpg.rf.6ee7fb775e77d6ce8a0af7d86aba9721.jpg,img_20230512_130324,c9b95cbe80b85653df286de3c3874c9fe25f398ba57996941999d84fe56e46af,0,0,0,0,0
train,1358,aircraft_surface_damage_crack_v2_0001358.jpg,train,IMG_20230512_130324_jpg.rf.bc77aee5406f30460980e2e1cca79cef.jpg,img_20230512_130324,c4e90c7cc5ef62abdb3a54a8f75430862100ef2a79c397c148baac26c1bfc18f,0,0,0,0,0
train,1359,aircraft_surface_damage_crack_v2_0001359.jpg,train,IMG_20230512_130324_jpg.rf.db849f3cf5ade6498fcd2516cabac5c0.jpg,img_20230512_130324,455b61b571a0b235212980f885555ffb3f3531769990104126df10b19739718f,0,0,0,0,0
train,1360,aircraft_surface_damage_crack_v2_0001360.jpg,train,IMG_20230512_130328_jpg.rf.1db4dd7197e0e40dc1a759f21cdbdc25.jpg,img_20230512_130328,12b4813d37cdf935649cfbdc7a2027abbcbfc099d37e25a816c1eeddd7440286,0,0,0,0,0
train,1361,aircraft_surface_damage_crack_v2_0001361.jpg,train,IMG_20230512_130328_jpg.rf.960e3e3dd624ec21fa73c0b7a066308b.jpg,img_20230512_130328,fcc27e83043f0f9991c90df60bbd1de234cf650825c627652b73efe60a83f314,0,0,0,0,0
train,1362,aircraft_surface_damage_crack_v2_0001362.jpg,train,IMG_20230512_130328_jpg.rf.ef3d49fbfc74dfee39403481630e707d.jpg,img_20230512_130328,9261902313437247b65c4c30c9fde996dd02e13ff1edc81693a0d39a2488e9d4,0,0,0,0,0
train,1363,aircraft_surface_damage_crack_v2_0001363.jpg,train,IMG_20230512_130336_jpg.rf.557524bb435b2bf3ed01d844276f5b0c.jpg,img_20230512_130336,722a63a992aa33ea8d29f5cbbe7ec73bb1dee0f6d48ff07ed31226d1eac58ed5,0,0,0,0,0
train,1364,aircraft_surface_damage_crack_v2_0001364.jpg,train,IMG_20230512_130336_jpg.rf.63040c5755f07dc220689caaa5314418.jpg,img_20230512_130336,3a84d43c166c2e0c859c857133cb8b95bf2415142e833e05d4fecec85fcb5829,0,0,0,0,0
train,1365,aircraft_surface_damage_crack_v2_0001365.jpg,train,IMG_20230512_130336_jpg.rf.ee21cb9f0cf1a559b5f104a629b66481.jpg,img_20230512_130336,017cd1447b860abdf3b8eb2ec8e16f5232f21fddd1f8b91175b6ddbcc143c238,0,0,0,0,0
train,1366,aircraft_surface_damage_crack_v2_0001366.jpg,train,IMG_20230512_130340_jpg.rf.79ace40df1713cf2ff25c7870c88687b.jpg,img_20230512_130340,d8cc181b560aee2ed1418fa370d354f89b291af229fa67ae3e73508eb637ac02,0,0,0,0,0
train,1367,aircraft_surface_damage_crack_v2_0001367.jpg,train,IMG_20230512_130340_jpg.rf.79eb1f16046881c15cae9ad5b20f0c2e.jpg,img_20230512_130340,9691f2ef31e4111b92e2d5b4646da9e9dc09d20e93bd0331e3b86764aefc13ed,0,0,0,0,0
train,1368,aircraft_surface_damage_crack_v2_0001368.jpg,train,IMG_20230512_130340_jpg.rf.9622f562271d8f81475523441f1d2645.jpg,img_20230512_130340,73f5ccadc763be274125512604a0a7d8983068b8c46e02b36c28549c9d5aea62,0,0,0,0,0
train,1369,aircraft_surface_damage_crack_v2_0001369.jpg,train,IMG_20230512_130343_jpg.rf.bbea3a38cb17b4e956562f4dfdfcc3bd.jpg,img_20230512_130343,6c757f08f5a9f9c3b5e9b9525e89a5dbbe5327f15c9a70a01489dc5302e58570,0,0,0,0,0
train,1370,aircraft_surface_damage_crack_v2_0001370.jpg,train,IMG_20230512_130343_jpg.rf.d5661bc734d02b13b503523af1d18316.jpg,img_20230512_130343,f380e0d62de3f4dd48daaac4c96422da05f38ac881aa954b2acf3518b0c69e81,0,0,0,0,0
train,1371,aircraft_surface_damage_crack_v2_0001371.jpg,train,IMG_20230512_130343_jpg.rf.f4a919554346a2d2243274346f60a70f.jpg,img_20230512_130343,5d3fabc42993c9d72665bdcf2bc1023fb4ac240b425c58de5719db221eee92c3,0,0,0,0,0
train,1372,aircraft_surface_damage_crack_v2_0001372.jpg,train,IMG_20230512_130351_jpg.rf.0b59bd3997d6aee7f65fbf5e2b225168.jpg,img_20230512_130351,9c20b64a16844eb60dff6f1ad0fcfdc6c1cdbcd887d3cda546c6ee465ccf97ba,0,0,0,0,0
train,1373,aircraft_surface_damage_crack_v2_0001373.jpg,train,IMG_20230512_130351_jpg.rf.4bc47fc209a261cb96202a4e795efe79.jpg,img_20230512_130351,40bbeed2b3d618f56fc124d48d827f0f24239a24aac673ea223a3e9ad0979685,0,0,0,0,0
train,1374,aircraft_surface_damage_crack_v2_0001374.jpg,train,IMG_20230512_130351_jpg.rf.58de9badd6addf3cb29650b237f9c505.jpg,img_20230512_130351,3b34101f03c7d3c16c03773872340aeeff95fe2339e7959a757d4a2fb48f7dcf,0,0,0,0,0
train,1375,aircraft_surface_damage_crack_v2_0001375.jpg,train,IMG_20230512_130357_jpg.rf.6c4735a4f7bd7fbb159b0a0edb6f7a55.jpg,img_20230512_130357,117c21dceba6f1a08456a4f39a1be85e69be4a0e10d79a1584faecf64e92c9c1,0,0,0,0,0
train,1376,aircraft_surface_damage_crack_v2_0001376.jpg,train,IMG_20230512_130357_jpg.rf.9a7fefbbccc4c34bf4c95e72abaa4857.jpg,img_20230512_130357,e4a5e6e70a833df38a25937c9a4dd585b9e1f015f1f20d7a84ac2e0ba6556260,0,0,0,0,0
train,1377,aircraft_surface_damage_crack_v2_0001377.jpg,train,IMG_20230512_130357_jpg.rf.eaa40318265c3c1a8d7e23bd1559b7e6.jpg,img_20230512_130357,c2630c89301f1b0db912b699272baf34b1b934c082805136d5d3c2be0fb622fc,0,0,0,0,0
train,1378,aircraft_surface_damage_crack_v2_0001378.jpg,train,IMG_20230512_130359_jpg.rf.1158131704f0766ed3b8b5126081d15d.jpg,img_20230512_130359,1110431ed9b5bd4453cbdca982597dfca0caf32092cd0e6d9ced14ececbf6bd5,0,0,0,0,0
train,1379,aircraft_surface_damage_crack_v2_0001379.jpg,train,IMG_20230512_130359_jpg.rf.35e7e6f6ddad267238542638b1765208.jpg,img_20230512_130359,85432c9454b0d277380d115c2a8b64d263a216df6629e61510ee575d6c1a0762,0,0,0,0,0
train,1380,aircraft_surface_damage_crack_v2_0001380.jpg,train,IMG_20230512_130359_jpg.rf.eaacc5b733f7869b693f99030a0b5ecf.jpg,img_20230512_130359,821512f993c361f3895f3c7a56830887e62c984ed92c7135802586c44d69075b,0,0,0,0,0
train,1381,aircraft_surface_damage_crack_v2_0001381.jpg,train,IMG_20230512_130404_jpg.rf.8d658af6b547cb1d09f017a2f7eaee07.jpg,img_20230512_130404,5997b2823d09ad97df62ad3d491e25d821196d1d8cdcc9a71ecd4e3c4deb808e,0,0,0,0,0
train,1382,aircraft_surface_damage_crack_v2_0001382.jpg,train,IMG_20230512_130404_jpg.rf.9815837ab6f5a9fed6434596d28fa59e.jpg,img_20230512_130404,7620626b62f42d20a816a0cee5bb52ca115019c7869ed9f424267b68a1bc7a90,0,0,0,0,0
train,1383,aircraft_surface_damage_crack_v2_0001383.jpg,train,IMG_20230512_130404_jpg.rf.d3d7b8a7c0f64f7ee27a14ba392f5e53.jpg,img_20230512_130404,7376b3bcb2d9293782dbe671c2db07a3e05eb1adb561762674f0969290a0c08a,0,0,0,0,0
train,1384,aircraft_surface_damage_crack_v2_0001384.jpg,train,IMG_20230512_130408__01_jpg.rf.0b2207a8d5e20bdf4ec9b289db650a27.jpg,img_20230512_130408,9cf147fe9967d5c2245a3630872d6925ba11fc755d1b96844b9ff3e67be9d7c9,0,0,0,0,0
train,1385,aircraft_surface_damage_crack_v2_0001385.jpg,train,IMG_20230512_130408__01_jpg.rf.22725061065f5dcbe64d76bae2fe8e34.jpg,img_20230512_130408,ee38d777b4c85a01742d584461c5b6ea03bc3e0c91b7db0f9226c6de313b7c34,0,0,0,0,0
train,1386,aircraft_surface_damage_crack_v2_0001386.jpg,train,IMG_20230512_130408__01_jpg.rf.44aa68281132851bc0d978077bc41a6c.jpg,img_20230512_130408,d89ebdf995091b6bcc3a6586eff2780ffd89d446e39889c0b898f2656cf28438,0,0,0,0,0
train,1387,aircraft_surface_damage_crack_v2_0001387.jpg,train,IMG_20230512_130408_jpg.rf.0a422cf811d40248adfd95e9527ae227.jpg,img_20230512_130408,2108d8d0dbb84ed403714d0a6c54c59ad5e1da7cc38a221d2e2b6e98a3c71ade,0,0,0,0,0
train,1388,aircraft_surface_damage_crack_v2_0001388.jpg,train,IMG_20230512_130408_jpg.rf.175088bf345b036d69d9384de59944e6.jpg,img_20230512_130408,e62c60ed0617657e4da7342966c7acc9765202fb2828d0502bc1d90882966e52,0,0,0,0,0
train,1389,aircraft_surface_damage_crack_v2_0001389.jpg,train,IMG_20230512_130408_jpg.rf.ae2cdf4eb6c408638221f0cb7f3c7a64.jpg,img_20230512_130408,f5eb7e92d1c3526705110e86b85f7839a3a257b3e7488a9810b379aadd7146fc,0,0,0,0,0
train,1390,aircraft_surface_damage_crack_v2_0001390.jpg,train,IMG_20230512_130413_jpg.rf.31d492b60fc71244f85d29e4199c1458.jpg,img_20230512_130413,b01c334bebaf1262ea71a6ef4e0ba432d63f5d4389c398f8fa40097c91f16a64,0,0,0,0,0
train,1391,aircraft_surface_damage_crack_v2_0001391.jpg,train,IMG_20230512_130413_jpg.rf.9d8d57aead10aa97ce5de4d53d723da5.jpg,img_20230512_130413,6a07732b3d402e175b52fef925759668ce2704e8d0b6dcf56ecc8ff26a6b5448,0,0,0,0,0
train,1392,aircraft_surface_damage_crack_v2_0001392.jpg,train,IMG_20230512_130413_jpg.rf.a45d69259ae904839c2764c6594f6eb0.jpg,img_20230512_130413,f7d815c1c0e715fd0cb62a16c204185cc5ac95830ae6db3b95f8432d2f949acf,0,0,0,0,0
train,1393,aircraft_surface_damage_crack_v2_0001393.jpg,train,IMG_20230512_130420_jpg.rf.257f3dc3566274ef7075e4bcedda6c48.jpg,img_20230512_130420,d4195435508fcc7bc328aef886b49c1ee30649ba8e8294cce3e3bd4e2ded3420,0,0,0,0,0
train,1394,aircraft_surface_damage_crack_v2_0001394.jpg,train,IMG_20230512_130420_jpg.rf.38b1a7fdfa186a66e9e5d4e44c6fc80c.jpg,img_20230512_130420,5a1238ef932228b527a925f6beb174ab06d293d06110609e4d24c142f1930fae,0,0,0,0,0
train,1395,aircraft_surface_damage_crack_v2_0001395.jpg,train,IMG_20230512_130420_jpg.rf.7f242f04dc8386bdfaa274812ddcef94.jpg,img_20230512_130420,12f836f001f05966f06eaef6e4e301e76dba5c4361182d6a575d04d65d27584d,0,0,0,0,0
train,1396,aircraft_surface_damage_crack_v2_0001396.jpg,train,IMG_20230512_130435_jpg.rf.01bf4bf36a8614ab7c4eea1c6ee6271a.jpg,img_20230512_130435,74873fd37857e38bf249d34d3dcb5005cd0645960481cf2ff3ec67bf82108b67,0,0,0,0,0
train,1397,aircraft_surface_damage_crack_v2_0001397.jpg,train,IMG_20230512_130435_jpg.rf.19b06b0d8ecfd622e55fc14e36b33098.jpg,img_20230512_130435,80d06c6069f4592b38108ccaace460eaf6aa479fc0db61293ad90fe5ad44c4e3,0,0,0,0,0
train,1398,aircraft_surface_damage_crack_v2_0001398.jpg,train,IMG_20230512_130435_jpg.rf.467261cfadab062884b3b2096123e156.jpg,img_20230512_130435,d2a3542c0809ecdedee78ff9aa20722f1ea1ff09ca1132bc3069f9fb6d9a80ba,0,0,0,0,0
train,1399,aircraft_surface_damage_crack_v2_0001399.jpg,train,IMG_20230512_130438_jpg.rf.37e0ac5fcafa5c148b1922e7dd9c94b6.jpg,img_20230512_130438,0e62840734022afe5280b511fae5f7b177012996536d69403d1723432e7cf269,0,0,0,0,0
train,1400,aircraft_surface_damage_crack_v2_0001400.jpg,train,IMG_20230512_130438_jpg.rf.7156436f0cafa132111765878361c9f4.jpg,img_20230512_130438,7742aacc20883088ecf1eb746fdbb97f6492333ccfac1d19e252379cf0f31a30,0,0,0,0,0
train,1401,aircraft_surface_damage_crack_v2_0001401.jpg,train,IMG_20230512_130438_jpg.rf.fc2dde869a3a12c86203ddf527a732d7.jpg,img_20230512_130438,b22ae6559d53401fb32ea1306c0d655dd8562c96991a46c51cea975df96abca7,0,0,0,0,0
train,1402,aircraft_surface_damage_crack_v2_0001402.jpg,train,IMG_20230512_130444_jpg.rf.20659dc987b075f6895ccadf9202411a.jpg,img_20230512_130444,593e8c473d6b8b88e7c9d9593dea187c149da7b1a37bddb50def3216cbfc6e31,0,0,0,0,0
train,1403,aircraft_surface_damage_crack_v2_0001403.jpg,train,IMG_20230512_130444_jpg.rf.6d341b4cacd8b1338a7daf3f115b9f1e.jpg,img_20230512_130444,c47bec37721c4c4f03a4f4a82c7f92694f3ce9ab1297721e0cbd9d537c416094,0,0,0,0,0
train,1404,aircraft_surface_damage_crack_v2_0001404.jpg,train,IMG_20230512_130444_jpg.rf.af8826197638a95d1ad15191b3176ecf.jpg,img_20230512_130444,8d929932ac32391533756f1c0fcf001aab6c6529154bac7389c851fc601b81db,0,0,0,0,0
train,1405,aircraft_surface_damage_crack_v2_0001405.jpg,train,IMG_20230512_130448_jpg.rf.166a389b12de61a917056a20af2a713d.jpg,img_20230512_130448,99dc658dd4b704e9fcbfa0206abb4a284ed7dfaf635cb4066af9e3758b90ef13,0,0,0,0,0
train,1406,aircraft_surface_damage_crack_v2_0001406.jpg,train,IMG_20230512_130448_jpg.rf.9a332b613fad31119507f5d2b74597d2.jpg,img_20230512_130448,65f0e2554bb6e3d88261b5b2094366b90cd16ed6a40aee1eb8adc039be11da77,0,0,0,0,0
train,1407,aircraft_surface_damage_crack_v2_0001407.jpg,train,IMG_20230512_130448_jpg.rf.c3abb5312804133584ce9c01aea04714.jpg,img_20230512_130448,d140cee8f0c46f1894256677da10e9fa3b3ffa1ee7d32a2cd5233853cc9a10c6,0,0,0,0,0
train,1408,aircraft_surface_damage_crack_v2_0001408.jpg,train,IMG_20230512_130457_jpg.rf.02d2251fa3bd129b0652d2f11b01a729.jpg,img_20230512_130457,a1c86278cde8b3825576db904ed72540c0aef84a3cc33661a699405940d0c58e,0,0,0,0,0
train,1409,aircraft_surface_damage_crack_v2_0001409.jpg,train,IMG_20230512_130457_jpg.rf.56f2e586dc021b680f3240b5df2980f4.jpg,img_20230512_130457,65fa4f61fb8cae7214d0334ae92f4e14aea32f4ebe4b47bbf9665bcc3f52e75e,0,0,0,0,0
train,1410,aircraft_surface_damage_crack_v2_0001410.jpg,train,IMG_20230512_130457_jpg.rf.8c819e02bada8cf57dbda01eaf54419c.jpg,img_20230512_130457,ac6c2259a8ecb05b0e86212dd7b8155ef036f21a6bfdf526b575cb800c7b595d,0,0,0,0,0
train,1411,aircraft_surface_damage_crack_v2_0001411.jpg,train,IMG_20230512_130510_jpg.rf.0519a266ee098007a794d817846a90e2.jpg,img_20230512_130510,d05f5aa6c505dd76b9280059115646c5ab05d176a2550e03434b5a9b71045079,0,0,0,0,0
train,1412,aircraft_surface_damage_crack_v2_0001412.jpg,train,IMG_20230512_130510_jpg.rf.26a1671b5b5067b28eb86e4d063f633e.jpg,img_20230512_130510,6f9f77a7489fa007d8acc5682554938441c5c4c325af40d0f1fb3760950356eb,0,0,0,0,0
train,1413,aircraft_surface_damage_crack_v2_0001413.jpg,train,IMG_20230512_130510_jpg.rf.32df399ee1cfbf7c02ecd8fc45393e57.jpg,img_20230512_130510,99f874440f59a755ca91e7b9290d0511ff63e0a2c2834757e66b1c1fac946270,0,0,0,0,0
train,1414,aircraft_surface_damage_crack_v2_0001414.jpg,train,IMG_20230512_130514_jpg.rf.9c1543cb7e4e12a7b355058d2d715f16.jpg,img_20230512_130514,783a019a1cee5082325688c6012dfb7d271f399c89fa71c0601793f4fbfd7cc6,0,0,0,0,0
train,1415,aircraft_surface_damage_crack_v2_0001415.jpg,train,IMG_20230512_130514_jpg.rf.b9f6f38f1648d16517476a5fcf04c2fe.jpg,img_20230512_130514,dc7bb62a364625ae05b6c82389f44c81b514e4730b9288f1c52ab99d5cf95cc5,0,0,0,0,0
train,1416,aircraft_surface_damage_crack_v2_0001416.jpg,train,IMG_20230512_130514_jpg.rf.f50c0e730e25c249454a67a84920b40b.jpg,img_20230512_130514,fa7e1d50f3fdad4e30e047fd5d2b36da637d52edcec80d511fe488d761b6e973,0,0,0,0,0
train,1417,aircraft_surface_damage_crack_v2_0001417.jpg,train,IMG_20230512_130518_jpg.rf.12765c904ee13e695afec1e605cb6e09.jpg,img_20230512_130518,279fe7b6335ec7b6a30829907038528514fe7d992c433f6c4a1984c7fb34aa41,0,0,0,0,0
train,1418,aircraft_surface_damage_crack_v2_0001418.jpg,train,IMG_20230512_130518_jpg.rf.421d1eb491c6c6c2a67afd92a237a0f2.jpg,img_20230512_130518,fec5977beb138f2d5d885a348f47e613de53b1ff82631dfad013d6117ae68645,0,0,0,0,0
train,1419,aircraft_surface_damage_crack_v2_0001419.jpg,train,IMG_20230512_130518_jpg.rf.4e392f04bfcc95d7220faa7c47b17bb4.jpg,img_20230512_130518,c2ee2b2c360a05a22a647a073dad786dee84a61b4d056ace18f085db3c5486f4,0,0,0,0,0
train,1420,aircraft_surface_damage_crack_v2_0001420.jpg,train,IMG_20230512_130525_jpg.rf.2fcd20b790c353cbadcdcefb50c4908f.jpg,img_20230512_130525,ab3b06501008873687331e2a51b0ff06c44428eb7c13ac2618f03e248014a0e8,0,0,0,0,0
train,1421,aircraft_surface_damage_crack_v2_0001421.jpg,train,IMG_20230512_130525_jpg.rf.6a6a90c782e334b92e5be270f8286916.jpg,img_20230512_130525,3c1fcdf6f989e3585120a2a5b40982ffef0b0255efdb6c80fc9d100ad2bbce2b,0,0,0,0,0
train,1422,aircraft_surface_damage_crack_v2_0001422.jpg,train,IMG_20230512_130525_jpg.rf.ffbd2542e4a78adbce6d2b4b355e1647.jpg,img_20230512_130525,e9f7e2a23b87b84ab98f2717b46b9740b4b5da9d3c47e42609c73b4bfd5918ac,0,0,0,0,0
train,1423,aircraft_surface_damage_crack_v2_0001423.jpg,train,IMG_20230512_130552_jpg.rf.7dea25f25c303e5913a9836005c08453.jpg,img_20230512_130552,1fe79e5fc150f15e1b49fdc0301b143ce7da491b005c05c1dcd7e215e735645d,1,1,1,0,0
train,1424,aircraft_surface_damage_crack_v2_0001424.jpg,train,IMG_20230512_130552_jpg.rf.d4a2f86a5293c302f78a3df9ffc441f7.jpg,img_20230512_130552,65e0873d503dbd9cda0a5a46071c6fedb6b8b2b36f26613b6c75e6a5dfe93949,1,1,1,0,0
train,1425,aircraft_surface_damage_crack_v2_0001425.jpg,train,IMG_20230512_130552_jpg.rf.eb099856b8f284e7a5668d5a332be12b.jpg,img_20230512_130552,bc13bed9d02c804f94b25dc257e33d7892e109ce496493c1a70748e6809903c3,1,1,1,0,0
train,1426,aircraft_surface_damage_crack_v2_0001426.jpg,train,IMG_20230512_130558_jpg.rf.0402c0698ba091d2e7e749ad1efd9265.jpg,img_20230512_130558,cb3f3b42256453e683b22c0e79eb1969d81c6d1e44e3cb8586b05aa31f7e9dd2,1,1,0,1,0
train,1427,aircraft_surface_damage_crack_v2_0001427.jpg,train,IMG_20230512_130558_jpg.rf.8a6221d30507a33339602ac0fd2aca21.jpg,img_20230512_130558,ea8d7d9f99c5453ce488cee6b874df7bc955c7eca213a51be9dbd18424010d68,1,1,0,1,0
train,1428,aircraft_surface_damage_crack_v2_0001428.jpg,train,IMG_20230512_130558_jpg.rf.cdfcd44334e7bc7c4247b75d7d00a89a.jpg,img_20230512_130558,aa7b220d51082fc2cc571ddf775146ce184a252af4d42aaed22db384105b4b41,1,1,0,1,0
train,1429,aircraft_surface_damage_crack_v2_0001429.jpg,train,IMG_20230512_130619_jpg.rf.0f2f7bfa405c80ab9a68e108aefbeb01.jpg,img_20230512_130619,5bce04dc1f37417d6e51b7f678b03f1af5e30ef5b61acc6ba58607b034c2f631,0,0,0,0,0
train,1430,aircraft_surface_damage_crack_v2_0001430.jpg,train,IMG_20230512_130619_jpg.rf.abdc83187297afbacbb004dca194ea30.jpg,img_20230512_130619,0faa8b186f82898d6dbbf46cc6f8b3f33aa67138cc3fd8539029db2ad7d2e119,0,0,0,0,0
train,1431,aircraft_surface_damage_crack_v2_0001431.jpg,train,IMG_20230512_130619_jpg.rf.e18cdc0c191922e833d62d99f3930f07.jpg,img_20230512_130619,04a374c9b231ec306ffab01f10c7f6ef4bf698d269c75e353e6cede71c9eadd7,0,0,0,0,0
train,1432,aircraft_surface_damage_crack_v2_0001432.jpg,train,IMG_20230512_130628_jpg.rf.6014722df0e6059522deda768e4a33b6.jpg,img_20230512_130628,8ff24e698f0937fe05267c7c6732c5a77a2d7b4aa58cc6f71ac2ac6e26f0bb31,0,0,0,0,0
train,1433,aircraft_surface_damage_crack_v2_0001433.jpg,train,IMG_20230512_130628_jpg.rf.61fb74fc1fc93f433d28adf2d0ee4c40.jpg,img_20230512_130628,246018a0baeea9938d027932f32ca998bd0cb542e16f93e034e2cbb24999e4c7,0,0,0,0,0
train,1434,aircraft_surface_damage_crack_v2_0001434.jpg,train,IMG_20230512_130628_jpg.rf.c55411e48ff61497164a763019127622.jpg,img_20230512_130628,919a993d1c7fe9d5af61dc91e5f498f8e9775b132e5fee7834e0f9b78b8f5ccd,0,0,0,0,0
train,1435,aircraft_surface_damage_crack_v2_0001435.jpg,train,IMG_20230512_130630_jpg.rf.2e66243817a2240fbca396ff7e973852.jpg,img_20230512_130630,0ba278a51daf1bd2e7dec69b8f17bc7c11731eefaf3fec870092557a8df56268,0,0,0,0,0
train,1436,aircraft_surface_damage_crack_v2_0001436.jpg,train,IMG_20230512_130630_jpg.rf.73caaf0e4d3fd7fcc532f4081cc85e1d.jpg,img_20230512_130630,ba83a216c81ec75a729c0a5ee981cbff0eb1f49a0d5c09d7c8346e8aa7dcc0ca,0,0,0,0,0
train,1437,aircraft_surface_damage_crack_v2_0001437.jpg,train,IMG_20230512_130630_jpg.rf.d74cf3d8db79b22b67e20d466a3528e0.jpg,img_20230512_130630,76461288aea29126fe160ba230f1089783b5bbc2752ca293ae17623de34fd834,0,0,0,0,0
train,1438,aircraft_surface_damage_crack_v2_0001438.jpg,train,IMG_20230512_130635_jpg.rf.19d55288496f62ba1f19a61d709e058b.jpg,img_20230512_130635,a15184475b877fa84dc39b12fbbf681bd899207074c6a672b80d2cf0f004c3d5,0,0,0,0,0
train,1439,aircraft_surface_damage_crack_v2_0001439.jpg,train,IMG_20230512_130635_jpg.rf.63f5765a403de425e68876e27c322880.jpg,img_20230512_130635,9eeb5ff39747d00cbc907b1d92385ed3620790fabc6a3b3a10862c2561e4d2d6,0,0,0,0,0
train,1440,aircraft_surface_damage_crack_v2_0001440.jpg,train,IMG_20230512_130635_jpg.rf.8391be02614525ff63b83375349f01ec.jpg,img_20230512_130635,ac2e2345e0cbfef27b1e99bfb984990778381879f5000aa9f8e3d649669a8960,0,0,0,0,0
train,1441,aircraft_surface_damage_crack_v2_0001441.jpg,train,IMG_20230512_130641_jpg.rf.6c7c751b6a9ee48e64e2ccff11ed640a.jpg,img_20230512_130641,3438e215be0343b191370a21f0ae34e5ca019112a515bfa2c2fed1e1f7564ec3,0,0,0,0,0
train,1442,aircraft_surface_damage_crack_v2_0001442.jpg,train,IMG_20230512_130641_jpg.rf.8431bb406b6e3b5637758970f86b4887.jpg,img_20230512_130641,5c10ec6b7f5e1af2aa8d6ca366ac09f546279c317737cdd8ab21eae951eb9f9a,0,0,0,0,0
train,1443,aircraft_surface_damage_crack_v2_0001443.jpg,train,IMG_20230512_130641_jpg.rf.ba6b0a58c1b3e02a2310fd9555b4ae9e.jpg,img_20230512_130641,663ad8adcde9f9761bf2202211f5ecb0bc3c79d714cb26569776e13a0a660b4c,0,0,0,0,0
train,1444,aircraft_surface_damage_crack_v2_0001444.jpg,train,IMG_20230512_130644_jpg.rf.1dc82d9a2a4e9da9280e3d557f1d835e.jpg,img_20230512_130644,f304c714782d1c0fde9403bcd77ecede94ac3bb90f3117dc3bbbe864aebdcb0f,0,0,0,0,0
train,1445,aircraft_surface_damage_crack_v2_0001445.jpg,train,IMG_20230512_130644_jpg.rf.b3217aae9ab9a6c53b575121a75b7a5d.jpg,img_20230512_130644,2bdfd10b27ced1c524f9c7c79bcee40f3022d7ec7df95adcea0477838201f0c3,0,0,0,0,0
train,1446,aircraft_surface_damage_crack_v2_0001446.jpg,train,IMG_20230512_130644_jpg.rf.f287b815a5d41310d94fee2692b6df35.jpg,img_20230512_130644,399b5178fbc557521c0bccb5982153ff56fed8c94109ec4ab34627749262f4a5,0,0,0,0,0
train,1447,aircraft_surface_damage_crack_v2_0001447.jpg,train,IMG_20230512_130651__01_jpg.rf.16e0e431e5e576434c7c7ae0c90dee2f.jpg,img_20230512_130651,29398179e47c65d23bf9c64379678e48a08bc3cf6bcf6df24367c76afc259886,0,0,0,0,0
train,1448,aircraft_surface_damage_crack_v2_0001448.jpg,train,IMG_20230512_130651__01_jpg.rf.4063d976158a0f99f65a585bf743821c.jpg,img_20230512_130651,3d63b10b5eaedbd13cec649af838598fc09ba777b17eaedde1e14b875df2e543,0,0,0,0,0
train,1449,aircraft_surface_damage_crack_v2_0001449.jpg,train,IMG_20230512_130651__01_jpg.rf.61fc39f83b19ff1a2a3677f5018d8d42.jpg,img_20230512_130651,5d172f85c804932a496717318f06e42cb98b0279aa05c029d048f39337beae61,0,0,0,0,0
train,1450,aircraft_surface_damage_crack_v2_0001450.jpg,train,IMG_20230512_130651_jpg.rf.32be1c5e6e76bd778258be071f2b039b.jpg,img_20230512_130651,1db01e86c0a0dbc922934ffba01fe8f8d220f8d5fb045187b81c90ec5b81afb5,0,0,0,0,0
train,1451,aircraft_surface_damage_crack_v2_0001451.jpg,train,IMG_20230512_130651_jpg.rf.6b6176aab4d3909d7d1dfaff1d6aebf5.jpg,img_20230512_130651,cf633515baa80efcffea6459eb074352f3eadb190c16f81e7ac28d8423b31f7d,0,0,0,0,0
train,1452,aircraft_surface_damage_crack_v2_0001452.jpg,train,IMG_20230512_130651_jpg.rf.db2aae93ea6efc8cfb1bdef59c3b3725.jpg,img_20230512_130651,f0ea017066aca7ebd063e85f9e42fa1e84a4312d80612741683f7a3a5750ddad,0,0,0,0,0
train,1453,aircraft_surface_damage_crack_v2_0001453.jpg,train,IMG_20230512_130657_jpg.rf.2e8dc100ab6a2cec7174c6b5320526fd.jpg,img_20230512_130657,5abb4f6acd8100aeb3a2f9bf5a255fb977145a22b89d6863170b2e830a4f98a0,0,0,0,0,0
train,1454,aircraft_surface_damage_crack_v2_0001454.jpg,train,IMG_20230512_130657_jpg.rf.d7dab3deb3123eb2e5ffc63951256d14.jpg,img_20230512_130657,38ec199826070fc2549e62ca4fcbc1937c417d845ba47db4813c597c6d4cbd8b,0,0,0,0,0
train,1455,aircraft_surface_damage_crack_v2_0001455.jpg,train,IMG_20230512_130657_jpg.rf.e194138fa211561435c3b74ff8910877.jpg,img_20230512_130657,4b584b1435cf1fb3afb40c0a69d33503f87c740294e3ef30d78744558554d62f,0,0,0,0,0
train,1456,aircraft_surface_damage_crack_v2_0001456.jpg,train,IMG_20230512_130710_jpg.rf.0c5d773d402a01d2349efbb8f0e1fff7.jpg,img_20230512_130710,f42d0980c2783f909d033d6db7c6a84752e7a383bb4d42659e595f530d0f43d4,1,1,0,0,1
train,1457,aircraft_surface_damage_crack_v2_0001457.jpg,train,IMG_20230512_130710_jpg.rf.40d5b087c5e175e35789efd433ff7b01.jpg,img_20230512_130710,751d83c5496d49d375949fc3fff98b4ca40b7de4115c9711a65edc3a9af55beb,1,1,0,1,0
train,1458,aircraft_surface_damage_crack_v2_0001458.jpg,train,IMG_20230512_130710_jpg.rf.b68a925704a69cf5aff0155bfa4e8a4e.jpg,img_20230512_130710,78fc9bd779255fa4e1516630a4b712a53b4957f6dbbc8a67164d0d078be8a2d4,1,1,0,0,1
train,1459,aircraft_surface_damage_crack_v2_0001459.jpg,train,IMG_20230512_130714_jpg.rf.14e0ec936a27fcbf000d0777d41bd29a.jpg,img_20230512_130714,ed55857e67ef2e02020abc7593482038866a198423dda6bb191c6687525cfde6,1,1,0,1,0
train,1460,aircraft_surface_damage_crack_v2_0001460.jpg,train,IMG_20230512_130714_jpg.rf.24b839e1121106f3c2986b7ae845a50d.jpg,img_20230512_130714,b2f8591187c507b4abca5ed149599796454de018c557509d5d76548cccf52ab6,1,1,0,1,0
train,1461,aircraft_surface_damage_crack_v2_0001461.jpg,train,IMG_20230512_130714_jpg.rf.473fadae0ac0871f2699d7238a5aee4f.jpg,img_20230512_130714,255fd085d55f0b771671b97b23f19ddab4f346120626cc54f5e593ffa446c77d,1,1,0,1,0
train,1462,aircraft_surface_damage_crack_v2_0001462.jpg,train,IMG_20230512_130719_jpg.rf.79d71b6180998271dafa90f687ddd72b.jpg,img_20230512_130719,d7a464821b6fc344b113308464770bc5dbec5f9eb78f5716eda3d14df73df52d,1,1,0,1,0
train,1463,aircraft_surface_damage_crack_v2_0001463.jpg,train,IMG_20230512_130719_jpg.rf.b07945269c48591e7ba63106d35c47bb.jpg,img_20230512_130719,3b11fc85a418d8e18f24c3e09d615e93d30a0428c67972c684dd3535d5c8689b,1,1,0,1,0
train,1464,aircraft_surface_damage_crack_v2_0001464.jpg,train,IMG_20230512_130719_jpg.rf.cc36e682fb5a09ca5a64d7f94025fa4a.jpg,img_20230512_130719,a51eb5ebdd6867cae2e711e7e39596b04a27c5910ea61c7a0582b1c1086b7927,1,1,0,1,0
train,1465,aircraft_surface_damage_crack_v2_0001465.jpg,train,IMG_20230512_130721_jpg.rf.5ecbe6674cb5a14287bfd70295a07ef7.jpg,img_20230512_130721,fc3034713e3f9596af2877f786e1ba5fa60592e55669b123a7cfc7692dba4984,1,1,0,1,0
train,1466,aircraft_surface_damage_crack_v2_0001466.jpg,train,IMG_20230512_130721_jpg.rf.bcb6ed7021ec2ca5416f089bb3c36562.jpg,img_20230512_130721,d45b1ce8916659e77c09e371a336df57bbcf3d80c254d4a32c95f6b80d0ce44e,1,1,0,0,1
train,1467,aircraft_surface_damage_crack_v2_0001467.jpg,train,IMG_20230512_130721_jpg.rf.f02541c3c82cacb0a5dd29d01d15fa86.jpg,img_20230512_130721,17540b9a0a20f8d617b746cdc748ead10926e87a5494a8a7619fba33c3c7fe6a,1,1,0,0,1
train,1468,aircraft_surface_damage_crack_v2_0001468.jpg,train,IMG_20230512_130724_jpg.rf.3c52ceb695acd9387d47a8d4ea75221f.jpg,img_20230512_130724,83d011aeb2d39f1603031548365c5316a6135127ebc3625bda7758fb7e459820,1,1,0,1,0
train,1469,aircraft_surface_damage_crack_v2_0001469.jpg,train,IMG_20230512_130724_jpg.rf.4ca647e669b7accd3c389c15c33d2254.jpg,img_20230512_130724,3bfc9d4178cd8737e852648c314e27a3c137848fa9514999a4bbff3585b5a0e1,1,1,0,1,0
train,1470,aircraft_surface_damage_crack_v2_0001470.jpg,train,IMG_20230512_130724_jpg.rf.e4f01292c7fed70b34f1fcb90c5ed270.jpg,img_20230512_130724,5f47c140f57b8661c9fb89c4200d0a2e93eefd08d4d8fa847289d3581494b5a0,1,1,1,0,0
train,1471,aircraft_surface_damage_crack_v2_0001471.jpg,train,IMG_20230512_130727_jpg.rf.1e42f844dffd1eda715ea8221dd64e13.jpg,img_20230512_130727,f836856c9d1702a5ad6671059f7c351ce79c7057c55f6430d25725f0d9459201,0,0,0,0,0
train,1472,aircraft_surface_damage_crack_v2_0001472.jpg,train,IMG_20230512_130727_jpg.rf.3e2932b1b643334432583bbcd8e0a9e9.jpg,img_20230512_130727,7c9e69f9f148742e3abc61f3139c808d76b44e02d4e472c1f12351e2efc514f7,0,0,0,0,0
train,1473,aircraft_surface_damage_crack_v2_0001473.jpg,train,IMG_20230512_130727_jpg.rf.942651cfc9e1f24fdda96e3f40549770.jpg,img_20230512_130727,61ffc91e5540b3758f41177bbe58b8f1a0b59f1897ded80c54fe18ff99aa6202,0,0,0,0,0
train,1474,aircraft_surface_damage_crack_v2_0001474.jpg,train,IMG_20230512_130730_jpg.rf.0fddab745f3f38119d4542ab7294a84b.jpg,img_20230512_130730,761f92160a0d8369b401646bb60ba05a143663e380251a612bc462582688be70,1,1,1,0,0
train,1475,aircraft_surface_damage_crack_v2_0001475.jpg,train,IMG_20230512_130730_jpg.rf.9976f2f492e588f34c32579ebd729f85.jpg,img_20230512_130730,705c60e812f3c6220a9827a03be613f607d3bb612cbcf855e2151f35bfd2f196,1,1,1,0,0
train,1476,aircraft_surface_damage_crack_v2_0001476.jpg,train,IMG_20230512_130730_jpg.rf.b54eef74e836367aa0e826cef6320f3f.jpg,img_20230512_130730,b9d11ee05f43da0dded097c236045aaf3be404101bfbaacd15cf9335b325f2eb,1,1,1,0,0
train,1477,aircraft_surface_damage_crack_v2_0001477.jpg,train,IMG_20230512_130736_jpg.rf.3316b98d92c33e290d6cc877df8cf040.jpg,img_20230512_130736,32be61b7d7548efb9c93376a4d888e9ab1bc0398ab7fd33a290af68e66454c4b,1,1,0,1,0
train,1478,aircraft_surface_damage_crack_v2_0001478.jpg,train,IMG_20230512_130736_jpg.rf.49a609c902a025d8b3507cf06d9edcd8.jpg,img_20230512_130736,fc583bdb2d4000f9f1e8fd1bed91a7b6a889e2ca69af8db9ed159610fad50ef6,1,1,0,1,0
train,1479,aircraft_surface_damage_crack_v2_0001479.jpg,train,IMG_20230512_130736_jpg.rf.ecea5704a981af47a8bff1ac825ba34f.jpg,img_20230512_130736,2b53ba2f06b3fa7d7352f8a6f36fb0454edb1c5b4ec0cdfe5d012ce382cbd771,1,1,1,0,0
train,1480,aircraft_surface_damage_crack_v2_0001480.jpg,train,IMG_20230512_130741_jpg.rf.381ec5ecf99d1b0bf618893cb5633f01.jpg,img_20230512_130741,1e92c879ab414267f478c7cb265dc12cee0874d4ef6d11618b30159bd46c3806,1,1,1,0,0
train,1481,aircraft_surface_damage_crack_v2_0001481.jpg,train,IMG_20230512_130741_jpg.rf.dcc5e124e90510901d0747c1519b0d86.jpg,img_20230512_130741,e2d7ecb7654c22956c79be278b198b62f4370cafb0b2100ce195c4f82dbd1898,1,1,1,0,0
train,1482,aircraft_surface_damage_crack_v2_0001482.jpg,train,IMG_20230512_130741_jpg.rf.f94dd4802947b331d2eb1e7569e062e7.jpg,img_20230512_130741,e9ee5985082504ec55f9776e7d609c982917f4b6b51e6ef345f86cc1de7a15cc,1,1,1,0,0
train,1483,aircraft_surface_damage_crack_v2_0001483.jpg,train,IMG_20230512_130749_jpg.rf.2c1017c62341696a07da3cd8c7a6630d.jpg,img_20230512_130749,45b01f1da13169c0cba42202d00ecef83efa752e0252ff4517e13d2c8b068822,1,1,0,1,0
train,1484,aircraft_surface_damage_crack_v2_0001484.jpg,train,IMG_20230512_130749_jpg.rf.6aa37e2d07a7fa5c1be4b4298d8ababb.jpg,img_20230512_130749,ce536d946992ee25fd589202e3e2dbffa52dc45e364d5b8f5bff93d3a94181f2,1,1,0,1,0
train,1485,aircraft_surface_damage_crack_v2_0001485.jpg,train,IMG_20230512_130749_jpg.rf.dcecabc13284f2ad635542e65e04a1a8.jpg,img_20230512_130749,ff3899bb5cdbd18073a5a556951d23200d627179fc7b89913329b754e0ea8971,1,1,0,1,0
train,1486,aircraft_surface_damage_crack_v2_0001486.jpg,train,IMG_20230512_130752_jpg.rf.76d33cb5f0790065184dc9c2eaadb9ea.jpg,img_20230512_130752,dd02fbbba4c447af2c12d079584c65404f5e17353289c396f124184ba42eaf98,1,1,0,0,1
train,1487,aircraft_surface_damage_crack_v2_0001487.jpg,train,IMG_20230512_130752_jpg.rf.8a96f66eda698b45c71b66bd6133c038.jpg,img_20230512_130752,9b7392d505ea5574d5104d5ef05963dd974642a1a5edea1e6cd3e7ce73aab35d,1,1,0,0,1
train,1488,aircraft_surface_damage_crack_v2_0001488.jpg,train,IMG_20230512_130752_jpg.rf.9072e60706f971aaefa3f2fb6055724c.jpg,img_20230512_130752,047e0c86dcf71ce0c13c5dcae49815e423fd9141e149c2977ba5ca68d7e0459f,1,1,0,1,0
train,1489,aircraft_surface_damage_crack_v2_0001489.jpg,train,IMG_20230512_130811_jpg.rf.5482b4f4923cb842ef8b536d2bb692c8.jpg,img_20230512_130811,a9ffe26d00974de3c4f170918e87d548c1ebf506caf5dc44f0984d209448afd2,1,1,0,1,0
train,1490,aircraft_surface_damage_crack_v2_0001490.jpg,train,IMG_20230512_130811_jpg.rf.6334041b47dd43f2648b5d05ebe83589.jpg,img_20230512_130811,bc1cf78a93593e3431d86c8abc995dd93273292936bad89f25a68b2f02a8cbb1,1,1,0,1,0
train,1491,aircraft_surface_damage_crack_v2_0001491.jpg,train,IMG_20230512_130811_jpg.rf.63d79a4230952ab3803d25f466f839d4.jpg,img_20230512_130811,503dbf3ebfadc57728d87017b15e5d94da67d61dcf56b1052b79b0853f2dade8,1,1,0,1,0
train,1492,aircraft_surface_damage_crack_v2_0001492.jpg,train,IMG_20230512_130815_jpg.rf.3a92415bfa034d1a791a042395eb5113.jpg,img_20230512_130815,02534bf293b35c967c5154cc291414311aeba74facb1bb83a08b072f529883a3,1,1,0,1,0
train,1493,aircraft_surface_damage_crack_v2_0001493.jpg,train,IMG_20230512_130815_jpg.rf.71532abcdcde555d91ee14d932ac9526.jpg,img_20230512_130815,6a541d79e459bc4adc57cfeb13bee960cfa2a87296765d2afd1fc3b1f3effc4d,1,1,0,1,0
train,1494,aircraft_surface_damage_crack_v2_0001494.jpg,train,IMG_20230512_130815_jpg.rf.ab0b87fe1dba01ad038d38889c1128bd.jpg,img_20230512_130815,d9bf6cb26d6a8cb85b6e6f793be632622a936ce5a6aed577dbd2f338bc86b1bc,1,1,1,0,0
train,1495,aircraft_surface_damage_crack_v2_0001495.jpg,train,IMG_20230512_130821_jpg.rf.14cccca44f78f0fb3d6163223ec073ee.jpg,img_20230512_130821,9770f59a1fcd35f94f6b3eed5003038990cefbabcb7d43ad77a73922af41940f,1,1,0,1,0
train,1496,aircraft_surface_damage_crack_v2_0001496.jpg,train,IMG_20230512_130821_jpg.rf.6d284b85669cfdebb212a9c4ffd34e93.jpg,img_20230512_130821,6dab710f5268886026b2b86f21c628b54f5c897c14fb4d241763e3acb705eb70,1,1,1,0,0
train,1497,aircraft_surface_damage_crack_v2_0001497.jpg,train,IMG_20230512_130821_jpg.rf.f918253f19f82e045107b82826127426.jpg,img_20230512_130821,2ede4e6010e6d33a16dd861e16a22298f9dd0285b95695113b550b24f8813dad,1,1,1,0,0
train,1498,aircraft_surface_damage_crack_v2_0001498.jpg,train,IMG_20230512_130824_jpg.rf.68a4d2ef8dbd4c51c459098a8d715f7a.jpg,img_20230512_130824,518dd9e3f53bfeb5ed21ae5262379486f4c64b73f744b440ff6d5b3529c9afd7,1,1,1,0,0
train,1499,aircraft_surface_damage_crack_v2_0001499.jpg,train,IMG_20230512_130824_jpg.rf.bc468f07a27d74bf05613be471a5d54f.jpg,img_20230512_130824,2f7e26010a13e4cc01527ad5e5639617ec4a477b824f1d1f5fa7ab4ccc5d1a5b,1,1,1,0,0
train,1500,aircraft_surface_damage_crack_v2_0001500.jpg,train,IMG_20230512_130824_jpg.rf.dd94f01ab0891187dce12691c1d9c141.jpg,img_20230512_130824,b52557908b166c716f1efe41baff411b1caea40407a3a1fce68f813c472d0ad9,1,1,1,0,0
train,1501,aircraft_surface_damage_crack_v2_0001501.jpg,train,IMG_20230512_130841_jpg.rf.0b602028821c16135fef21133df2fb62.jpg,img_20230512_130841,1019cd252c1abeaf2414647703920e4bfd3e9027e1db55b386a174a87c0eb44a,0,0,0,0,0
train,1502,aircraft_surface_damage_crack_v2_0001502.jpg,train,IMG_20230512_130841_jpg.rf.2deef40616b185c17b54e9737368af9e.jpg,img_20230512_130841,7333cb7c9ea85579d899b6dee0e81895d02eeb282deb8632afec8d3cfbc75914,0,0,0,0,0
train,1503,aircraft_surface_damage_crack_v2_0001503.jpg,train,IMG_20230512_130841_jpg.rf.93a564f253ecbe12832bc5fcae25715c.jpg,img_20230512_130841,75fcfa4b5d184b84b796db1c13dd6ce91012f1b87dc46d7d9540d71f9835d896,0,0,0,0,0
train,1504,aircraft_surface_damage_crack_v2_0001504.jpg,train,IMG_20230512_130920_jpg.rf.050df9c18a122326a0b2bcafc7eca414.jpg,img_20230512_130920,0f72291c4ff4eb2a0071573655e2071acd36def02da52d73277e0415b7876865,0,0,0,0,0
train,1505,aircraft_surface_damage_crack_v2_0001505.jpg,train,IMG_20230512_130920_jpg.rf.8db49ba448fd4a4e3d7368507e978b56.jpg,img_20230512_130920,0d52b5a8ebb4f0044bc651f52fc4b26c6b6f75068c5239ec4da5794900dd24aa,0,0,0,0,0
train,1506,aircraft_surface_damage_crack_v2_0001506.jpg,train,IMG_20230512_130920_jpg.rf.911fb9d43674d665bde1a7127a43d52d.jpg,img_20230512_130920,dcbccbab6ad3510361c6ab8762430249e05381a3e5cc3d7eed05342c2c1055be,0,0,0,0,0
train,1507,aircraft_surface_damage_crack_v2_0001507.jpg,train,IMG_20230512_130923_jpg.rf.26800e0f8209027b423c75d1d0c5b1cc.jpg,img_20230512_130923,491303924b557de4823c9fb608443f4db4ccb0e3b9fd59e0ad0a13d88b7c0ddd,0,0,0,0,0
train,1508,aircraft_surface_damage_crack_v2_0001508.jpg,train,IMG_20230512_130923_jpg.rf.aa436746e8685a822711f3717e9030e6.jpg,img_20230512_130923,0b0c995dcbaba231caaffbbb7ef7773b132b8e40b9e55426e5947bd80165917c,0,0,0,0,0
train,1509,aircraft_surface_damage_crack_v2_0001509.jpg,train,IMG_20230512_130923_jpg.rf.f601724ff370c1b0834fbddb0643b03e.jpg,img_20230512_130923,619bc6d76fed5b50745b9285955b1bd9eba935a7c7437fcbc323055a6d5a9490,0,0,0,0,0
train,1510,aircraft_surface_damage_crack_v2_0001510.jpg,train,IMG_20230512_130929_jpg.rf.39f1a82eca9ec2bc47bdbbbd49a63b53.jpg,img_20230512_130929,5b1605bead4a53924c741336a1918aea05a30bb2647dacb68c0b2df56ca9f5df,0,0,0,0,0
train,1511,aircraft_surface_damage_crack_v2_0001511.jpg,train,IMG_20230512_130929_jpg.rf.8973ef4702feab34ac23c0ed04000834.jpg,img_20230512_130929,fc4007d3064445647728beed078bd01158d6a0a3646464731619b367a1bb8eff,0,0,0,0,0
train,1512,aircraft_surface_damage_crack_v2_0001512.jpg,train,IMG_20230512_130929_jpg.rf.8cfc5f04c6f3c518dbd096c10ccedd78.jpg,img_20230512_130929,0505716d776392732feae3205c3b6dec33fbe5961acd5144f66713a0ba08cb54,0,0,0,0,0
train,1513,aircraft_surface_damage_crack_v2_0001513.jpg,train,IMG_20230512_130942_jpg.rf.08ca6196b5deeabe4a3e5f9ac05c5405.jpg,img_20230512_130942,8228ea823698f1b3f673a7b1120fef628be2163519d1ac999d0aaf9437699abe,0,0,0,0,0
train,1514,aircraft_surface_damage_crack_v2_0001514.jpg,train,IMG_20230512_130942_jpg.rf.3fd2bf731aa3e369556c548d1bae9c57.jpg,img_20230512_130942,00e883525b490ac609062ed814b0dca018999e34cf5b4cd7621d1ca0d8b56bd1,0,0,0,0,0
train,1515,aircraft_surface_damage_crack_v2_0001515.jpg,train,IMG_20230512_130942_jpg.rf.f359ec09163aa7ceac0f716eff2725f5.jpg,img_20230512_130942,61067f4120fdba7a87b0ac1b8b24f1ea0794aa2bb83e2a1346f7667fe34c3bcc,0,0,0,0,0
train,1516,aircraft_surface_damage_crack_v2_0001516.jpg,train,IMG_20230512_130954_jpg.rf.46574e991516d8c65fa3fa548502ee23.jpg,img_20230512_130954,8f622f096769987b4f8d4ec0320e61bcdb68e0fef1180244cb6aaf90bf690fa7,0,0,0,0,0
train,1517,aircraft_surface_damage_crack_v2_0001517.jpg,train,IMG_20230512_130954_jpg.rf.62b05f912b84c057df07a829949d7702.jpg,img_20230512_130954,34b279aff88553c15c608260d53b46f53e1c65fb0fdcf7111e39e757421c80bd,0,0,0,0,0
train,1518,aircraft_surface_damage_crack_v2_0001518.jpg,train,IMG_20230512_130954_jpg.rf.eb1695be108a726fffffb67ef9a32bfb.jpg,img_20230512_130954,68ec44bd97943fca7def6186d49be6839950973a2496962e694fd1f16c09634b,0,0,0,0,0
train,1519,aircraft_surface_damage_crack_v2_0001519.jpg,train,IMG_20230512_131005_jpg.rf.1ce2d5411732ca1e87b09e3047e8f38d.jpg,img_20230512_131005,e3d04133a094c8e30b0dde9190eba033318aa3a1a7b79028e0a06cf010d5615e,0,0,0,0,0
train,1520,aircraft_surface_damage_crack_v2_0001520.jpg,train,IMG_20230512_131005_jpg.rf.44877c2b109278bb51216689b9a03367.jpg,img_20230512_131005,dc819a1c5219a58f1234690eb016dc928e1cc1cc23c0e57adf30131bf8fea9dd,0,0,0,0,0
train,1521,aircraft_surface_damage_crack_v2_0001521.jpg,train,IMG_20230512_131005_jpg.rf.c2935f46eb4da87fdf2ba37b564605df.jpg,img_20230512_131005,abce85c0166fb2ec8f90f1f3f28f48af625a9c0f21bcc2c7a263c6318bc493ed,0,0,0,0,0
train,1522,aircraft_surface_damage_crack_v2_0001522.jpg,train,IMG_20230512_131011_jpg.rf.98af346c60ab345f79876d6d5c9d483c.jpg,img_20230512_131011,63675294c6e661197147372e7f6ff9569ac37e77c024f0176827c229ddb85632,0,0,0,0,0
train,1523,aircraft_surface_damage_crack_v2_0001523.jpg,train,IMG_20230512_131011_jpg.rf.a13514b5ee4dd1ab59ca833b4e7609c7.jpg,img_20230512_131011,b3cd92fab4fb9c6f353e63cb9bc1717262c5d44d6165e88ca9423fdbc230c5d3,0,0,0,0,0
train,1524,aircraft_surface_damage_crack_v2_0001524.jpg,train,IMG_20230512_131011_jpg.rf.a71f1286357301ff2b54ddc6d6df5e5d.jpg,img_20230512_131011,30be335921c19f6e12fb3506df517573d38cd0a5e76bfa4561f87dcb3435c1fa,0,0,0,0,0
train,1525,aircraft_surface_damage_crack_v2_0001525.jpg,train,IMG_20230512_131024_jpg.rf.a4b72bd1438f06a44fcc14c9476a0bb3.jpg,img_20230512_131024,b8120d29a11003b38437d92fce5efa498d311d2d6936d1fef13d9a4566a302f8,0,0,0,0,0
train,1526,aircraft_surface_damage_crack_v2_0001526.jpg,train,IMG_20230512_131024_jpg.rf.d02cdf0c5bab98ed5539ba11dfa7eae5.jpg,img_20230512_131024,631b0514048cef744f65c7420c33dc56e0a257d49a9293e1f16b8818edc9cb82,0,0,0,0,0
train,1527,aircraft_surface_damage_crack_v2_0001527.jpg,train,IMG_20230512_131024_jpg.rf.eb28a1cec84123be7be8abe96980e936.jpg,img_20230512_131024,afc295280aa4fdaa6c7d9c17cc2b977d0ed8515e684bd727dd852aac3ccfa540,0,0,0,0,0
train,1528,aircraft_surface_damage_crack_v2_0001528.jpg,train,IMG_20230512_131028_jpg.rf.0ed3ce74f3a55e30afcd4fb6e16962d1.jpg,img_20230512_131028,373134791e05554349690696933eecae6326f35c1f09fd46ee3a8faba621527d,0,0,0,0,0
train,1529,aircraft_surface_damage_crack_v2_0001529.jpg,train,IMG_20230512_131028_jpg.rf.33cbb4d9a06446fd4f036bea044061c5.jpg,img_20230512_131028,c7455eca9531f399d191ad774f9669deec489e5780cd69942efb83a7fde2d8e9,0,0,0,0,0
train,1530,aircraft_surface_damage_crack_v2_0001530.jpg,train,IMG_20230512_131028_jpg.rf.a355e283d8f82d593cf6134db409c98d.jpg,img_20230512_131028,2bdbb8f1b79ccfce25f031bc86216c2afd99e548ed0ba0d041d40f95ba75469f,0,0,0,0,0
train,1531,aircraft_surface_damage_crack_v2_0001531.jpg,train,IMG_20230512_131039_jpg.rf.29f3263f3a51bafe73414da6ffbaef94.jpg,img_20230512_131039,e8b7012d92b9bd39575855e391436395d023dc66a38b08b0881ec6a8635c6c25,0,0,0,0,0
train,1532,aircraft_surface_damage_crack_v2_0001532.jpg,train,IMG_20230512_131039_jpg.rf.9e343b5c295fbe25ef9283be87714319.jpg,img_20230512_131039,c8c9f46b98275eae42425906c6e512d5b12354130e8116d769ec2e9bfa1c8df1,0,0,0,0,0
train,1533,aircraft_surface_damage_crack_v2_0001533.jpg,train,IMG_20230512_131039_jpg.rf.e4bf782f38c32b78af52b6454b7abff5.jpg,img_20230512_131039,df336f1e137d3f0948beb0b9899d0f0d8f96b30281b65ac0d72e7e148992b61f,0,0,0,0,0
train,1534,aircraft_surface_damage_crack_v2_0001534.jpg,train,IMG_20230512_131052_jpg.rf.135df6976c36c6dfc721b42d6c4408f7.jpg,img_20230512_131052,3af04fc055856fa431faea1f66e4384905680916e88160025878f11adb034b00,0,0,0,0,0
train,1535,aircraft_surface_damage_crack_v2_0001535.jpg,train,IMG_20230512_131052_jpg.rf.8499446f5b247affd7f0f156c505e9d7.jpg,img_20230512_131052,11eb5cc6c3d4586e358098ebf080cb48bdb6c6b0b69107a53b962ff018b87be0,0,0,0,0,0
train,1536,aircraft_surface_damage_crack_v2_0001536.jpg,train,IMG_20230512_131052_jpg.rf.8603ac25cd65ffd605afc2be65b78e6c.jpg,img_20230512_131052,91fcf4551b20d6a8c6ac1ddc373c86b5cfcfc012ddce6e0183080f3c5a5a5148,0,0,0,0,0
train,1537,aircraft_surface_damage_crack_v2_0001537.jpg,train,IMG_20230512_131057_jpg.rf.2fe21c65c4cc0a567c73701b5f633895.jpg,img_20230512_131057,d4708139674cec7c62d11512aab210fd2bf53b2ad53045113f637776bdb14f9a,0,0,0,0,0
train,1538,aircraft_surface_damage_crack_v2_0001538.jpg,train,IMG_20230512_131057_jpg.rf.cd262260ba40934d0b1f167c5b5d39da.jpg,img_20230512_131057,dbce675862e77fe424461d98fddbd67d98822eee55b29bc1009892ae1f5d7b1c,0,0,0,0,0
train,1539,aircraft_surface_damage_crack_v2_0001539.jpg,train,IMG_20230512_131057_jpg.rf.e070f55731ec5be96ec9ebf16be9a180.jpg,img_20230512_131057,0673a984509472484224e1cd50b0f6162acf15b9bb38d4c3da5ff53f30e26947,0,0,0,0,0
train,1540,aircraft_surface_damage_crack_v2_0001540.jpg,train,IMG_20230512_131101_jpg.rf.692c61964e18f66191027bee21e8a2bf.jpg,img_20230512_131101,59530b97b4f7afb8e3579c94c5c9dfba13b4f41ca493337fdc366c5fa773a6be,0,0,0,0,0
train,1541,aircraft_surface_damage_crack_v2_0001541.jpg,train,IMG_20230512_131101_jpg.rf.bca7381429faa712bdb923506f7cbece.jpg,img_20230512_131101,cd9215a311ab4847697a5fea079d5ca682716f43149a6ffc9fb227b8b92bb631,0,0,0,0,0
train,1542,aircraft_surface_damage_crack_v2_0001542.jpg,train,IMG_20230512_131101_jpg.rf.cf5783f2d81b2c83440add4a70a74194.jpg,img_20230512_131101,bea7ec0b06b0b28331058389b2ccb41ee51bc2a630a0358e75d72f1563062e20,0,0,0,0,0
train,1543,aircraft_surface_damage_crack_v2_0001543.jpg,train,IMG_20230512_131107_jpg.rf.0c2204b47a0a72305a529e2f08f6424f.jpg,img_20230512_131107,cee40866e1ee2ac641aab806bac6fdc25d3b32abfaa3b28afeb4dbc1060ccc47,0,0,0,0,0
train,1544,aircraft_surface_damage_crack_v2_0001544.jpg,train,IMG_20230512_131107_jpg.rf.397d3a295f6f029b9c4356e65e572e2d.jpg,img_20230512_131107,d97c67ed4d58cb3ff535bf7eaba0462db90d2a8cf3e9fa9f9cc1a0c030212c59,0,0,0,0,0
train,1545,aircraft_surface_damage_crack_v2_0001545.jpg,train,IMG_20230512_131107_jpg.rf.8a1258145a4af17479eca486092c62ac.jpg,img_20230512_131107,05c3d1c9f749f646315e36af072faa3950670a352b317a37b24d6d0dd8a9b4d5,0,0,0,0,0
train,1546,aircraft_surface_damage_crack_v2_0001546.jpg,train,IMG_20230512_131124_jpg.rf.0d312c215f44a2a83deea58032340cb1.jpg,img_20230512_131124,fa3906b174984988e11c49557eb9915593cab3361fd56588426fb6dc6c273834,0,0,0,0,0
train,1547,aircraft_surface_damage_crack_v2_0001547.jpg,train,IMG_20230512_131124_jpg.rf.b89ba4a4446e3b3f5b0b1007ac36ff35.jpg,img_20230512_131124,9662c50975ebdc3e256c6096bf4225a9e5c382b705f16e2d2baee0e01deaed89,0,0,0,0,0
train,1548,aircraft_surface_damage_crack_v2_0001548.jpg,train,IMG_20230512_131124_jpg.rf.c627037e7e57e3c081804eefbc7740e9.jpg,img_20230512_131124,0c23fda16f76d9bd28d19a654e5fd2f21b316b8e6de62861457b13fa94303750,0,0,0,0,0
train,1549,aircraft_surface_damage_crack_v2_0001549.jpg,train,IMG_20230512_131147_jpg.rf.194e24b53dfa6bf8ed7922306ab40928.jpg,img_20230512_131147,dbe49aa5506f72abfe4cf75327bd13d7ab7f91df645684db07a269ad9647ecbf,1,1,0,1,0
train,1550,aircraft_surface_damage_crack_v2_0001550.jpg,train,IMG_20230512_131147_jpg.rf.66aa1157be4bb6d40fb8d7e2fe5de641.jpg,img_20230512_131147,1f2a8d2985420aaadcaaa6a05787a209b510d9e8db41dcaaf5417131e01a92d5,1,1,0,1,0
train,1551,aircraft_surface_damage_crack_v2_0001551.jpg,train,IMG_20230512_131147_jpg.rf.d78a47388e43377db04a3fd50ed1452b.jpg,img_20230512_131147,6243d984dd2fc636977bc92998318beaca0072b710576abb466f9d29138039f8,1,1,0,1,0
train,1552,aircraft_surface_damage_crack_v2_0001552.jpg,train,IMG_20230512_131150_jpg.rf.293c912297f58ad42827adb8c5cf4255.jpg,img_20230512_131150,5657d39ae015ac42f0d4482a40bcb43a5db4c5c0c187e2d0632c4e7d1bce040e,1,1,0,0,1
train,1553,aircraft_surface_damage_crack_v2_0001553.jpg,train,IMG_20230512_131150_jpg.rf.325f993f27da6af49e2f82d829497204.jpg,img_20230512_131150,7e2f000b2d9a929f66e06d6c653832a2d66599ae108c7bf0bf065bc59b438703,1,1,0,1,0
train,1554,aircraft_surface_damage_crack_v2_0001554.jpg,train,IMG_20230512_131150_jpg.rf.e57ce6c5430ef1b903cac8013100269c.jpg,img_20230512_131150,adb2d6f0ffecdbe5dc5606ea6de171295f4f2397f34e333574726ba547832946,1,1,0,1,0
train,1555,aircraft_surface_damage_crack_v2_0001555.jpg,train,IMG_20230512_131151_jpg.rf.ba26bf34b9b510ca49f66898fe8cdf35.jpg,img_20230512_131151,09908a253ae1004753fbf8c2211637390f7ba4661cc9f041794303f97d27d526,1,1,0,0,1
train,1556,aircraft_surface_damage_crack_v2_0001556.jpg,train,IMG_20230512_131151_jpg.rf.bd85359466be127a03e694eb06c0b790.jpg,img_20230512_131151,8f1a0d37f133fb2590de16de8d554260d00ff685028cc6a3c19cdcd21065a2b8,1,1,0,0,1
train,1557,aircraft_surface_damage_crack_v2_0001557.jpg,train,IMG_20230512_131151_jpg.rf.f63c85a2edc84f0e2a83e6099349eba4.jpg,img_20230512_131151,ba9401be8be9a1254de28a73869744c34964e8c9d3aa76e45a43a39923470150,1,1,0,1,0
train,1558,aircraft_surface_damage_crack_v2_0001558.jpg,train,IMG_20230512_131154_jpg.rf.46dbe30cd1d6e55848266c6e06730a2a.jpg,img_20230512_131154,e6780f8afbb5e3911c7949649250c4cccd2ba29f764221ca3c5fd3e997f0b603,1,1,0,0,1
train,1559,aircraft_surface_damage_crack_v2_0001559.jpg,train,IMG_20230512_131154_jpg.rf.8f1c3be4a4a4cf0b399e0f53a7618195.jpg,img_20230512_131154,619320494e0e2a282e308409dd10bad60882747a01a7975e629d2aec4fb2ba34,1,1,0,0,1
train,1560,aircraft_surface_damage_crack_v2_0001560.jpg,train,IMG_20230512_131154_jpg.rf.c4139accc46f41e880e0edc1da78670a.jpg,img_20230512_131154,77ac050026a81400ffac66d5e14004fd02640acfbfb70baddd05b3fc93f9ac21,1,1,0,1,0
train,1561,aircraft_surface_damage_crack_v2_0001561.jpg,train,IMG_20230512_131156_jpg.rf.1e850c5ed63c6bf05b338462b95ee71a.jpg,img_20230512_131156,16253203b03028d3ebc5c702e600ec53a088dc8b27c7324b31d8188caee9465e,1,1,0,1,0
train,1562,aircraft_surface_damage_crack_v2_0001562.jpg,train,IMG_20230512_131156_jpg.rf.54f34ba2e4a6e65ce546de30c25d760e.jpg,img_20230512_131156,f0d9910a243fdfd27a4ef26d49e3572b590ed9b45cc0a093d53270b0c7a4186d,1,1,0,1,0
train,1563,aircraft_surface_damage_crack_v2_0001563.jpg,train,IMG_20230512_131156_jpg.rf.bd97e816f2b584d59cf87fff9787f47a.jpg,img_20230512_131156,fbedfe000dabe7befece48bebbc8e34e598e82d9597e0789cd7debb235761301,1,1,0,1,0
train,1564,aircraft_surface_damage_crack_v2_0001564.jpg,train,IMG_20230512_131159_jpg.rf.8ffcf2efb08285e70236c375af466212.jpg,img_20230512_131159,ced823bc50b83e6e4378c5f33ebce7afef4e1a4fd17963d495e28c4a234147cd,1,1,0,0,1
train,1565,aircraft_surface_damage_crack_v2_0001565.jpg,train,IMG_20230512_131159_jpg.rf.9d8ecfbe5a7bfd0fd4933cea002a7e28.jpg,img_20230512_131159,5d8003605bd128c478e15928ad1d9090ff6e315c653a93c32eba9a6d9ce2594e,1,1,0,1,0
train,1566,aircraft_surface_damage_crack_v2_0001566.jpg,train,IMG_20230512_131159_jpg.rf.d1979e6f99432fb976cf3bc9a3ad5674.jpg,img_20230512_131159,d6cddc6f31b1f8e4d729ab6605254a0f30c388ea416222e1b5f57d5cdd275fc1,1,1,0,1,0
train,1567,aircraft_surface_damage_crack_v2_0001567.jpg,train,IMG_20230512_131215_jpg.rf.3c49ba2d82e248595c6d8e4b95c714f6.jpg,img_20230512_131215,250bee50443b231ada5fa869036bfbedc49441ab15e34da42a94ed5cd8f6c62c,1,1,0,1,0
train,1568,aircraft_surface_damage_crack_v2_0001568.jpg,train,IMG_20230512_131215_jpg.rf.7a1125ec0bb19fa00f9813a24e4388e7.jpg,img_20230512_131215,f4f55832dc2ff4fe0316f37df20f4e923b02f302189a9e59a33c440e49d67a64,1,1,1,0,0
train,1569,aircraft_surface_damage_crack_v2_0001569.jpg,train,IMG_20230512_131215_jpg.rf.9d414277bec07f08e674b18530b2b656.jpg,img_20230512_131215,825f3b8942ff63ae21d4a26ee96a8a9c5815a04d9e5e6bd007ca7cd9fcf8c895,1,1,1,0,0
train,1570,aircraft_surface_damage_crack_v2_0001570.jpg,train,IMG_20230512_131220_jpg.rf.61a52c3b487e570b72320a950295addf.jpg,img_20230512_131220,9a1e311bf338935b978250aa28990228142d69dc29063c29f6b65fc62cb48f1e,1,1,0,1,0
train,1571,aircraft_surface_damage_crack_v2_0001571.jpg,train,IMG_20230512_131220_jpg.rf.8d9316820e76dbccee13aa3e6f99c681.jpg,img_20230512_131220,c871b69a5dae1a3eaf49d888bfb43eb1eec37d03b1f81c16ec4bd37b4288ef45,1,1,0,1,0
train,1572,aircraft_surface_damage_crack_v2_0001572.jpg,train,IMG_20230512_131220_jpg.rf.be15bd643243f36da4b259ec125f856b.jpg,img_20230512_131220,2ae2a27bc87ed0c4a3b0efedac8e1a6b833610e3896588fc34e84e1f89cbbd4b,1,1,0,1,0
train,1573,aircraft_surface_damage_crack_v2_0001573.jpg,train,IMG_20230512_131222_jpg.rf.5dcb1fb6f706fa524c6312ae44f7a3a9.jpg,img_20230512_131222,b17654bbf17b4423dd1afd5d5601d289030dc45cef94433d54b61ca1e94718ac,1,1,0,1,0
train,1574,aircraft_surface_damage_crack_v2_0001574.jpg,train,IMG_20230512_131222_jpg.rf.8c4d768b5764888e4327d91b2554ce66.jpg,img_20230512_131222,8cacb37b1f77d5f7804ec49a3113c7b91bb13f79dc79e7257d70a9523ecbd34d,1,1,0,1,0
train,1575,aircraft_surface_damage_crack_v2_0001575.jpg,train,IMG_20230512_131222_jpg.rf.c9643969f1da397df59db9f049ccc0c7.jpg,img_20230512_131222,129c7aa1d3186138b966fee56ee768c64232768688903f2b96542dab5b931fc9,1,1,1,0,0
train,1576,aircraft_surface_damage_crack_v2_0001576.jpg,train,IMG_20230512_131227_jpg.rf.4fcb31d6d6aff1aeb1f9afb44cf0c1d3.jpg,img_20230512_131227,c3264f98e20ade1ee15356d56c6a264f95f6ba5e4a8018a7f14dfb1b389d5fad,1,1,1,0,0
train,1577,aircraft_surface_damage_crack_v2_0001577.jpg,train,IMG_20230512_131227_jpg.rf.549dae3a43014f6bfbd074777812753a.jpg,img_20230512_131227,6c087f58220fee46539952508572e3da4f20d0a21263ebc1971ac5633aaf6b98,1,1,1,0,0
train,1578,aircraft_surface_damage_crack_v2_0001578.jpg,train,IMG_20230512_131227_jpg.rf.ba30ea1969cf33a9992691ea877bbad1.jpg,img_20230512_131227,d81f58fc460430bd7ec8e143864039f8bb6a6dbb095cfed0a87538cebcdbac5b,1,1,0,1,0
train,1579,aircraft_surface_damage_crack_v2_0001579.jpg,train,IMG_20230512_131245_jpg.rf.2dde38cd481b8f12f7ec4ce1de1384d9.jpg,img_20230512_131245,c5d933ff622edbcbc100fb473ee187bae73533ffa8c65bae6d46d345c1dc1953,1,1,0,1,0
train,1580,aircraft_surface_damage_crack_v2_0001580.jpg,train,IMG_20230512_131245_jpg.rf.839202c784400216b0c4ee9b4e69e672.jpg,img_20230512_131245,c387eb474984bafdf453a8c38e0f7498b80f4b0962d4214de3d8d9735ef7360b,1,1,0,1,0
train,1581,aircraft_surface_damage_crack_v2_0001581.jpg,train,IMG_20230512_131245_jpg.rf.c53b21a1fb0f2e30cf1d0d5b3c4cf349.jpg,img_20230512_131245,7918feaa2cbd60e374e252e8dad5f1a27e6cad7cf59f2251ed8289ec93639055,1,1,0,1,0
train,1582,aircraft_surface_damage_crack_v2_0001582.jpg,train,IMG_20230512_131345_jpg.rf.0b7f3526d9dfd26c08660ea652f87600.jpg,img_20230512_131345,4816d7d82beb5b69220ac79f5f72302914ef0333052c6072c0c36ff68e2c85f9,1,2,0,1,1
train,1583,aircraft_surface_damage_crack_v2_0001583.jpg,train,IMG_20230512_131345_jpg.rf.676b16e81cebd2d0844274d397c06617.jpg,img_20230512_131345,930f7f088d1b60024dc07d578afafa41eea5dbf4774d5350b215c0f0a70cd9d4,1,2,0,1,1
train,1584,aircraft_surface_damage_crack_v2_0001584.jpg,train,IMG_20230512_131345_jpg.rf.aeb8394325e17fa16b2566771814f0f3.jpg,img_20230512_131345,ba76160fa82a8827e7ac90e35ac173955ee894bbf5ed7c8f872b978e93ff74a2,1,2,0,1,1
train,1585,aircraft_surface_damage_crack_v2_0001585.jpg,train,IMG_20230512_131352_jpg.rf.1b06f19cf24c221531f0f3a7d7f4990e.jpg,img_20230512_131352,c5093787e410e96aa057bb9e79ef5f317612f1496018ca5a9cc9b1e98faa469a,1,2,1,0,1
train,1586,aircraft_surface_damage_crack_v2_0001586.jpg,train,IMG_20230512_131352_jpg.rf.48bab3a462931312e0c8e4e0a7506eff.jpg,img_20230512_131352,99af70315798d6b164e83c540e49b1cf1df60008b0af2b1d6f629d8a0f908328,1,2,1,1,0
train,1587,aircraft_surface_damage_crack_v2_0001587.jpg,train,IMG_20230512_131352_jpg.rf.d12904de92b9d615e086fb81fb0993b1.jpg,img_20230512_131352,d6a485beb65dd2464287c462cd6c1798d82d06fc2aab0f8cca9c0de4a3686563,1,2,1,0,1
train,1588,aircraft_surface_damage_crack_v2_0001588.jpg,train,IMG_20230512_131356_jpg.rf.9e15aa4fa1132ecf76dcdb4d12d79ac2.jpg,img_20230512_131356,24f17b971f7ffcf674e00663b8cc6e5d9fea5305fcdb10466a29e20eb068cc83,1,2,1,0,1
train,1589,aircraft_surface_damage_crack_v2_0001589.jpg,train,IMG_20230512_131356_jpg.rf.b3eb2b7415f06da7f24c3a00be5403c6.jpg,img_20230512_131356,f32871f7f318b6922aad66bbcc1880c5bd48fa5156798709705592d4703ed022,1,2,1,0,1
train,1590,aircraft_surface_damage_crack_v2_0001590.jpg,train,IMG_20230512_131356_jpg.rf.c312b16aad5d4ad0212c066701f8b0c4.jpg,img_20230512_131356,68cb600ddaf060cfa4fcf6a6368d73f8ab82689a515148a0a1c292866468bfd3,1,2,0,1,1
train,1591,aircraft_surface_damage_crack_v2_0001591.jpg,train,IMG_20230512_131400_jpg.rf.91bfda007b7cd0f474c69faf68644ff9.jpg,img_20230512_131400,7b1a7c1a961fa5ead362c0d43cfdfe286cc350d6c40c17826a0fa3bbe6d93976,1,2,0,1,1
train,1592,aircraft_surface_damage_crack_v2_0001592.jpg,train,IMG_20230512_131400_jpg.rf.97d8c54b982d374daf9c4cfd0f3dba4b.jpg,img_20230512_131400,49e135ed1f58b4a2a6ea5dad90b0e2d7723f7648960667b6d2b95c095f14dee8,1,2,1,1,0
train,1593,aircraft_surface_damage_crack_v2_0001593.jpg,train,IMG_20230512_131400_jpg.rf.d52ff7bf1cf9ae8cb22f5624f083d896.jpg,img_20230512_131400,08042f2baced97f28dd2d441f4908770e2f09469b8207d058c224ec064b031ea,1,2,0,1,1
train,1594,aircraft_surface_damage_crack_v2_0001594.jpg,train,IMG_20230512_131405_jpg.rf.37b19932bc42146adf5f3c13d9ae09c2.jpg,img_20230512_131405,d8517b9cb040a5bab09f55a85bee6e96bcd8a93034e2715cff2c931da62b006a,1,2,1,1,0
train,1595,aircraft_surface_damage_crack_v2_0001595.jpg,train,IMG_20230512_131405_jpg.rf.5713faea95ad14d961291f674547035b.jpg,img_20230512_131405,e84b26fa3bce37a52f18dc6868935b740229343acf3aea9433b3155abc005dce,1,2,1,1,0
train,1596,aircraft_surface_damage_crack_v2_0001596.jpg,train,IMG_20230512_131405_jpg.rf.5c6e19bd78dcb73dfe9f605b632b19f9.jpg,img_20230512_131405,2b2c59994db05f99aa745aa23e813d428dfc815bfc2b7f2481e202df0b7c6d95,1,2,1,1,0
train,1597,aircraft_surface_damage_crack_v2_0001597.jpg,train,IMG_20230512_131417_jpg.rf.43ee09fc7990ca891cc7c4ff9709d80b.jpg,img_20230512_131417,20f6e86cd65e9028721f0228f83818bd2d588327b55610620461f4e208a4e45f,1,2,1,0,1
train,1598,aircraft_surface_damage_crack_v2_0001598.jpg,train,IMG_20230512_131417_jpg.rf.6dde69419471ff4e50cfa3c4c8e9c5b7.jpg,img_20230512_131417,5e04acd7ea1257272f807d8a8ab33369aa687f4c446332c478bbd4c9e50381bb,1,2,1,1,0
train,1599,aircraft_surface_damage_crack_v2_0001599.jpg,train,IMG_20230512_131417_jpg.rf.8fae5c61c2243b2b9c47425ce0a704eb.jpg,img_20230512_131417,ad78bab9d9fbcbba698889b56557f0ad9297321f7b0816035c323f949a7e52dd,1,2,1,1,0
train,1600,aircraft_surface_damage_crack_v2_0001600.jpg,train,IMG_20230512_131421_jpg.rf.534a25c2a44c5568879442c413a9acd0.jpg,img_20230512_131421,23b80c9a7ff97b7246756df7d819e3328997e73893fc2ea08dde923852b4517a,1,2,1,1,0
train,1601,aircraft_surface_damage_crack_v2_0001601.jpg,train,IMG_20230512_131421_jpg.rf.792261c2ea95dbd88f3a5bbe153d0d4c.jpg,img_20230512_131421,718a16eafc78a090dffd73791e20b113cfa9f1a067611071b4f9fb202e958cb7,1,2,1,1,0
train,1602,aircraft_surface_damage_crack_v2_0001602.jpg,train,IMG_20230512_131421_jpg.rf.9fd457addfdfc49a4acd5da0f9c7d599.jpg,img_20230512_131421,49216814c443129f3ed08d49aaa3d73a46f49051b30faa073b451b0b02d98815,1,2,1,0,1
train,1603,aircraft_surface_damage_crack_v2_0001603.jpg,train,IMG_20230512_131445_jpg.rf.20a95f7891a1e3d8c45c84856c1dffcd.jpg,img_20230512_131445,a0916f7398773b0877fb284a7f2346b8826a0a855c72c5af874502d6e5330f48,1,3,2,1,0
train,1604,aircraft_surface_damage_crack_v2_0001604.jpg,train,IMG_20230512_131445_jpg.rf.2e4e04da15fc8337c817eb60cdc36538.jpg,img_20230512_131445,984840ddf7410ac84afc44b340f5c68d91f2b86394f93d2b3936522bc96229eb,1,3,2,1,0
train,1605,aircraft_surface_damage_crack_v2_0001605.jpg,train,IMG_20230512_131445_jpg.rf.86eb7c6419ab3c8663a6c2aa0a85b9ca.jpg,img_20230512_131445,fd8f1f8dc3cd61c0cf1ccd555316a5cb9454ce7a6b165d5470345a765ac0069d,1,3,2,1,0
train,1606,aircraft_surface_damage_crack_v2_0001606.jpg,train,IMG_20230512_131448_jpg.rf.403cc9646f79ed4006f41a0bd1a49d2d.jpg,img_20230512_131448,4c6955e768115480a646d89033b8cfba39eb940643591d00f25d08d6f799c8e9,1,3,2,1,0
train,1607,aircraft_surface_damage_crack_v2_0001607.jpg,train,IMG_20230512_131448_jpg.rf.ca22a85f5bd8bb4b5a93f844eed4bfe1.jpg,img_20230512_131448,c461a5580304361e7547a7d400665087ae52e4e726dc4b45c8452d669ef19e59,1,3,2,1,0
train,1608,aircraft_surface_damage_crack_v2_0001608.jpg,train,IMG_20230512_131448_jpg.rf.fb00f5496852671c9f2e393e3b393a90.jpg,img_20230512_131448,11a3a8d32c20edb0308e30b3a4e36c675adf81f3f837f372f54cc4f862e6380d,1,3,2,1,0
train,1609,aircraft_surface_damage_crack_v2_0001609.jpg,train,IMG_20230512_131452_jpg.rf.4be82333cd07447d3c75ad112f58c901.jpg,img_20230512_131452,c299841ea1e2f7efc5a5cd8af35bac57e3f0f16a1cf2c9df1b1d79455bd4b77a,1,2,0,1,1
train,1610,aircraft_surface_damage_crack_v2_0001610.jpg,train,IMG_20230512_131452_jpg.rf.b378225347d5a92743561f6bb6967c65.jpg,img_20230512_131452,d13c257f0367284f1dd06c27cd5b2ad75b9fe0dabd9e01ddbdd3e61e8289b76d,1,2,1,1,0
train,1611,aircraft_surface_damage_crack_v2_0001611.jpg,train,IMG_20230512_131452_jpg.rf.ea945b164cfb336d8708b6cc106e838f.jpg,img_20230512_131452,bad009d100011e2b06e853872f984e1f854c17435fab1650dbaf54381e4b7796,1,2,0,1,1
train,1612,aircraft_surface_damage_crack_v2_0001612.jpg,train,IMG_20230512_131458_jpg.rf.16358c1f5aae35ecb8ac0413623fd864.jpg,img_20230512_131458,15703d82ece9b87e52d93c0ff92ce7b9e0b53792f85b98f70ddccf67c12fcec8,1,2,0,1,1
train,1613,aircraft_surface_damage_crack_v2_0001613.jpg,train,IMG_20230512_131458_jpg.rf.70e04e31f72aa180ef84c4e9fe91d9c4.jpg,img_20230512_131458,8400de9a28fdceffb63482fb15f94415e951934018c48f05a77b8e2c5a4dcfce,1,2,0,1,1
train,1614,aircraft_surface_damage_crack_v2_0001614.jpg,train,IMG_20230512_131458_jpg.rf.e9b5279a7d2ef05b8449657dee688ea3.jpg,img_20230512_131458,258bb5a7ecc7695e1e1e5062764da1cdc49a22285b038fc0486a4196cc8ea84d,1,2,0,1,1
train,1615,aircraft_surface_damage_crack_v2_0001615.jpg,train,IMG_20230512_131503_jpg.rf.6c34490f0d356dd9ea06900b099c2b37.jpg,img_20230512_131503,7c9dad7226a68d1b87188ba03b9ada5f808bb503803a6fdd078ba3c643ce2457,1,2,0,1,1
train,1616,aircraft_surface_damage_crack_v2_0001616.jpg,train,IMG_20230512_131503_jpg.rf.e0548696a0a1dce04c03ff095d4f0176.jpg,img_20230512_131503,a32ba187e5344117f5e892ea4c9f1d728ef26dc9307a87d47838872e5b0dbc00,1,2,0,1,1
train,1617,aircraft_surface_damage_crack_v2_0001617.jpg,train,IMG_20230512_131503_jpg.rf.e6b5a7508e463aec81c232ae7f5052f8.jpg,img_20230512_131503,65c08c4d211a50d419abb2e71759b95dafa9bbb7e3539ea669f07fc08682f81a,1,2,0,1,1
train,1618,aircraft_surface_damage_crack_v2_0001618.jpg,train,IMG_20230512_131506_jpg.rf.2fbd7893ad0891de6fa767ff18548039.jpg,img_20230512_131506,96382e232f3345a38631a8bca7b10ed4fbdb70587f71faa2f17400019da4ed39,1,2,0,1,1
train,1619,aircraft_surface_damage_crack_v2_0001619.jpg,train,IMG_20230512_131506_jpg.rf.bff63e95e189ed76081cb39897cdc5ae.jpg,img_20230512_131506,8b183f178d066cd387317056bad95727463963e4a00feed70030f88a678ad6b1,1,2,0,1,1
train,1620,aircraft_surface_damage_crack_v2_0001620.jpg,train,IMG_20230512_131506_jpg.rf.c721d4766f34b8f98792827754f9b469.jpg,img_20230512_131506,ab44332051f946781a7d68b6adf2bca7580ebf66f5048a42b2f6574074e80a9b,1,2,0,1,1
train,1621,aircraft_surface_damage_crack_v2_0001621.jpg,train,IMG_20230512_131510_jpg.rf.1140263d253d1cade40d9bd9229fc8ac.jpg,img_20230512_131510,602f4628a0ae22851e83b349135e2e658b72e541b6f20178f5b05d517c2836b0,1,2,0,1,1
train,1622,aircraft_surface_damage_crack_v2_0001622.jpg,train,IMG_20230512_131510_jpg.rf.447749432de2b2a0806c3864f10c22d7.jpg,img_20230512_131510,b80c8bf863f64c5078f83e4cad9e924390babfb2e79dbf2e67fed1b48612cb2f,1,2,0,1,1
train,1623,aircraft_surface_damage_crack_v2_0001623.jpg,train,IMG_20230512_131510_jpg.rf.be603ab8dea9aa99ad690fd0396da4a3.jpg,img_20230512_131510,b72fdb2eeaac95fb5a7d23ed6218a6916115f8ad9c5c3ce8020efeba33ec78cf,1,2,0,0,2
train,1624,aircraft_surface_damage_crack_v2_0001624.jpg,train,IMG_20230512_131518_jpg.rf.2ca169f4ae95e358d8171a599b5ba5b5.jpg,img_20230512_131518,76cfaa91042266eb85da4824876135636c0275ba6728c9e578e81c4bcebb4f48,1,2,0,1,1
train,1625,aircraft_surface_damage_crack_v2_0001625.jpg,train,IMG_20230512_131518_jpg.rf.423a52905cbeb6832f2aa89a3f7a4438.jpg,img_20230512_131518,95d8d8cd06080e77475f61ba78aad89f54b96127e61957bcbf2a5e9f808d9773,1,2,1,0,1
train,1626,aircraft_surface_damage_crack_v2_0001626.jpg,train,IMG_20230512_131518_jpg.rf.6c0d650cf1e28d1cd3acefd4d88eab87.jpg,img_20230512_131518,94aec653a79f93d629448cd9f82bf4a09e7e82560ef8fa661c582673301f624a,1,2,0,1,1
train,1627,aircraft_surface_damage_crack_v2_0001627.jpg,train,IMG_20230512_131522_jpg.rf.7151a143d1f637c956b94659b098ab9b.jpg,img_20230512_131522,e59fce5523de8bc899a85618711b44bd07eeb95c08479396a2919002d7ac6fc8,1,3,2,1,0
train,1628,aircraft_surface_damage_crack_v2_0001628.jpg,train,IMG_20230512_131522_jpg.rf.79031ff6b4a9a80548c121d3d69f7246.jpg,img_20230512_131522,6301df0f175b2dd02904e2bc791af53e6003d9e5c828bf73b1cbd2df6d08f229,1,3,2,1,0
train,1629,aircraft_surface_damage_crack_v2_0001629.jpg,train,IMG_20230512_131522_jpg.rf.9af66d5c83511ffcd99d05da3d7e5dd3.jpg,img_20230512_131522,9163ab4ffcfb2cbfac322eb30ab52d8bbd4dd7e401f7e507ccf4b806754b743b,1,3,2,1,0
train,1630,aircraft_surface_damage_crack_v2_0001630.jpg,train,IMG_20230512_131524_jpg.rf.0568729ff004f4175ffb70862843dc8e.jpg,img_20230512_131524,15822913bce115831ca8529ac1e193f75b6f2c76659e7bab706573d5f961c960,1,3,2,0,1
train,1631,aircraft_surface_damage_crack_v2_0001631.jpg,train,IMG_20230512_131524_jpg.rf.d99b03b656bba1376534c330ddaeb2e8.jpg,img_20230512_131524,dee55462d84fa5c6f161e8c42418fad4b6389ff6433075855e9922eab47ab814,1,3,2,0,1
train,1632,aircraft_surface_damage_crack_v2_0001632.jpg,train,IMG_20230512_131524_jpg.rf.f17a142912647a8af3eb2549f6ce0542.jpg,img_20230512_131524,9207135a73176112461f6eb15bfa3ad0a6528c374909e382ceb9a4547e8af09d,1,3,2,1,0
train,1633,aircraft_surface_damage_crack_v2_0001633.jpg,train,IMG_20230513_095015_jpg.rf.434b2213aa5957e1e2bbe8cae78f7246.jpg,img_20230513_095015,38d16883502adf214f99635ccad71cf890240c1432bd2bb064508394f96341ce,1,1,1,0,0
train,1634,aircraft_surface_damage_crack_v2_0001634.jpg,train,IMG_20230513_095015_jpg.rf.a0b03056c410ae8a7a9723ee0fc52af6.jpg,img_20230513_095015,cc92e7d8286f04e50c2df9d6de603a3ffa802c0e18f2da4f6f6fd81919700184,1,1,0,1,0
train,1635,aircraft_surface_damage_crack_v2_0001635.jpg,train,IMG_20230513_095015_jpg.rf.dc1ed8fe01558d3a8cbad6d79ea1dbc4.jpg,img_20230513_095015,1c336f4e7e2b6b779e891cadf674f998b285fca112577c59468cd6af78873c9a,1,1,1,0,0
train,1636,aircraft_surface_damage_crack_v2_0001636.jpg,train,IMG_20230513_095020_jpg.rf.20fd6d28fc8ad72b33cdff0bd220ecbe.jpg,img_20230513_095020,8006a41c698e94b6e0ee9f885f85f032a4e31ff652101b1040c9039350e0a64e,1,1,1,0,0
train,1637,aircraft_surface_damage_crack_v2_0001637.jpg,train,IMG_20230513_095020_jpg.rf.293b4afd1fa3e25586ead6fc5a92c7a5.jpg,img_20230513_095020,845b0ca400cdd7d9e60d77443a0840617df05a0c33b242100f90444a7e27f32f,1,1,0,1,0
train,1638,aircraft_surface_damage_crack_v2_0001638.jpg,train,IMG_20230513_095020_jpg.rf.769cb3036603ab3a9aa296e9d2255aac.jpg,img_20230513_095020,6edf11a08817da4580a69cd9da7a58afa0f19aab8998423c77ef9f71bd9ed699,1,1,1,0,0
train,1639,aircraft_surface_damage_crack_v2_0001639.jpg,train,IMG_20230513_095026_jpg.rf.05b4a678cdc467269efbbb4785f3f746.jpg,img_20230513_095026,62d788fa47f4100c0387ba5bc652f8ffc3116946c8fa610b3635314798c34787,1,1,0,1,0
train,1640,aircraft_surface_damage_crack_v2_0001640.jpg,train,IMG_20230513_095026_jpg.rf.6c28eb3bab6f4eaf6bcbace53c285afb.jpg,img_20230513_095026,3a7f0aa87890545f88e41feb0d4dacddf25dafa3a4338049949c82e75a527cf1,1,1,0,1,0
train,1641,aircraft_surface_damage_crack_v2_0001641.jpg,train,IMG_20230513_095026_jpg.rf.dd8f1d7e0b6a5baaedb28f3b63813ffb.jpg,img_20230513_095026,3de6a64b48ad563562ff4a1ad2dbe459a8a5302ad1e56c9fe201a25b8d9911d5,1,1,0,1,0
train,1642,aircraft_surface_damage_crack_v2_0001642.jpg,train,IMG_20230513_095031_jpg.rf.36e614a98a21117d1d3b4f370065f2f4.jpg,img_20230513_095031,30978591877698ae76c989fe216b425076174886f20feac839cebe010cf289b4,1,1,1,0,0
train,1643,aircraft_surface_damage_crack_v2_0001643.jpg,train,IMG_20230513_095031_jpg.rf.5be5e4654bc2d4c36babb08ed66ebd6c.jpg,img_20230513_095031,eaddfbaecd88a7b3ea08ec57a70fcc044f2c24a7fb142edd7ff07a09e2911cd5,1,1,0,1,0
train,1644,aircraft_surface_damage_crack_v2_0001644.jpg,train,IMG_20230513_095031_jpg.rf.cde55e4dfe9ea20221f11a48d1fcf066.jpg,img_20230513_095031,d34c093e848c0fa90b35a813d199069ee045ef51e6ba4a37194423d95a25c413,1,1,0,1,0
train,1645,aircraft_surface_damage_crack_v2_0001645.jpg,train,IMG_20230513_095203_jpg.rf.2defb25c388a86521671fc6db6b68637.jpg,img_20230513_095203,d73fbce3929ebe340729ca3b6ffe4f893a35ab843a30d2085baff80ea4e883ce,1,1,0,0,1
train,1646,aircraft_surface_damage_crack_v2_0001646.jpg,train,IMG_20230513_095203_jpg.rf.6d68599c2df2e6fbc84e9edfb3d1f546.jpg,img_20230513_095203,d0715513b1a0e15b2ab8b16256f2870bd7dac6bee2f942b9a51e077a220d0484,1,1,0,0,1
train,1647,aircraft_surface_damage_crack_v2_0001647.jpg,train,IMG_20230513_095203_jpg.rf.c873b4aae3922627ef788921e87c6608.jpg,img_20230513_095203,1b2377b9321078742cecc65c26123190e4bc5bb1a78d92531599ab76da619d02,1,1,0,0,1
train,1648,aircraft_surface_damage_crack_v2_0001648.jpg,train,IMG_20230513_095213_jpg.rf.101aaa4412ab7bef702c024e7b9e85ac.jpg,img_20230513_095213,757d9aa2e8014dbccd74be7376845a973e3f5aec8f2674a721b33debd05a92f6,1,1,0,0,1
train,1649,aircraft_surface_damage_crack_v2_0001649.jpg,train,IMG_20230513_095213_jpg.rf.affe243f251b9c3d150bf7a28e8dc183.jpg,img_20230513_095213,37be465c0a3cc7a201215ea4f336626431815f06c4a01a38f28e02379c187af2,1,1,0,0,1
train,1650,aircraft_surface_damage_crack_v2_0001650.jpg,train,IMG_20230513_095213_jpg.rf.e8445b6356071d4fb1d5bc710a21145e.jpg,img_20230513_095213,cba243f57f7e3e84201e765df31a0a4d1e61da7e095c6ca0982aba5b25a5ef1b,1,1,0,0,1
train,1651,aircraft_surface_damage_crack_v2_0001651.jpg,train,IMG_20230513_095218_jpg.rf.5a09932fdaf237ced5af8b4e294c5459.jpg,img_20230513_095218,7750c19eb8213b39aa162cacdb1945825ee55c1d6a5251486b4a7eda72bdf5cd,1,1,0,0,1
train,1652,aircraft_surface_damage_crack_v2_0001652.jpg,train,IMG_20230513_095218_jpg.rf.dea33edfde40a9ec7cc663039dc3278b.jpg,img_20230513_095218,c6c0dd69055bf03bde8935a363e51883efdfd3e26a4d0112ccb73635807bf1f8,1,1,0,0,1
train,1653,aircraft_surface_damage_crack_v2_0001653.jpg,train,IMG_20230513_095218_jpg.rf.e5e37c82003d77a424c91a96bce5986a.jpg,img_20230513_095218,b45b227abbf649d83d44be5cc730540b253fbdea51c99c6396bd9526f68dfac4,1,1,0,0,1
train,1654,aircraft_surface_damage_crack_v2_0001654.jpg,train,IMG_20230513_095223_jpg.rf.8bd7525f55ca39fb5e0e237cdaba0b88.jpg,img_20230513_095223,175c9f7931dd0982a9e30e5b310e723cc86cc36c348ea671821b6bba530148e6,1,1,0,0,1
train,1655,aircraft_surface_damage_crack_v2_0001655.jpg,train,IMG_20230513_095223_jpg.rf.9b84a6ca82c7ccded20fb2768e09cd86.jpg,img_20230513_095223,3bdf6fb32f5078fa8bcc7f9970c72cbbebde910ce8ca0ee82e20966b787b44a1,1,1,0,0,1
train,1656,aircraft_surface_damage_crack_v2_0001656.jpg,train,IMG_20230513_095223_jpg.rf.d88cc70181be07e6864ed58424eeb578.jpg,img_20230513_095223,6063713d3893ee96ccfadc9fd9d6ed8b58408056b86ab3c0ebc1874c0688aa14,1,1,0,0,1
train,1657,aircraft_surface_damage_crack_v2_0001657.jpg,train,IMG_20230513_095226_jpg.rf.2d57af68397907b0cf95c201801e53ba.jpg,img_20230513_095226,5a963773835c7be7b2c83aa585d5c472640c0112044562316d401b64ca40c4d8,1,1,0,1,0
train,1658,aircraft_surface_damage_crack_v2_0001658.jpg,train,IMG_20230513_095226_jpg.rf.4ab11ab62bd61ebbd19a21f4c7aa03c5.jpg,img_20230513_095226,147e6089659272ab11a33b6767d8b08eaa749aa38937f6794168716f5acdff67,1,1,0,1,0
train,1659,aircraft_surface_damage_crack_v2_0001659.jpg,train,IMG_20230513_095226_jpg.rf.bcf6c39912224bc677035b205d4bee68.jpg,img_20230513_095226,5fa4ffd732a9a1e645933d73cc0dca72527fd09896df841fbb0abfff2525380a,1,1,0,0,1
train,1660,aircraft_surface_damage_crack_v2_0001660.jpg,train,IMG_20230513_095312_jpg.rf.3f53b2ae112373fdb5ea433343b0a7a8.jpg,img_20230513_095312,a0b0844ccb9938e5e93a80b6e8d85cc8d23b5b4a8555114bf157172a265edc20,1,1,0,1,0
train,1661,aircraft_surface_damage_crack_v2_0001661.jpg,train,IMG_20230513_095312_jpg.rf.da9cdb999cbaa88c8270d29a55b87d42.jpg,img_20230513_095312,0aa459e3ddff41cb8ce958ef72de5664f98367419477fd2069675bcca2153162,1,1,0,1,0
train,1662,aircraft_surface_damage_crack_v2_0001662.jpg,train,IMG_20230513_095312_jpg.rf.db7f71564a887dc8632f6ad8ae8c90c7.jpg,img_20230513_095312,a6dfbe87500b7cd6b19a7f179fb2ca8f4ba9f57bd48bcc41ae00b9da4f8f5588,1,1,1,0,0
train,1663,aircraft_surface_damage_crack_v2_0001663.jpg,train,IMG_20230513_095315_jpg.rf.7070d318f8738ccfec3cc6412054fa06.jpg,img_20230513_095315,c45d949ced1f5f669a811c5f7e980a41d920cb7da25e28838651a1d0d8261a00,1,1,1,0,0
train,1664,aircraft_surface_damage_crack_v2_0001664.jpg,train,IMG_20230513_095315_jpg.rf.72f184935e434456aa08ff246c31fc51.jpg,img_20230513_095315,c73e0353466af6ef8e9dc0e8c802ef1f36cb30248eeb147ff5b0c1c4e50f30bf,1,1,1,0,0
train,1665,aircraft_surface_damage_crack_v2_0001665.jpg,train,IMG_20230513_095315_jpg.rf.f7bddb192fe3a66329a3c65771e540a2.jpg,img_20230513_095315,b777401067bb9c42cdcfbe31156ca3a4cc2b6bdbe83827d263a0062d4d19c3a0,1,1,1,0,0
train,1666,aircraft_surface_damage_crack_v2_0001666.jpg,train,IMG_20230513_095319_jpg.rf.447cb3baac3bdedd938fed7b19267916.jpg,img_20230513_095319,a793f5b9e930f046c69366e87f4878468c6394cd316f4527b125f0c16576ba27,1,1,1,0,0
train,1667,aircraft_surface_damage_crack_v2_0001667.jpg,train,IMG_20230513_095319_jpg.rf.c900131db5880bcc5f442ae13960146b.jpg,img_20230513_095319,7c5f0ae6769936eed6ab8dded2dde80b4b7331aacce3a5f98d130f6d8508bec4,1,1,1,0,0
train,1668,aircraft_surface_damage_crack_v2_0001668.jpg,train,IMG_20230513_095319_jpg.rf.de6854cecfe0a38e51482e9a6a2320d3.jpg,img_20230513_095319,eb6d6e610b8da5fc3e7ab3d0334f1cc49be6008e63bddcd9a5e32f813787d55f,1,1,1,0,0
train,1669,aircraft_surface_damage_crack_v2_0001669.jpg,train,IMG_20230513_095324_jpg.rf.21915b1e9ed0a9addbabdbc9895d2159.jpg,img_20230513_095324,4b8b9ae98ee549571fa2cf289c42cff04db7a86114b220711be6e9f727976496,1,1,1,0,0
train,1670,aircraft_surface_damage_crack_v2_0001670.jpg,train,IMG_20230513_095324_jpg.rf.252dbe16d63852ff15cfcfdffab80b53.jpg,img_20230513_095324,f93869b6512313d7dfa4d64f1177052fac4f25e7ba059d70d631fd0c1ad365ef,1,1,1,0,0
train,1671,aircraft_surface_damage_crack_v2_0001671.jpg,train,IMG_20230513_095324_jpg.rf.d093dea48b9a128a06e8dbbfde489383.jpg,img_20230513_095324,fae51b52866ea9d7572e419b9a5b01f7bcd170d0eee7911c85e4f0db16aff03c,1,1,1,0,0
train,1672,aircraft_surface_damage_crack_v2_0001672.jpg,train,IMG_20230513_095329_jpg.rf.338105121a18fa77b73f38ae0103c1f4.jpg,img_20230513_095329,d5c85431c26faaf5e8b67991c7788d63757ba500a0c6d1a2e54d1bff9ba898a5,1,1,1,0,0
train,1673,aircraft_surface_damage_crack_v2_0001673.jpg,train,IMG_20230513_095329_jpg.rf.89cbd35fe289310e248fddf05b8c4352.jpg,img_20230513_095329,f08a496b17bc128585701f2a9972cd67864ddec2dd004699e2173f3a2033167a,1,1,1,0,0
train,1674,aircraft_surface_damage_crack_v2_0001674.jpg,train,IMG_20230513_095329_jpg.rf.9e7b65400c700962dafde5a1237a5e50.jpg,img_20230513_095329,468c28306b3ee10fe483dd85da3adfd8b9d0fddda2bfda8f2013692a101989cf,1,1,1,0,0
train,1675,aircraft_surface_damage_crack_v2_0001675.jpg,train,IMG_20230513_095344_jpg.rf.bbaa016b7fc501e6a3ff673f02dcb6f6.jpg,img_20230513_095344,d17140ad0dc0762cb155c0fc2d504f0a78e09131e42b07bcd26856e84012841a,0,0,0,0,0
train,1676,aircraft_surface_damage_crack_v2_0001676.jpg,train,IMG_20230513_095344_jpg.rf.e6a0c72dccfe63870d152b73f7409846.jpg,img_20230513_095344,b88f19857f9aa51f79a115058962c4d286113210c31fa124d161b1a35c18bac9,0,0,0,0,0
train,1677,aircraft_surface_damage_crack_v2_0001677.jpg,train,IMG_20230513_095344_jpg.rf.fd40a18cf3e25c15684ad1f504c2490d.jpg,img_20230513_095344,45b696af28de15fd20be9c36c7319a4e2f74878a5e42632291f64b1d170515e0,0,0,0,0,0
train,1678,aircraft_surface_damage_crack_v2_0001678.jpg,train,IMG_20230513_095402_jpg.rf.102f2ef9f34bd156bf5801f1f8ed95e8.jpg,img_20230513_095402,1a89cd37e4410fac6023a35b8d92e206b6422adaa5994fc2516167170066e63d,0,0,0,0,0
train,1679,aircraft_surface_damage_crack_v2_0001679.jpg,train,IMG_20230513_095402_jpg.rf.21eb895c4be2950c58056edb9eeaf6bb.jpg,img_20230513_095402,696b51c46ecd5b41aea79e5d17f8bfa088f8d5ed94c17ab43fcd68745682924a,0,0,0,0,0
train,1680,aircraft_surface_damage_crack_v2_0001680.jpg,train,IMG_20230513_095402_jpg.rf.7dc068e230aabdf62c5af01706591266.jpg,img_20230513_095402,e3e9ba7cddb02cc1d91c17a9a4e24fe25690b63f67c4ac55f908e1d3c15a76fa,0,0,0,0,0
train,1681,aircraft_surface_damage_crack_v2_0001681.jpg,train,IMG_20230513_095404_jpg.rf.57d1ecdcdf01f41b8943041b345b82dc.jpg,img_20230513_095404,899529e1605df4ee7601d699651fc3fca4d1ff3f1ae59706a06b82bfd9eb49ac,0,0,0,0,0
train,1682,aircraft_surface_damage_crack_v2_0001682.jpg,train,IMG_20230513_095404_jpg.rf.b7076aef6438b386013d4e7199fe0f7e.jpg,img_20230513_095404,969ea7e13f884da864e6905e1cc5ac8f2502215eaacf4d053ec9efaf2cd82204,0,0,0,0,0
train,1683,aircraft_surface_damage_crack_v2_0001683.jpg,train,IMG_20230513_095404_jpg.rf.cf3ddb6daf0d8b51c865de71315940f5.jpg,img_20230513_095404,6990d8fbc78d01a00e98ffb0dc48b5d6f65d5d78b57f4232cb76a2ab8f7de603,0,0,0,0,0
train,1684,aircraft_surface_damage_crack_v2_0001684.jpg,train,IMG_20230513_095407_jpg.rf.18deec219fe07c9b406e765a41c5c279.jpg,img_20230513_095407,2ddcc45cf68f181b5b0dc7791da62f5720e86b5e8bb85958be3d38da598cebb3,0,0,0,0,0
train,1685,aircraft_surface_damage_crack_v2_0001685.jpg,train,IMG_20230513_095407_jpg.rf.1c7c6faf81bfc0d5ae092800b4fc8d72.jpg,img_20230513_095407,7b9c80d0a8d628a6f5e4d56bd6ed10d2192f3c9e048d1bf7e04ecd87ad2c83c3,0,0,0,0,0
train,1686,aircraft_surface_damage_crack_v2_0001686.jpg,train,IMG_20230513_095407_jpg.rf.c04ee3abd0fc4d41f6fb6ae9d5ccd27d.jpg,img_20230513_095407,891d9e9a5e862a9a3d20a5421feefd31688e9ec3c1b76b9cdca82669a2f10f59,0,0,0,0,0
train,1687,aircraft_surface_damage_crack_v2_0001687.jpg,train,IMG_20230513_095411_jpg.rf.3db3526955c9553f0fce8ff6a6a6d8b1.jpg,img_20230513_095411,70ee24c848f208b1d614e4ef48210bdc5b529012b5694a6b1d343d3a73b4e76c,0,0,0,0,0
train,1688,aircraft_surface_damage_crack_v2_0001688.jpg,train,IMG_20230513_095411_jpg.rf.3db959bbac5a8a4f6968652f9a379fa8.jpg,img_20230513_095411,b1dfd0f8c7cf222e5bb21e181520f0db209003999a9d016172a6478f8dc480df,0,0,0,0,0
train,1689,aircraft_surface_damage_crack_v2_0001689.jpg,train,IMG_20230513_095411_jpg.rf.ec5fb877216fe570dd1de51ab7e7816e.jpg,img_20230513_095411,2d9fed328ed7b1dafa8ce93182da4b5c94eacd8a55fb2b455a254b789efa95da,0,0,0,0,0
train,1690,aircraft_surface_damage_crack_v2_0001690.jpg,train,IMG_20230513_095414_jpg.rf.5b3ba6208df6a676871ca7ee2e890e7d.jpg,img_20230513_095414,5b7eb6f5e7f249290dc663486c538419750afc780f56123b94f3f1b89f4449d6,0,0,0,0,0
train,1691,aircraft_surface_damage_crack_v2_0001691.jpg,train,IMG_20230513_095414_jpg.rf.7918f38d0655d560e388a469aa9c03b5.jpg,img_20230513_095414,4a99f36edd56961d3b819932d9ec100c57701dca60033562a2bb49e46c63f3af,0,0,0,0,0
train,1692,aircraft_surface_damage_crack_v2_0001692.jpg,train,IMG_20230513_095414_jpg.rf.c367f904219a2c94387bdcb5f56d25df.jpg,img_20230513_095414,df45a5da34b51a01dd2275d9c99dfaedf09bc36727b9c480d20b532e3a86090b,0,0,0,0,0
train,1693,aircraft_surface_damage_crack_v2_0001693.jpg,train,IMG_20230513_095418_jpg.rf.08fd0eb44358f82bbd10e765a42f4ca1.jpg,img_20230513_095418,bb547798b239e3a764202e5129aa3aca57f8e5445a971237e3b563233e0fe3d0,0,0,0,0,0
train,1694,aircraft_surface_damage_crack_v2_0001694.jpg,train,IMG_20230513_095418_jpg.rf.3c734d1d81263c14de6cf4781a2dadc4.jpg,img_20230513_095418,ea6c417f6d46ab7c0e3369d0eba9db5a553fccb9d9804e64b500f0c5e5b8229d,0,0,0,0,0
train,1695,aircraft_surface_damage_crack_v2_0001695.jpg,train,IMG_20230513_095418_jpg.rf.874afbe1840cdfa853ac73201e24fb22.jpg,img_20230513_095418,45b8b0f6576579330f381300c844499c5ddaa961ab97bd80b9c278857f53af87,0,0,0,0,0
train,1696,aircraft_surface_damage_crack_v2_0001696.jpg,train,IMG_20230513_095422_jpg.rf.789295633ef25fd38049540962dce9e8.jpg,img_20230513_095422,7019489fb45b362e592653682da2fccdf4da2aa1dbfbf0696d05dee71db452fd,0,0,0,0,0
train,1697,aircraft_surface_damage_crack_v2_0001697.jpg,train,IMG_20230513_095422_jpg.rf.a22061a88ffd0a5b3f1a17dae4c0f1d5.jpg,img_20230513_095422,bc5acf98db63fbae6f2fa891e8ed325d6618ee58ffb10d8c6f56f80b135d78b4,0,0,0,0,0
train,1698,aircraft_surface_damage_crack_v2_0001698.jpg,train,IMG_20230513_095422_jpg.rf.bbeb62eecd0376b74cefa05ad3efe8d3.jpg,img_20230513_095422,1a91181411cbf3497cd8266363d81e9efae5f7138f308167905e56ed4875e3e4,0,0,0,0,0
train,1699,aircraft_surface_damage_crack_v2_0001699.jpg,train,IMG_20230513_095426_jpg.rf.2f307a07637114523a38522564a11cc9.jpg,img_20230513_095426,a09f872049c7c787a0b400e8550c6d68b3d196c1e64a10fb5937d528b31dca15,0,0,0,0,0
train,1700,aircraft_surface_damage_crack_v2_0001700.jpg,train,IMG_20230513_095426_jpg.rf.35278fbe9113ede9bf01d05a6bebe981.jpg,img_20230513_095426,5a0422f23d093fec7e66239759314f2cb7adb16f6e422550a4dba16c06d52619,0,0,0,0,0
train,1701,aircraft_surface_damage_crack_v2_0001701.jpg,train,IMG_20230513_095426_jpg.rf.e85e4f93faad5e772d05aef1b55f26e8.jpg,img_20230513_095426,139690da68bde7c671451d4d6517df0d2125f8167912b99ca0a3d6885a5df0a5,0,0,0,0,0
train,1702,aircraft_surface_damage_crack_v2_0001702.jpg,train,IMG_20230513_095518_jpg.rf.26bc2089b6cc5bd3d6f5478393d1a594.jpg,img_20230513_095518,36ee47d245c531db54b1625df19383cbe2556ec63d74b7cf996798eee64a94f4,1,1,0,1,0
train,1703,aircraft_surface_damage_crack_v2_0001703.jpg,train,IMG_20230513_095518_jpg.rf.3d658738e667b2bd49c58b6f81be686a.jpg,img_20230513_095518,dbe5ae09ce31ad8a257e67b3b497904743eb9b94036e8570d928833de87d1c05,1,1,0,1,0
train,1704,aircraft_surface_damage_crack_v2_0001704.jpg,train,IMG_20230513_095518_jpg.rf.ef15bfd4669d5107f14d30ebbb92ef44.jpg,img_20230513_095518,08937b71f287e2f5c5952da1bcf1eafb01d5a6d44b7bdfb25fb8fe2296ca2207,1,1,0,1,0
train,1705,aircraft_surface_damage_crack_v2_0001705.jpg,train,IMG_20230513_095521_jpg.rf.51cdc40b230c279600dff5620b16e9f2.jpg,img_20230513_095521,295d96cb6894c7530c99740420c931f51ea7e8af81db225458f2c91b1b17b6b5,1,1,1,0,0
train,1706,aircraft_surface_damage_crack_v2_0001706.jpg,train,IMG_20230513_095521_jpg.rf.95eb691a3a813f5df81625f3bd53a9be.jpg,img_20230513_095521,2945369a7e73b5d86c06130798804d14bf70c529ed365768d270895463168219,1,1,1,0,0
train,1707,aircraft_surface_damage_crack_v2_0001707.jpg,train,IMG_20230513_095521_jpg.rf.fb1d93169a34d93e054507eb79b7e434.jpg,img_20230513_095521,7f9a1c3a06539594c4856ae05190c2bdd15c00a8fefde9c09b13f5fe2f057e45,1,1,0,1,0
train,1708,aircraft_surface_damage_crack_v2_0001708.jpg,train,IMG_20230513_095524_jpg.rf.90b40101a15c77a8114cc7880442be28.jpg,img_20230513_095524,a8dc4abfaa45aee656481396b08185a340979ac38513911f3650c87d9d40cf7f,1,1,0,1,0
train,1709,aircraft_surface_damage_crack_v2_0001709.jpg,train,IMG_20230513_095524_jpg.rf.abf5edcb7948ad4403ed3bc9400aab1a.jpg,img_20230513_095524,a8b26413f90c918bcfef8c0fc51e6221aea52d8be146108ea021b6dabaf631ef,1,1,0,1,0
train,1710,aircraft_surface_damage_crack_v2_0001710.jpg,train,IMG_20230513_095524_jpg.rf.f0ed51e90dc781085d0de9d9ec0f05d1.jpg,img_20230513_095524,3165fffa834fa6233d5577fed1841a8b9eeacea0cdb1e791323aa70bdb7e116c,1,1,0,1,0
train,1711,aircraft_surface_damage_crack_v2_0001711.jpg,train,IMG_20230513_095532_jpg.rf.5e89fde0c02ba30cb4791e33cd17c76c.jpg,img_20230513_095532,93622c91b183e6819bd803e0d7035d7f20fd8455a0fe5fc8090cce104aaa0b18,1,1,0,1,0
train,1712,aircraft_surface_damage_crack_v2_0001712.jpg,train,IMG_20230513_095532_jpg.rf.bcc9108089a07d58b274c53ba321d26d.jpg,img_20230513_095532,d3b236d465b06ea68816576085fe4bebf89cf9680118568e32b9dbfe394cae44,1,1,0,1,0
train,1713,aircraft_surface_damage_crack_v2_0001713.jpg,train,IMG_20230513_095532_jpg.rf.fa8a0ac05717c33962e0740df3b9e3ab.jpg,img_20230513_095532,792101a21c49fb730aec9a19eb0f450ee5db92b46aa170421327483f17b7d690,1,1,0,1,0
train,1714,aircraft_surface_damage_crack_v2_0001714.jpg,train,IMG_20230513_095540_jpg.rf.2a696308ab47be679f874817703e24e7.jpg,img_20230513_095540,bdade6ae4db9fe25a0eff1d93889b8a51e9b7137594b97726cbbfed95f296756,1,1,0,1,0
train,1715,aircraft_surface_damage_crack_v2_0001715.jpg,train,IMG_20230513_095540_jpg.rf.80f31ceb7b09cadcc2ecf33ae7129164.jpg,img_20230513_095540,51e3c8f72f49c071132c7416495f9e11fb4c8c4bdbb93b1c03a7c126146a0a09,1,1,0,1,0
train,1716,aircraft_surface_damage_crack_v2_0001716.jpg,train,IMG_20230513_095540_jpg.rf.ff158b28148efd71e4312264dd92ccad.jpg,img_20230513_095540,ef13891137cb1adad57a89e8364e6995c9589ee3380454757558e62c03d1288a,1,1,0,1,0
train,1717,aircraft_surface_damage_crack_v2_0001717.jpg,train,IMG_20230513_095544_jpg.rf.0a6d0a1926ab99b3d52347b68491bff2.jpg,img_20230513_095544,27368cd4bebb30b9b65269eecdeabbf9a46e1a23b1fad74ea377169bf5476e79,1,1,0,0,1
train,1718,aircraft_surface_damage_crack_v2_0001718.jpg,train,IMG_20230513_095544_jpg.rf.5ac2e641f4246b037a8ef5cc9fffad3f.jpg,img_20230513_095544,39c96761618b4ff8a2a4c6ab83d46b65aeef0793bb2c14b7c433e0b6a1abf018,1,1,0,1,0
train,1719,aircraft_surface_damage_crack_v2_0001719.jpg,train,IMG_20230513_095544_jpg.rf.7fde14fae30656c78ef8b24fdaea557e.jpg,img_20230513_095544,b72897efaad7f9b25e6f4482412540310e92baddfd27ddc3aed652478b406dfe,1,1,0,0,1
train,1720,aircraft_surface_damage_crack_v2_0001720.jpg,train,IMG_20230513_095546_jpg.rf.386c19c972aa5e9647f8f34382dce374.jpg,img_20230513_095546,4641ad94ff61b7ece57cefa960e0032a01597157474c720bcac76ab9d0176852,1,1,0,1,0
train,1721,aircraft_surface_damage_crack_v2_0001721.jpg,train,IMG_20230513_095546_jpg.rf.398a20e3c61151831a52f48edaeb7a00.jpg,img_20230513_095546,62799c86e908b64e3ee579bb9cd6d32c0d8718546b6d7bed615812d23044c6ca,1,1,0,1,0
train,1722,aircraft_surface_damage_crack_v2_0001722.jpg,train,IMG_20230513_095546_jpg.rf.acc2069996437551e193f9dc1a9b0d08.jpg,img_20230513_095546,a11df5d8402f2bfb1b277754a3e7ad8f910790908abab43413705b9e3db6e63e,1,1,0,1,0
train,1723,aircraft_surface_damage_crack_v2_0001723.jpg,train,IMG_20230513_095724_jpg.rf.620610803039d8668a441af298247ed7.jpg,img_20230513_095724,96278dfd44d95fbb19baad01413768703b8e018fe4cba18da1c9db0ba25efa9a,1,1,0,1,0
train,1724,aircraft_surface_damage_crack_v2_0001724.jpg,train,IMG_20230513_095724_jpg.rf.69ba0564440c6a12da06c4831f8568d4.jpg,img_20230513_095724,9cb29f320a223e09b2a92dcd9a9fac22bbf1c45e0d426c75b6a1217e1c4041d3,1,1,0,1,0
train,1725,aircraft_surface_damage_crack_v2_0001725.jpg,train,IMG_20230513_095724_jpg.rf.97b58736de639cb9c1bf59beb4751e5e.jpg,img_20230513_095724,1116632b07282bb19600ac83a90235d69edff12d528f9cb43a434a33870bb4e1,1,1,0,0,1
train,1726,aircraft_surface_damage_crack_v2_0001726.jpg,train,IMG_20230513_095726_jpg.rf.1466c6ef2d1cc446c0f97222bce6c67a.jpg,img_20230513_095726,84407ee3dd4a462d6bbc701bf67510a881b069da7cffc93e51e7cb36bd10728c,1,1,0,0,1
train,1727,aircraft_surface_damage_crack_v2_0001727.jpg,train,IMG_20230513_095726_jpg.rf.596354e8b5122294006ba13da0725ff3.jpg,img_20230513_095726,a1182e2f041c15960292322018903d65370e6cd716bc46d70530b5841c4db8b8,1,1,0,1,0
train,1728,aircraft_surface_damage_crack_v2_0001728.jpg,train,IMG_20230513_095726_jpg.rf.e52569355fc345d9384dd607fd1c8eb7.jpg,img_20230513_095726,695c4096370acb08f530ba8e389bc6b9d57bad4126dc102f9f666dc3ab85f4d2,1,1,0,1,0
train,1729,aircraft_surface_damage_crack_v2_0001729.jpg,train,IMG_20230513_095736_jpg.rf.08b959a1c94ee6bd34c615b5a6234d98.jpg,img_20230513_095736,ab1605a2ffee9f112a643d6618ee39ff63dc1c0c1863691b160455c221040cee,1,1,0,1,0
train,1730,aircraft_surface_damage_crack_v2_0001730.jpg,train,IMG_20230513_095736_jpg.rf.390d99bca68dde05c134e8ab6a88a681.jpg,img_20230513_095736,87c37c8e775f252c5b2eb0c297435f46936a90820f8d21828662de4c93e2c4e8,1,1,0,1,0
train,1731,aircraft_surface_damage_crack_v2_0001731.jpg,train,IMG_20230513_095736_jpg.rf.463d4c912b38f611a7fd2a0e6a2e93d8.jpg,img_20230513_095736,89dc15a98a98863979d4a8f408339709670a2a94b434c226649b87094c8ee2a5,1,1,0,1,0
train,1732,aircraft_surface_damage_crack_v2_0001732.jpg,train,IMG_20230513_095745_jpg.rf.31521dedc4996fbb372ea71c4084e3ac.jpg,img_20230513_095745,ae3acc4000445b6f8585e420c4485a8fd0c8dc86799367e6573754288fb4a5ee,1,1,0,1,0
train,1733,aircraft_surface_damage_crack_v2_0001733.jpg,train,IMG_20230513_095745_jpg.rf.d0dadf96c8ebc5f09951088440d7781a.jpg,img_20230513_095745,9b24ebbbac4310d0ab03d6efd69cd7bec42ab0785a56b7834042e936a8c92f77,1,1,0,1,0
train,1734,aircraft_surface_damage_crack_v2_0001734.jpg,train,IMG_20230513_095745_jpg.rf.f404e8c5721b2607cfc14f55049ddd61.jpg,img_20230513_095745,13c163b2d7a8b54a224b415bf161de3f12dfd397c0df1d53625942369cfea3a5,1,1,0,1,0
train,1735,aircraft_surface_damage_crack_v2_0001735.jpg,train,IMG_20230513_095801_jpg.rf.9d6f609fb779859d098bbffac3cb7b32.jpg,img_20230513_095801,5fdbfa076f6de76ce9e990816d98d56f09b3efb09a234be4544f22488efdc26b,1,1,0,0,1
train,1736,aircraft_surface_damage_crack_v2_0001736.jpg,train,IMG_20230513_095801_jpg.rf.b1a85c91cae7c6d752b0a57a81657758.jpg,img_20230513_095801,d1c26f0aefd7ea7bbe30d9e60fc471d7906807c3f67e077e1b910ea42e3a5306,1,1,0,0,1
train,1737,aircraft_surface_damage_crack_v2_0001737.jpg,train,IMG_20230513_095801_jpg.rf.c4774b0276a2f717630682aabf6b8774.jpg,img_20230513_095801,7ff4a1d90b42770b1bf54332d637792a7374e8ca72402a1c8d3604bc8200781b,1,1,0,1,0
train,1738,aircraft_surface_damage_crack_v2_0001738.jpg,train,IMG_20230513_095813_jpg.rf.0623b6e173fb6bc340e1a5f35dd4ddd5.jpg,img_20230513_095813,66bc6e8bb90ddb0a8680cc4219cd6fc9fd5826fea0c6b028801a1d6490c63302,1,1,0,0,1
train,1739,aircraft_surface_damage_crack_v2_0001739.jpg,train,IMG_20230513_095813_jpg.rf.6d53557057a68961475f7e3920d4a887.jpg,img_20230513_095813,8f03889a6761ff313507bce5559efe51364256ca65cc94c45f9bc790bb0960e0,1,1,0,0,1
train,1740,aircraft_surface_damage_crack_v2_0001740.jpg,train,IMG_20230513_095813_jpg.rf.885bb46f3eaf61a15c50c3376c16315f.jpg,img_20230513_095813,4bbfc7e052968843d9ee7644ad61e6f0d239938b4d8f49f8c40bb0e9ae71dc64,1,1,0,0,1
train,1741,aircraft_surface_damage_crack_v2_0001741.jpg,train,IMG_20230513_095847_jpg.rf.346ed59cddf36dd321599bbf917ed883.jpg,img_20230513_095847,855ed5059ee687126c77f94b7cb30feeefbcac5ff343c84d3fcbc372a4c5aba5,1,1,0,1,0
train,1742,aircraft_surface_damage_crack_v2_0001742.jpg,train,IMG_20230513_095847_jpg.rf.c54444551c66f53084b44143bd74874c.jpg,img_20230513_095847,a63037b1b5584003e41fbb324471a7b98d62e39ce1eca07bb16b0aa12133057c,1,1,0,0,1
train,1743,aircraft_surface_damage_crack_v2_0001743.jpg,train,IMG_20230513_095847_jpg.rf.e23692b687f373f249b236193f8a1173.jpg,img_20230513_095847,5afe84b2fa16d280f9f3bef9fc42cef8de975e7dca0b707783fea0f266043c3f,1,1,0,0,1
train,1744,aircraft_surface_damage_crack_v2_0001744.jpg,train,IMG_20230513_095914_jpg.rf.5aefab11b6734647477a1e01fe6e50cc.jpg,img_20230513_095914,4f379995116fa16b48e9652e925c9e03120418504a93b7b11c95ba562a70a340,1,1,0,0,1
train,1745,aircraft_surface_damage_crack_v2_0001745.jpg,train,IMG_20230513_095914_jpg.rf.830a17910c207a1ed2760a7a22fc7a22.jpg,img_20230513_095914,9d234f606f477c3d91ba3997e3aa79184698c62d048873678b693008e52d489a,1,1,0,1,0
train,1746,aircraft_surface_damage_crack_v2_0001746.jpg,train,IMG_20230513_095914_jpg.rf.b4cc884f83ce553f1bec52953c2c5365.jpg,img_20230513_095914,85ab3d3a70d0063c17a16b02e52a1b86527bac2c54b5b82f618a612812bb8d1e,1,1,0,0,1
train,1747,aircraft_surface_damage_crack_v2_0001747.jpg,train,IMG_20230513_095917_jpg.rf.22232b5e43123a17148dd021e37900ca.jpg,img_20230513_095917,f33826c9b0c4b4bb0b54483eeeb61efb8986bde9c9aa7b2a6d2ae85d019d3920,1,1,0,1,0
train,1748,aircraft_surface_damage_crack_v2_0001748.jpg,train,IMG_20230513_095917_jpg.rf.a9d4d6ad5707b8b678dc281e05c07105.jpg,img_20230513_095917,591de16b5e2c165b755e1b16e3f0160b98c6401d3c525e6eb656b1387fbded95,1,1,0,1,0
train,1749,aircraft_surface_damage_crack_v2_0001749.jpg,train,IMG_20230513_095917_jpg.rf.fef39bd990cf798d4d2756787e1e78f4.jpg,img_20230513_095917,bbb092f3e2caa38c1e0648cb5019b199990c8dc149246b53ff567b82168ff9d9,1,1,0,1,0
train,1750,aircraft_surface_damage_crack_v2_0001750.jpg,train,IMG_20230513_095920_jpg.rf.811694b86e1831d09a472b49f004985d.jpg,img_20230513_095920,e64421dfd8dd8767ee12158bde2e560bb1563a6d4ba564b37648ec6a4964945d,1,1,0,1,0
train,1751,aircraft_surface_damage_crack_v2_0001751.jpg,train,IMG_20230513_095920_jpg.rf.d22c0a1be5e5c50b03bd943936814b34.jpg,img_20230513_095920,3feb8fb8243d2e6294ee2da10ac0c6acfd5c088264d9c05cc553c87b9e00c9c5,1,1,0,1,0
train,1752,aircraft_surface_damage_crack_v2_0001752.jpg,train,IMG_20230513_095920_jpg.rf.f3f891c7b74209ae0117227ce73c879b.jpg,img_20230513_095920,1baf82ff7916e766cd8490c57e80e18f8b8c29571acf1260f23f931d939e7c9b,1,1,0,1,0
train,1753,aircraft_surface_damage_crack_v2_0001753.jpg,train,IMG_20230513_095935_jpg.rf.595f4b15d97eb222436d6ba44abd09c5.jpg,img_20230513_095935,2abbd6d737173d81d54dad33dc3050e2d2bc426f0489a031d5c078eff53cf367,1,1,0,1,0
train,1754,aircraft_surface_damage_crack_v2_0001754.jpg,train,IMG_20230513_095935_jpg.rf.9e05107fbbe6f1cc096eb9dc52dc87ee.jpg,img_20230513_095935,8265d0897efa67a4a3006eec4d08ac4d74fcc9d69cdbdaba31d6624cb212b155,1,1,0,1,0
train,1755,aircraft_surface_damage_crack_v2_0001755.jpg,train,IMG_20230513_095935_jpg.rf.f5a7497c88532a1e1430d49b33e5d517.jpg,img_20230513_095935,a56e605282119f098a4a2b93ff6be806c955c34b8f25af88dbf59fef7f483be9,1,1,0,0,1
train,1756,aircraft_surface_damage_crack_v2_0001756.jpg,train,IMG_20230513_095938_jpg.rf.66071fc66f4de311277ba076ca1b4a64.jpg,img_20230513_095938,3ff7b2426a5efd76b35afc3352b519b99bf505a2a3530343e75a19f7f54964b9,1,1,0,1,0
train,1757,aircraft_surface_damage_crack_v2_0001757.jpg,train,IMG_20230513_095938_jpg.rf.9a1d93d35442ddddeac1951475484850.jpg,img_20230513_095938,f260c3aea8a55499126239f379f4db39b71bbea5789d812a604d7ec989894098,1,1,0,1,0
train,1758,aircraft_surface_damage_crack_v2_0001758.jpg,train,IMG_20230513_095938_jpg.rf.fec8a94e129c748bc90b63fc1751df5e.jpg,img_20230513_095938,ca718a6f3c440574a549eaf8aefa5d8c25621556877d838c64be2b3f9d5f3e59,1,1,0,1,0
train,1759,aircraft_surface_damage_crack_v2_0001759.jpg,train,IMG_20230513_095947_jpg.rf.26901a1fa0447c8844ece8f97cb6f3cf.jpg,img_20230513_095947,57a25f7cceac214db7d059687d85870c3eec6063a7cee9b6fd0d3ab9fbec5bb2,1,1,0,1,0
train,1760,aircraft_surface_damage_crack_v2_0001760.jpg,train,IMG_20230513_095947_jpg.rf.4178ca9266bfedf0883199a260c7dc55.jpg,img_20230513_095947,24b5a058895700834e179661f83761ccf3ab23f02dc7f1d71c6fbd96b4deca7f,1,1,0,1,0
train,1761,aircraft_surface_damage_crack_v2_0001761.jpg,train,IMG_20230513_095947_jpg.rf.8aa0f519c119d4c5a4def6299183c2d2.jpg,img_20230513_095947,c069dc975fcecfdf3ca04cb4eb0527aad3c999e8a8da31e3d81692c9410caf4f,1,1,0,1,0
train,1762,aircraft_surface_damage_crack_v2_0001762.jpg,train,IMG_20230513_095952_jpg.rf.02ba0244b7b50593e25718e3215a5a18.jpg,img_20230513_095952,3e35c273862213f5660b2e7652cf913acb9545d851cf4351e922ce8e89499e40,1,1,0,0,1
train,1763,aircraft_surface_damage_crack_v2_0001763.jpg,train,IMG_20230513_095952_jpg.rf.b1ca42f2d1a62d3bf4db1145c8408d39.jpg,img_20230513_095952,a5fb8e112315080c839fda1029ba14132f974866dd9c8a374963d906779109a6,1,1,0,0,1
train,1764,aircraft_surface_damage_crack_v2_0001764.jpg,train,IMG_20230513_095952_jpg.rf.d1815a2efa43f1350e7b8625e70553be.jpg,img_20230513_095952,6615212e7868d505b392118d47a764802391ea81a9e6b81915ffcc2f86d0f238,1,1,0,0,1
train,1765,aircraft_surface_damage_crack_v2_0001765.jpg,train,IMG_20230513_095954_jpg.rf.04bb3d7bd149719baf54f489e2b64409.jpg,img_20230513_095954,5c3acf146376efb3a0ee52702f30e96ff206d1d7e265add5e98a70fb679c54d5,1,1,0,0,1
train,1766,aircraft_surface_damage_crack_v2_0001766.jpg,train,IMG_20230513_095954_jpg.rf.4a7c79516844e8807accfe682f9e9cad.jpg,img_20230513_095954,ab43bddda39c6ec17588bcb4aae497443352e150dfd3de845cb4543ee4d02f92,1,1,0,0,1
train,1767,aircraft_surface_damage_crack_v2_0001767.jpg,train,IMG_20230513_095954_jpg.rf.542e9f70f613de7ae3233121772544bc.jpg,img_20230513_095954,5dc257da2815933947afc17b79342490e0064cbdfd8db31ba16ef1ce26a18745,1,1,0,0,1
train,1768,aircraft_surface_damage_crack_v2_0001768.jpg,train,IMG_20230513_100005_jpg.rf.07342b8a4e69ec58dec0e600d6c07ae4.jpg,img_20230513_100005,b338172479a139ba8d25fd22b6bf7dd592852d52aa4fead30e432214325c43fb,1,1,0,1,0
train,1769,aircraft_surface_damage_crack_v2_0001769.jpg,train,IMG_20230513_100005_jpg.rf.40fd25696adbafe374e6ea8d652629c6.jpg,img_20230513_100005,80f023ed1ac2e0806fd43caade58296b688472af3fea031bf6b36bf6e93ebfaa,1,1,0,1,0
train,1770,aircraft_surface_damage_crack_v2_0001770.jpg,train,IMG_20230513_100005_jpg.rf.b88e7597fe5806ee73423dd3c3397607.jpg,img_20230513_100005,6a06dba923adaadcc45bfbf03fcc9e74ed36179c3b421b1867b76eb251869bf8,1,1,0,0,1
train,1771,aircraft_surface_damage_crack_v2_0001771.jpg,train,IMG_20230513_100008_jpg.rf.6ff3d4ed5fee6b866e2df038c43f6b44.jpg,img_20230513_100008,a0b94fad398f690bf61604c828c06e2771595b1a93617ed7e38df9873ec1f3a8,1,1,0,0,1
train,1772,aircraft_surface_damage_crack_v2_0001772.jpg,train,IMG_20230513_100008_jpg.rf.803533152f7b38a28187819b406599ee.jpg,img_20230513_100008,920a02377ab14ca5f5972902de3ad7df73b8ac621cb615d7286e9774a9b460cc,1,1,0,1,0
train,1773,aircraft_surface_damage_crack_v2_0001773.jpg,train,IMG_20230513_100008_jpg.rf.8416d507c116b50425e3d5d0f0a1cb61.jpg,img_20230513_100008,c0e404bb9c82dc21f17fac125aad5ec2a7af5b518bc8deeec012c535db90fc76,1,1,0,1,0
train,1774,aircraft_surface_damage_crack_v2_0001774.jpg,train,IMG_20230513_100011_jpg.rf.91c930ed20f595726ec3ad9b02af6ed2.jpg,img_20230513_100011,d1a1d1b2e0a05b039c4d7c12bd99533be3507351cf401f320a13863fd3824f55,1,1,0,0,1
train,1775,aircraft_surface_damage_crack_v2_0001775.jpg,train,IMG_20230513_100011_jpg.rf.cf0ef26e909063d253d938e38b111114.jpg,img_20230513_100011,c21108ce490a75a3ad57f11fdd687c8f85de47814432a1305c776aeb06388433,1,1,0,0,1
train,1776,aircraft_surface_damage_crack_v2_0001776.jpg,train,IMG_20230513_100011_jpg.rf.d7da7d56fceb1369720a3656d8728a1c.jpg,img_20230513_100011,ac7e20957a3735cdd4b7b1455ae5cdc0d660532e5baaf582cc78802e08106ab3,1,1,0,0,1
train,1777,aircraft_surface_damage_crack_v2_0001777.jpg,train,IMG_20230513_100017_jpg.rf.483a07277f91b8060dfe780e811fe082.jpg,img_20230513_100017,cebf525cb5077e6e7b21ec2da7004916ff2e3faeb75e8ca03d16e28477477551,1,1,1,0,0
train,1778,aircraft_surface_damage_crack_v2_0001778.jpg,train,IMG_20230513_100017_jpg.rf.7aa4f7d08541cc5ae48214e86846be01.jpg,img_20230513_100017,9084896103ed9c9958f6d5883e8f43c7c47989232954a57dc12bd8ea7ec6fc2c,1,1,1,0,0
train,1779,aircraft_surface_damage_crack_v2_0001779.jpg,train,IMG_20230513_100017_jpg.rf.f88c7adfead7217d1d9bbd6d1ccb2527.jpg,img_20230513_100017,e8ab0734d83d22471eb7501d36fa022301450d64d1c8fecdc039d058be36e4de,1,1,1,0,0
train,1780,aircraft_surface_damage_crack_v2_0001780.jpg,train,IMG_20230513_100021_jpg.rf.496e9580e07c169b120042904b112102.jpg,img_20230513_100021,caa6c231e9fb9d599d4c910faafd2fc08d33d6d583accbee52dc724b93072c30,1,1,1,0,0
train,1781,aircraft_surface_damage_crack_v2_0001781.jpg,train,IMG_20230513_100021_jpg.rf.647fc9c4ffacaecc901e58db94448761.jpg,img_20230513_100021,57bb08519e0d76b9f3380ed3507a9ecdcc672861725cf334acb283dd84abeda8,1,1,0,1,0
train,1782,aircraft_surface_damage_crack_v2_0001782.jpg,train,IMG_20230513_100021_jpg.rf.f10977205d384148ad7b60e1bd2cb4ba.jpg,img_20230513_100021,1456404d78f4213a1a0d9825f0e4f7711119e125c30b2aefdb74b5a50e79b78e,1,1,0,1,0
train,1783,aircraft_surface_damage_crack_v2_0001783.jpg,train,IMG_20230513_100025_jpg.rf.1df99f4bd5cd3ae210d49dad9d6b21f4.jpg,img_20230513_100025,2d94a3b8f6912ec1084aec1268b86d1525c3b7168dd8e2a38f365a505e0e5a8a,1,2,2,0,0
train,1784,aircraft_surface_damage_crack_v2_0001784.jpg,train,IMG_20230513_100025_jpg.rf.71fced207a1bd302ca0478d5c9e4341a.jpg,img_20230513_100025,2a32cb3f9af648f1cdf599caae5a2213d5539f3611ccccb2b2726f85c7029a4e,1,1,0,1,0
train,1785,aircraft_surface_damage_crack_v2_0001785.jpg,train,IMG_20230513_100025_jpg.rf.cfe580d9526bf92dbb5cd5831fe6b573.jpg,img_20230513_100025,2f294c1bf038385655222a6be87c406160af2d1d36e4996ba9977fb0a9b8232e,1,2,2,0,0
train,1786,aircraft_surface_damage_crack_v2_0001786.jpg,train,IMG_20230513_100027_jpg.rf.241a8fb3fcba345e33ffc18808be7496.jpg,img_20230513_100027,2992fd368624c509dd5fe73ac209c32cc45dbc1a19290cb39411adfc01475a9e,1,2,2,0,0
train,1787,aircraft_surface_damage_crack_v2_0001787.jpg,train,IMG_20230513_100027_jpg.rf.85d178a285960547a96c9fa50fee327a.jpg,img_20230513_100027,f5cd63ef138f941d124e415ac70f051d0745e1d1fac4ee61faa84a5271f3ba61,1,2,2,0,0
train,1788,aircraft_surface_damage_crack_v2_0001788.jpg,train,IMG_20230513_100027_jpg.rf.de91e4f86c0305fcdff150233a7196c6.jpg,img_20230513_100027,2bbd48080c2d1e6888b7b660f63ada1c1616306bcf43bc7705fca114075ea3aa,1,2,2,0,0
train,1789,aircraft_surface_damage_crack_v2_0001789.jpg,train,IMG_20230513_100051_jpg.rf.147bbb7154b4cdff07911b0d753b863b.jpg,img_20230513_100051,e7c0950aeb5ff0b05c7e21004964b9005ada4c0051b2bd25ae7a309cd6c01168,1,1,1,0,0
train,1790,aircraft_surface_damage_crack_v2_0001790.jpg,train,IMG_20230513_100051_jpg.rf.6e2c8360ae0e167beede51893fc54c5d.jpg,img_20230513_100051,4d32d92a29c5e9a8c944a4f3d351214bd8dde980c74f2dc3ecbf1db1ae49ef24,1,1,0,1,0
train,1791,aircraft_surface_damage_crack_v2_0001791.jpg,train,IMG_20230513_100051_jpg.rf.a943022ea10bf82c9ed9a7863718843d.jpg,img_20230513_100051,249e6c0ef6c2f3a3429ee3b3a4a7fce040ba454034a0b54a793cc64b87eaa1e1,1,1,0,1,0
train,1792,aircraft_surface_damage_crack_v2_0001792.jpg,train,IMG_20230513_100056_jpg.rf.2f173070fea52505a77f554fe7ccbd2a.jpg,img_20230513_100056,27a3bb2bc9a5f277b59db83badf3f3f6eadf06def3a067abf25ceaf03c5ade2a,1,1,1,0,0
train,1793,aircraft_surface_damage_crack_v2_0001793.jpg,train,IMG_20230513_100056_jpg.rf.4b70facdf85720185dbb2071c8f16bff.jpg,img_20230513_100056,d17c28098dfcd0bf329e9abf4ac5518cb0bfe75f8d2fbe6c2eac85b1f0735128,1,1,0,1,0
train,1794,aircraft_surface_damage_crack_v2_0001794.jpg,train,IMG_20230513_100056_jpg.rf.4e2998fd72eb27aa6f5e115d1e267ca6.jpg,img_20230513_100056,e9aa82642995940ceca3bc5da65eb9d9e69a6eb09397e6156048d61ce773dc40,1,1,0,1,0
train,1795,aircraft_surface_damage_crack_v2_0001795.jpg,train,IMG_20230513_100059_jpg.rf.0ff42534c9829b9ffbabeaa3068c9dec.jpg,img_20230513_100059,5a6d69639749b1357523e0ce94f6033b4efae3c95e4c8f753f1fea71d94933ac,1,1,1,0,0
train,1796,aircraft_surface_damage_crack_v2_0001796.jpg,train,IMG_20230513_100059_jpg.rf.2adad939defb10ac121a3fbc59007ed7.jpg,img_20230513_100059,afc11c292b0588a584eb143b76305cd1c03aeb9051b8da79c14d2a5e908f325d,1,1,1,0,0
train,1797,aircraft_surface_damage_crack_v2_0001797.jpg,train,IMG_20230513_100059_jpg.rf.acb716f6c0a3cd459c712c8be179dbf0.jpg,img_20230513_100059,2efb11526ec0491ad46c6bdbf5c843c364244b8e9100b18dceb8e2884c2e921d,1,1,1,0,0
train,1798,aircraft_surface_damage_crack_v2_0001798.jpg,train,IMG_20230513_100102_jpg.rf.173a5a8961ad5a512e3cb0b7d3e3e42d.jpg,img_20230513_100102,173afabe6ac52cd2642e64a30101e71d6a15490ae48663dcd19e7a1f83f04cfb,1,1,0,1,0
train,1799,aircraft_surface_damage_crack_v2_0001799.jpg,train,IMG_20230513_100102_jpg.rf.4afc9416388827251293fa947d5e0e6d.jpg,img_20230513_100102,bab0cb1614725135c8563dae1181c086d679fda81fd7437b3ac9b97a068e821a,1,1,1,0,0
train,1800,aircraft_surface_damage_crack_v2_0001800.jpg,train,IMG_20230513_100102_jpg.rf.c545ccc289a04ebf9255ce2ba9040c2f.jpg,img_20230513_100102,e7f9c32171e451816adec1e76125e466eacd70e1d39a528887149b0430312bbf,1,1,0,1,0
train,1801,aircraft_surface_damage_crack_v2_0001801.jpg,train,IMG_20230513_100106_jpg.rf.2b73b7bd3e00525ba73bb1352502d060.jpg,img_20230513_100106,459abb5ebfc09f975a08b9aab27de4d61866fe3a6818f7497b68df754a9e3e36,1,1,1,0,0
train,1802,aircraft_surface_damage_crack_v2_0001802.jpg,train,IMG_20230513_100106_jpg.rf.6c264a0735ff69468a2b4a27c9f60cea.jpg,img_20230513_100106,8349d4ec540df82e513c390faed8ba778b21193457dec765c73c835e2d7e2239,1,1,1,0,0
train,1803,aircraft_surface_damage_crack_v2_0001803.jpg,train,IMG_20230513_100106_jpg.rf.8fef6a617192601d8380f2f7ea882e39.jpg,img_20230513_100106,42ce13eb5bcc5421edc2ed5f473edfdd86957003435007b5cb87fe5eb1d95bff,1,1,1,0,0
train,1804,aircraft_surface_damage_crack_v2_0001804.jpg,train,IMG_20230513_100108_jpg.rf.3979340e05525b315edbe8c6af2796d0.jpg,img_20230513_100108,af8f8e0775d0fa85460ec665bd7086f655280198571fd02b657765ba73b5201a,1,1,1,0,0
train,1805,aircraft_surface_damage_crack_v2_0001805.jpg,train,IMG_20230513_100108_jpg.rf.4dc9bafd8f9d509fdb9a0e1d15608c56.jpg,img_20230513_100108,f59145661522b4e9b5812b8f69405c164811cc523f3d08e067b7624d75becd21,1,1,1,0,0
train,1806,aircraft_surface_damage_crack_v2_0001806.jpg,train,IMG_20230513_100108_jpg.rf.8de12967c70289003e5cccb726143217.jpg,img_20230513_100108,1f043bb2ffa79e18a00b52f0f53886c6892978206cc6fe5e911a9c07e5407548,1,1,1,0,0
train,1807,aircraft_surface_damage_crack_v2_0001807.jpg,train,IMG_20230513_100111_jpg.rf.9a7cec64356360f33e881f1d7f89de6e.jpg,img_20230513_100111,21d70fb2b9ebd8e6c0a12ef8e653529460ca3ca5af121b274b32ba45650f60d6,1,1,0,1,0
train,1808,aircraft_surface_damage_crack_v2_0001808.jpg,train,IMG_20230513_100111_jpg.rf.cac2b36743cc3e55227f3cfe2471850f.jpg,img_20230513_100111,d67e15cd8125b0af036e58485bd3ec184fd93846029145324a8c63c1a5768fc1,1,1,0,1,0
train,1809,aircraft_surface_damage_crack_v2_0001809.jpg,train,IMG_20230513_100111_jpg.rf.fcb9c678624eb2539574d03a8bd92dc7.jpg,img_20230513_100111,dcb0b98fa93b2a1f92e69743de8460a52b4aca37f3a932fda1b55b23176ba590,1,1,0,1,0
train,1810,aircraft_surface_damage_crack_v2_0001810.jpg,train,IMG_20230513_100115_jpg.rf.5fcf720f84423e5eaace66e296596cd8.jpg,img_20230513_100115,641eb5d72fb287007a7aa47ccb0aa8dc978bc56ce1858c17caf676c57d53fcf6,1,1,0,1,0
train,1811,aircraft_surface_damage_crack_v2_0001811.jpg,train,IMG_20230513_100115_jpg.rf.d16321c3b1278ed186324d985a94c3c3.jpg,img_20230513_100115,710e8b6c2d41e2922a7fed4faac2cb3c1dbfe3f9deb39a94a009ffc0b8d4aa96,1,1,0,1,0
train,1812,aircraft_surface_damage_crack_v2_0001812.jpg,train,IMG_20230513_100115_jpg.rf.f51db0313d9ee36525a65ce06e5698f5.jpg,img_20230513_100115,6fc166697c13a3c4e03028399f2765b058398665cea7721b3f579ff8f9ba2770,1,1,0,1,0
train,1813,aircraft_surface_damage_crack_v2_0001813.jpg,train,IMG_20230513_100132_jpg.rf.79e610a6a844e52e43053b362c9ffe58.jpg,img_20230513_100132,2be835792b7132af5fad243dcec816c4d31bd607dc27af0c916fe663138c81c5,1,1,0,0,1
train,1814,aircraft_surface_damage_crack_v2_0001814.jpg,train,IMG_20230513_100132_jpg.rf.966155f4d85f89cf52dcc85b52afa636.jpg,img_20230513_100132,3348d7ebcf562cbe9c8cd2ecd7d031ed7f3dd86a821b169355fbacd51ec51d40,1,1,0,1,0
train,1815,aircraft_surface_damage_crack_v2_0001815.jpg,train,IMG_20230513_100132_jpg.rf.e197365a75bb47ac0749810e6c2528c1.jpg,img_20230513_100132,4d6e918d7e4e1c9cac56e5116b850270929d3375bce13e07b757384204ffdb7c,1,1,0,1,0
train,1816,aircraft_surface_damage_crack_v2_0001816.jpg,train,IMG_20230513_100137_jpg.rf.1327f5d59fa920838356f1debe66207a.jpg,img_20230513_100137,cb49108119e62d8f365c9ee5b3d87a03d792ac76f05ffa1015437d9a217782f9,1,1,0,1,0
train,1817,aircraft_surface_damage_crack_v2_0001817.jpg,train,IMG_20230513_100137_jpg.rf.7f70bab682c8e598996eaa0119271870.jpg,img_20230513_100137,931c71b10b67d775f9098e910cf7ae1df98dafa562d1664ec72c3e6f43b31e94,1,1,1,0,0
train,1818,aircraft_surface_damage_crack_v2_0001818.jpg,train,IMG_20230513_100137_jpg.rf.aa2cb5e1cac023978c32fa07e8561616.jpg,img_20230513_100137,e852c46208a57826340536eee0cfb61b292313d0be1c2ba95d75d1b8c56a9437,1,1,0,1,0
train,1819,aircraft_surface_damage_crack_v2_0001819.jpg,train,IMG_20230513_100139_jpg.rf.2005248e2a51183d8bca404bc074b8f1.jpg,img_20230513_100139,aa058865e07e423a43140d0b2ebdfaf251ad7f2c054e6cc1abc1f154913179fc,1,1,0,1,0
train,1820,aircraft_surface_damage_crack_v2_0001820.jpg,train,IMG_20230513_100139_jpg.rf.49a5864fbc6ac0cabed547cc55100bcf.jpg,img_20230513_100139,b658ce7785ec18b62b4c024aed05db579e429805b2cf2be2dbe077fa3de703b9,1,1,0,1,0
train,1821,aircraft_surface_damage_crack_v2_0001821.jpg,train,IMG_20230513_100139_jpg.rf.c3ed5860dd10f02d09444b1fbf91ff3d.jpg,img_20230513_100139,e23c050b12822167b8c5442f60f8f6a4d5888413270358e6c4564725239dacc9,1,1,1,0,0
train,1822,aircraft_surface_damage_crack_v2_0001822.jpg,train,IMG_20230513_100146_jpg.rf.026b4d39d4bfb234ffe56e645ae72b58.jpg,img_20230513_100146,7864210253032cffc002c2f46bd08ad81eb17be0b7cdc5cef425d229c79266a7,1,1,1,0,0
train,1823,aircraft_surface_damage_crack_v2_0001823.jpg,train,IMG_20230513_100146_jpg.rf.204bd27b96d468fc78c41e5c4734b556.jpg,img_20230513_100146,bfa791ab7e5ee48787eb94f724d9020ff991715b0646e4a125ad34b8424f19f3,1,1,1,0,0
train,1824,aircraft_surface_damage_crack_v2_0001824.jpg,train,IMG_20230513_100146_jpg.rf.d69a6ca4ae95a421cc4d9a06be87aa5b.jpg,img_20230513_100146,ad2b127bdd9c56f5a34bcbb7a45ce0fa2c61d8c7348d09f180bdb448d54a89d9,1,1,1,0,0
train,1825,aircraft_surface_damage_crack_v2_0001825.jpg,train,IMG_20230513_100149_jpg.rf.42839e4579d0ec1a523b317edfd6da82.jpg,img_20230513_100149,fad956d13b71209dfdd08430569c84f285cac4780832f7a1ddcbfe5fd600aeb2,1,1,0,1,0
train,1826,aircraft_surface_damage_crack_v2_0001826.jpg,train,IMG_20230513_100149_jpg.rf.5fb23d407d3d85d0da96643d8f35e663.jpg,img_20230513_100149,4fa9e9cfa04d923c47326db8d496fbec2b17ff4b0a1712e22852932a7bc89ea4,1,1,1,0,0
train,1827,aircraft_surface_damage_crack_v2_0001827.jpg,train,IMG_20230513_100149_jpg.rf.d1cf3ae8e631961571af8b0c38e1f746.jpg,img_20230513_100149,2c784e4e7e7f5a1cbe841d4c2c0331a633feaef330adca3c691bbcaa1de2fd10,1,1,0,1,0
train,1828,aircraft_surface_damage_crack_v2_0001828.jpg,train,IMG_20230513_100152_jpg.rf.6829ed5d0c7a302637e47077f743c3e9.jpg,img_20230513_100152,5e64410b12d3ba57bc84f66e5cc07301eb283c3d0beb7ce5cd54c91a18419b95,1,1,0,1,0
train,1829,aircraft_surface_damage_crack_v2_0001829.jpg,train,IMG_20230513_100152_jpg.rf.a7f6cdfe9179b820328f809f43189796.jpg,img_20230513_100152,4e65990c9474be255a1c57fe7f65789c90f97cd4a4adbc1ddc5edfb280d2f58c,1,1,0,1,0
train,1830,aircraft_surface_damage_crack_v2_0001830.jpg,train,IMG_20230513_100152_jpg.rf.adf4de2f46b4e629c3bb3bd48d29f791.jpg,img_20230513_100152,e2a9a5988a7898181f355db3e7f8c78349fad377866bbf8f2256454a10c88a45,1,1,0,1,0
train,1831,aircraft_surface_damage_crack_v2_0001831.jpg,train,IMG_20230513_100155_jpg.rf.451172f01e3ae2beca1335c35c15d140.jpg,img_20230513_100155,68e47ee9ab3b5b46d6b6fd362baadce8cd6e80ec644e4c5a08cb4778862ece1f,1,1,0,1,0
train,1832,aircraft_surface_damage_crack_v2_0001832.jpg,train,IMG_20230513_100155_jpg.rf.6b1517c76ae45416e83711d1dd780c37.jpg,img_20230513_100155,37eb11b45dbc646087dbd64b6f41e49dc168ce3c2aa7fbcd0040088635001e59,1,1,0,1,0
train,1833,aircraft_surface_damage_crack_v2_0001833.jpg,train,IMG_20230513_100155_jpg.rf.ed5f819067e76e2b3b18731db6534cf6.jpg,img_20230513_100155,c6d9c95d582f5a3c49b4e287ca00cb9e03379f54e68e3b8de34af353be99b04f,1,1,0,1,0
train,1834,aircraft_surface_damage_crack_v2_0001834.jpg,train,IMG_20230513_100200_jpg.rf.49248928b55d6b1fe9379c0700d48600.jpg,img_20230513_100200,0fac1e8587416123c73feaddc3afde9c129e5377b20e3ce8a12ab0ffcb2148c4,1,1,1,0,0
train,1835,aircraft_surface_damage_crack_v2_0001835.jpg,train,IMG_20230513_100200_jpg.rf.7d61a25524a86f4bffbfd16e241e2258.jpg,img_20230513_100200,b897220b351de986548c1a63d391a94f0d20c1ef430f045d4a00ff1da1e8908a,1,1,1,0,0
train,1836,aircraft_surface_damage_crack_v2_0001836.jpg,train,IMG_20230513_100200_jpg.rf.a2afb8d655a9eaaebd86a8c8af091f06.jpg,img_20230513_100200,2b9ae419ea492538467fd0dde66325ce968cf70293378b5c7d5f0a859338e147,1,1,1,0,0
train,1837,aircraft_surface_damage_crack_v2_0001837.jpg,train,IMG_20230513_100202_jpg.rf.23376e2658807955d57d4544c9a2edd7.jpg,img_20230513_100202,7d2fb290fbd3b17514b815db4e4a968dd0c989ba1d014e1ecf83277dc6577ae7,1,1,1,0,0
train,1838,aircraft_surface_damage_crack_v2_0001838.jpg,train,IMG_20230513_100202_jpg.rf.5d0781ce1a3f7d60472d5ca3014b9e54.jpg,img_20230513_100202,a4fcc9609125a005c0d9ad21367dc5e845a182100840159b62468a51d0079157,1,1,1,0,0
train,1839,aircraft_surface_damage_crack_v2_0001839.jpg,train,IMG_20230513_100202_jpg.rf.e302b8e50ad6a914e0bb4349791359f5.jpg,img_20230513_100202,089149176b817a0fbc7df0982193f988dfe36876a52ca85da7ec006be6d852c3,1,1,1,0,0
train,1840,aircraft_surface_damage_crack_v2_0001840.jpg,train,IMG_20230513_100206_jpg.rf.2d60fd6f1c8fc1711e2c9102847cac3b.jpg,img_20230513_100206,33cd7ae82b6edd771615eb8689180e2f2f7b5480b9451cb3288e531f1f8d0983,1,1,0,1,0
train,1841,aircraft_surface_damage_crack_v2_0001841.jpg,train,IMG_20230513_100206_jpg.rf.b20389a1baf606ab1ab9aa678eecd163.jpg,img_20230513_100206,c561f5ee7a2eb9781ea6da291839639070981114683006c3291b7caa45e45f22,1,1,0,0,1
train,1842,aircraft_surface_damage_crack_v2_0001842.jpg,train,IMG_20230513_100206_jpg.rf.df5eb0ba44803f887954207de1abe807.jpg,img_20230513_100206,2ad0ae73de0ce99e773d529c931fbb622b2f064e7b6dce15186bd9fedc14573e,1,1,0,1,0
train,1843,aircraft_surface_damage_crack_v2_0001843.jpg,train,IMG_20230513_100209_jpg.rf.46328356aff874aa9cc268e2d6738644.jpg,img_20230513_100209,26f50f925d0c4e86f99948bd72e8741ad10befeee9034b77db301646a268250d,1,1,0,1,0
train,1844,aircraft_surface_damage_crack_v2_0001844.jpg,train,IMG_20230513_100209_jpg.rf.58615fc0ea85010f6844c71d21107c8b.jpg,img_20230513_100209,968a30a3de433181d40337a654eb2c00f0ab066c6124bbdcfbf99e28f4ee1c9f,1,1,0,1,0
train,1845,aircraft_surface_damage_crack_v2_0001845.jpg,train,IMG_20230513_100209_jpg.rf.d96fc09ca254b85a49b14139809467de.jpg,img_20230513_100209,23672138f170add1421efa0914d6e77cc8230d7c2f5329a478bb5875fc385359,1,1,0,1,0
train,1846,aircraft_surface_damage_crack_v2_0001846.jpg,train,IMG_20230513_100213_jpg.rf.6efdf88d06f8791b4b1c1fb895d7c351.jpg,img_20230513_100213,b236c2bde106d8f5313940acc874b00fac4465a5f11cf6401daf28baa7265418,1,1,0,0,1
train,1847,aircraft_surface_damage_crack_v2_0001847.jpg,train,IMG_20230513_100213_jpg.rf.7d365d02a2dc4074067bb77b67f8400f.jpg,img_20230513_100213,03121c6ea8a828a697d7855d7a1902307cd2a1d7901b75862110e89adfa9d195,1,1,0,0,1
train,1848,aircraft_surface_damage_crack_v2_0001848.jpg,train,IMG_20230513_100213_jpg.rf.ba4bcacd9922fb7b64f128c999ec7740.jpg,img_20230513_100213,5409948ddbceae017db1446c3d55fff3845074e7d98485d8862344713a03ca83,1,1,0,0,1
train,1849,aircraft_surface_damage_crack_v2_0001849.jpg,train,IMG_20230513_100217_jpg.rf.70c1fc7c9d1eebe6b7432540099dd6ac.jpg,img_20230513_100217,542edd20f772ec66c83c16414bf59cfcb3a68cde71bd05bfdf9ea691b94d8e75,1,1,0,0,1
train,1850,aircraft_surface_damage_crack_v2_0001850.jpg,train,IMG_20230513_100217_jpg.rf.9b144995c49c9774fe6abb80696eae80.jpg,img_20230513_100217,1062833d6840d0199236758d6803f2aec3e550b1ab40ccddf206e82bd4e1cd6d,1,1,0,1,0
train,1851,aircraft_surface_damage_crack_v2_0001851.jpg,train,IMG_20230513_100217_jpg.rf.e173c4eb5b1b86624462b4e9173bcd11.jpg,img_20230513_100217,428878af929d4eb090a52a2fbb5c29b1ed63f6c94833db6a65a93e068ed0c482,1,1,0,1,0
train,1852,aircraft_surface_damage_crack_v2_0001852.jpg,train,IMG_20230513_100221_jpg.rf.70c2854da6e6841db8324128b6940e38.jpg,img_20230513_100221,1d223237fd6ea13f69ff0a1a87b5360d3a2d624f866286d1b54e3ca14f21991a,1,1,1,0,0
train,1853,aircraft_surface_damage_crack_v2_0001853.jpg,train,IMG_20230513_100221_jpg.rf.757da41be2b54a700554f450520c23c1.jpg,img_20230513_100221,7b597b41d4ce18d7e8eeb8b65bfcbda48f1517322de613a5d58b141681ddb276,1,1,1,0,0
train,1854,aircraft_surface_damage_crack_v2_0001854.jpg,train,IMG_20230513_100221_jpg.rf.a4683ec0c180f88076e7635140215294.jpg,img_20230513_100221,76b6b8e106111b402d44d5b0c84cc6d3cd53abf04b8a3f69d78af2d4dfdc7577,1,1,1,0,0
train,1855,aircraft_surface_damage_crack_v2_0001855.jpg,train,IMG_20230513_100226_jpg.rf.0a01e9e5658cf6962b9ad3104cd6c8bb.jpg,img_20230513_100226,23858ff09268e2863d75b6ea2ca4d20e7dd74420e662fffc4bfdb69ac0eed750,1,1,1,0,0
train,1856,aircraft_surface_damage_crack_v2_0001856.jpg,train,IMG_20230513_100226_jpg.rf.650b41d58445b9166a3d43176f33d6f6.jpg,img_20230513_100226,ecb37b421d2de4fabf0d79abb7dcc908218bd9b27774e51a70eb51a2bc32a896,1,1,1,0,0
train,1857,aircraft_surface_damage_crack_v2_0001857.jpg,train,IMG_20230513_100226_jpg.rf.6a06a64ec487b61f07381c2edfd7d2a4.jpg,img_20230513_100226,43426623ce8dd902af6604f21814a0a493fce7d509f5e2aebc3337c91c625d7c,1,1,1,0,0
train,1858,aircraft_surface_damage_crack_v2_0001858.jpg,train,IMG_20230513_100316_jpg.rf.a680c72b7583fd1fbdc928bb910da108.jpg,img_20230513_100316,69f11ecc26d40825496a87e318f2cfb7e3e0e0f219b4dd794bc3d0704c7d8673,1,1,0,1,0
train,1859,aircraft_surface_damage_crack_v2_0001859.jpg,train,IMG_20230513_100316_jpg.rf.d039f5a7f3c15e14c8b18cfbb1981b1f.jpg,img_20230513_100316,cf1440386474bcd5959f9090dbbb94092d22fd0c3a6908ef6e642f6dd9a82881,1,1,0,1,0
train,1860,aircraft_surface_damage_crack_v2_0001860.jpg,train,IMG_20230513_100316_jpg.rf.d999330ee0111f87d3a8c70b8eb8b33b.jpg,img_20230513_100316,0e5b400a0fe0cad0da556baa865eb848b95f78d783d8efdd500db368387e304f,1,1,0,1,0
train,1861,aircraft_surface_damage_crack_v2_0001861.jpg,train,IMG_20230513_100322_jpg.rf.5fa782b0987e53c1e291e416baaef7f9.jpg,img_20230513_100322,687fa616315088478b2608f286eaff371605c52bf9c60051824940051b5e665c,1,1,0,0,1
train,1862,aircraft_surface_damage_crack_v2_0001862.jpg,train,IMG_20230513_100322_jpg.rf.848e51ad13f91ff81faaf1d53c2465a0.jpg,img_20230513_100322,41d8023f3c343d8ebebc5f647396b099818b6fe54625f19fe3c798493813ff44,1,1,0,1,0
train,1863,aircraft_surface_damage_crack_v2_0001863.jpg,train,IMG_20230513_100322_jpg.rf.c518d7b48f5a53186aea3c249017b391.jpg,img_20230513_100322,63ff65fe496f1c19a4178fd3ba1f4094e46b8db2870f1fa2a0bc40ec29773ad6,1,1,0,0,1
train,1864,aircraft_surface_damage_crack_v2_0001864.jpg,train,IMG_20230513_100325_jpg.rf.273de342bc3f7eafe6eb1a2ed096ca14.jpg,img_20230513_100325,652f42a298a00056043d6e46c6fdfa8e70f1cee0dfe13140922a051de8c67bdc,1,1,0,1,0
train,1865,aircraft_surface_damage_crack_v2_0001865.jpg,train,IMG_20230513_100325_jpg.rf.d3fbb01f86d4230047cb802ad9f1a655.jpg,img_20230513_100325,33b0ec270bfb3759e829dc9cf5966db7ee85638fa993813a9e20615dc3f20343,1,1,0,1,0
train,1866,aircraft_surface_damage_crack_v2_0001866.jpg,train,IMG_20230513_100325_jpg.rf.de53eae5fb2632d5b64c49381f69a567.jpg,img_20230513_100325,898606edbc9d28ec75a068643b287a0e461ac8b5f586413214e047084fc07f4c,1,1,0,1,0
train,1867,aircraft_surface_damage_crack_v2_0001867.jpg,train,IMG_20230513_100328_jpg.rf.1fa8bdf36bdf87c72f4191133e9a6499.jpg,img_20230513_100328,94a67ae1ad57da7902043240c6a014a751a3c75cd196ea331a032bfe7e056c55,1,1,0,1,0
train,1868,aircraft_surface_damage_crack_v2_0001868.jpg,train,IMG_20230513_100328_jpg.rf.870220a0519c01829ed305b9cefb285f.jpg,img_20230513_100328,c95eeaf12cda6cbe0d8fd2759cc943c00cfa098ab2b31ccb0494333b92bdddde,1,1,0,1,0
train,1869,aircraft_surface_damage_crack_v2_0001869.jpg,train,IMG_20230513_100328_jpg.rf.febafe3d2489b57f2f3f4b07c9e5e820.jpg,img_20230513_100328,c8f8ffaf952cba7cdf119a4078c5f83d627c1bd8eff2bc670b9ca8540dd77e33,1,1,0,1,0
train,1870,aircraft_surface_damage_crack_v2_0001870.jpg,train,IMG_20230513_100333_jpg.rf.2b554c97c71b07854b60ca7a2843242b.jpg,img_20230513_100333,778b4b369430b5d12450cb18b35f0c6a81cbf8f41c968b2a6dc81a96148fb59b,1,1,0,1,0
train,1871,aircraft_surface_damage_crack_v2_0001871.jpg,train,IMG_20230513_100333_jpg.rf.6f68d8f23b52c5f43f63420c459b0ce6.jpg,img_20230513_100333,ca1166a21bed80bdd2dbd7aac6bcc8bc39b7aa29e0561f9c18f5d72984a7ce94,1,1,0,1,0
train,1872,aircraft_surface_damage_crack_v2_0001872.jpg,train,IMG_20230513_100333_jpg.rf.858d57a9a20aeb21085b9a5379f79892.jpg,img_20230513_100333,a8ee6046cc49933b43aa2d2c9527bec0bc4a316ea081904dec23def772e374a6,1,1,0,1,0
train,1873,aircraft_surface_damage_crack_v2_0001873.jpg,train,IMG_20230513_100337_jpg.rf.1907c104cc4136175af6d62fa35047f9.jpg,img_20230513_100337,bdfbfd1ce5e8509ff13e6bd57c7217bed9814473d416576158d006b393d46afe,1,1,0,1,0
train,1874,aircraft_surface_damage_crack_v2_0001874.jpg,train,IMG_20230513_100337_jpg.rf.65667736def5ba3b2a1cbd1222b0fa8d.jpg,img_20230513_100337,52121c23a3fa66fe0b0cdc7fa2f8323b198af922fbec0c72fd80230743678c0b,1,1,0,1,0
train,1875,aircraft_surface_damage_crack_v2_0001875.jpg,train,IMG_20230513_100337_jpg.rf.fdeb7be034582d331658562b261b0583.jpg,img_20230513_100337,d507cedd59517e1ee5b55683050a6627b8beb4ee5858f9959735a6f3b5946b50,1,1,0,1,0
train,1876,aircraft_surface_damage_crack_v2_0001876.jpg,train,IMG_20230513_100345_jpg.rf.36378b717ecaeec6cf9b43232b40ae9f.jpg,img_20230513_100345,7fd029e80bec1596d01e7294ce35cc249561b34fbcbf08fb2aa43429172e8f3d,1,1,0,1,0
train,1877,aircraft_surface_damage_crack_v2_0001877.jpg,train,IMG_20230513_100345_jpg.rf.972a62fb4d57305c89636398c331acf5.jpg,img_20230513_100345,78ca94847767750acb4e4a96ea3e853c749a5be6f56bd0b11cc11ad8c3a41d75,1,1,0,1,0
train,1878,aircraft_surface_damage_crack_v2_0001878.jpg,train,IMG_20230513_100345_jpg.rf.b07916041ca107eed362ab3ecc780487.jpg,img_20230513_100345,1f6f00f2fb40aa58f89c104410e3013f2e55764bc24f98da4e3335eb19d3d0d6,1,1,0,1,0
train,1879,aircraft_surface_damage_crack_v2_0001879.jpg,train,IMG_20230513_100353_jpg.rf.1705a358a104aeb003f82edc01bd01d1.jpg,img_20230513_100353,a2cd4d33114a19356ee86a8787a0f2b8ce41ff243b708b4d654a526237cd915f,1,1,0,1,0
train,1880,aircraft_surface_damage_crack_v2_0001880.jpg,train,IMG_20230513_100353_jpg.rf.1c00a99442f7ff600c18f2bf26e09459.jpg,img_20230513_100353,f9488f8c45d453d10e78da2730ade7adabf34fcfc4d236a01cad98b8c2a12766,1,1,1,0,0
train,1881,aircraft_surface_damage_crack_v2_0001881.jpg,train,IMG_20230513_100353_jpg.rf.37adc1c25029175a3c8d3f2d2c8064aa.jpg,img_20230513_100353,dcd633ab09e6146c4401adf6fe31feadabef4ace1d9be8adb191806258f28e5e,1,1,1,0,0
train,1882,aircraft_surface_damage_crack_v2_0001882.jpg,train,IMG_20230513_100356_jpg.rf.2375a18548d3c3e0707c09c88b555cbe.jpg,img_20230513_100356,9bcb80312908856fd060066cde0ab4b44a452900a78ad8370a982afc0695b688,1,1,0,1,0
train,1883,aircraft_surface_damage_crack_v2_0001883.jpg,train,IMG_20230513_100356_jpg.rf.2417e4d22ececa6ea10ab834518a8919.jpg,img_20230513_100356,d4616ce942d7108c439c6602a71b588b95dafeaca5c8654c300dce2e12b32160,1,1,0,1,0
train,1884,aircraft_surface_damage_crack_v2_0001884.jpg,train,IMG_20230513_100356_jpg.rf.d9956fe937970ccd0faa838b8536f0bf.jpg,img_20230513_100356,33f0d67e87f41bfb13adb307c8f2c271cedec4f8dd2f14a725faec5c5873ca14,1,1,0,1,0
train,1885,aircraft_surface_damage_crack_v2_0001885.jpg,train,IMG_20230513_100426_jpg.rf.b071e25abecaccdf952e723dfd017b24.jpg,img_20230513_100426,495ceede3d5b4b8ffd1a637f25cf5150e7f013d7b114ffdd30ddfb74d92ca40e,0,0,0,0,0
train,1886,aircraft_surface_damage_crack_v2_0001886.jpg,train,IMG_20230513_100426_jpg.rf.f0515953b6f1af50a4a9d953d693a514.jpg,img_20230513_100426,522d6a599db874766a5a95be8512cee78784a2343593bf033974d52af0a73d89,0,0,0,0,0
train,1887,aircraft_surface_damage_crack_v2_0001887.jpg,train,IMG_20230513_100426_jpg.rf.f8a26b31c5183ebb16b6c066ff12af93.jpg,img_20230513_100426,ae1854a74ec3ead389389bec4ef9e689a375767384d464d84a28911588810651,0,0,0,0,0
train,1888,aircraft_surface_damage_crack_v2_0001888.jpg,train,IMG_20230513_100428_jpg.rf.2c26448aefa6cd83ac927137be7be3dd.jpg,img_20230513_100428,8fcfa7b10134533a922939e75e9f1fbc101233078cff4e95edb24dc2fda71826,0,0,0,0,0
train,1889,aircraft_surface_damage_crack_v2_0001889.jpg,train,IMG_20230513_100428_jpg.rf.caf3dcddddd11f8d2ecf2d9add12f37b.jpg,img_20230513_100428,ccaf0cf2fa243267fed7443ef304dfe74826ab74863a070709e4fd266ba63eab,0,0,0,0,0
train,1890,aircraft_surface_damage_crack_v2_0001890.jpg,train,IMG_20230513_100428_jpg.rf.e9e1d5df9aae1d3d8a2588802a6e5b97.jpg,img_20230513_100428,2a3d6dbea6d72419bbda5cdbb5598d36a083d0aa48cfee4b103ddbc6a568458d,0,0,0,0,0
train,1891,aircraft_surface_damage_crack_v2_0001891.jpg,train,IMG_20230513_100430_jpg.rf.322c055acbeb35c5bf2140e5c8db8dbd.jpg,img_20230513_100430,f082c71bfd8a633b44e3d80d51de9a2d9c96f15d04090c239a85840a9ac14df4,0,0,0,0,0
train,1892,aircraft_surface_damage_crack_v2_0001892.jpg,train,IMG_20230513_100430_jpg.rf.643c9dafe7daaf1b9eb6301107df8a1b.jpg,img_20230513_100430,38a8d8692d119efcd7167b430b3e2985ae037cc21a27fb5f2f6cb2fc23266259,0,0,0,0,0
train,1893,aircraft_surface_damage_crack_v2_0001893.jpg,train,IMG_20230513_100430_jpg.rf.f65683c85049d0411bd75c76b4cd88aa.jpg,img_20230513_100430,c67e426b811d6164f58278832c3f9e719a0e8d4ca2276eb3f8a47daa83364519,0,0,0,0,0
train,1894,aircraft_surface_damage_crack_v2_0001894.jpg,train,IMG_20230513_100432_jpg.rf.752848aafd138bc6e2505c87fcd7b95c.jpg,img_20230513_100432,cd85335431f97506a8701877f2a6c40414aef826e372bb03d3338a08f482130b,0,0,0,0,0
train,1895,aircraft_surface_damage_crack_v2_0001895.jpg,train,IMG_20230513_100432_jpg.rf.7c87a044056b3486d7d74d5a7d96c5b2.jpg,img_20230513_100432,9b7a10b9dab51156a292039f9838d59502a96fecb24821fb951fa7eb04e51f05,0,0,0,0,0
train,1896,aircraft_surface_damage_crack_v2_0001896.jpg,train,IMG_20230513_100432_jpg.rf.f74db737a6d05a0f1db586bf14d70f38.jpg,img_20230513_100432,3c318f6505c8bd51ba55216702a940f621fe88e98e8a64437b7aa1231640b423,0,0,0,0,0
train,1897,aircraft_surface_damage_crack_v2_0001897.jpg,train,IMG_20230513_100435_jpg.rf.28f53aac08739f8845f11d23e04f5e51.jpg,img_20230513_100435,3b4d0183d603357868c0a8731a72cd112407b2bffb84fb8266db752c3cd58621,0,0,0,0,0
train,1898,aircraft_surface_damage_crack_v2_0001898.jpg,train,IMG_20230513_100435_jpg.rf.bb76351192495f2ebae3ff2bf60b858a.jpg,img_20230513_100435,d7be2b173c83c51605c775b4d6795bedadb6f95d86fed7ffdd9f477a8e30a96d,0,0,0,0,0
train,1899,aircraft_surface_damage_crack_v2_0001899.jpg,train,IMG_20230513_100435_jpg.rf.e327425346393fe41ed55422e329be98.jpg,img_20230513_100435,e987ca5de9def930f64259bda52afbc6bee1ca35aa713ad633ce0120e2d1abb4,0,0,0,0,0
train,1900,aircraft_surface_damage_crack_v2_0001900.jpg,train,IMG_20230513_100438_jpg.rf.2aaa666eedcc8156f677db52a3d8af9e.jpg,img_20230513_100438,578b61fcebf353cb9cf6744892ac0089bfff5fe61c5dcce844ed5babd7000a7d,0,0,0,0,0
train,1901,aircraft_surface_damage_crack_v2_0001901.jpg,train,IMG_20230513_100438_jpg.rf.5109b9939cc443b99b516ad9a5cf64cc.jpg,img_20230513_100438,d1fe74f4c3093506b0919f0013825adcb849bcc267bf1fa74abe3b6b4a0639c1,0,0,0,0,0
train,1902,aircraft_surface_damage_crack_v2_0001902.jpg,train,IMG_20230513_100438_jpg.rf.571bdc3060b201c77038ca52a7466d5e.jpg,img_20230513_100438,c7a9886ddc7aae5a7cf4fcb98f51a48f0b403fb2c3e34dfda48219625cad31eb,0,0,0,0,0
train,1903,aircraft_surface_damage_crack_v2_0001903.jpg,train,IMG_20230513_100442_jpg.rf.3224089423e7a97a29a2d6b03a9a2ab6.jpg,img_20230513_100442,0b045b3c80a5e6358959b4600c068b7f988cfa9f338040859d69b016d6661cd1,0,0,0,0,0
train,1904,aircraft_surface_damage_crack_v2_0001904.jpg,train,IMG_20230513_100442_jpg.rf.3fc11e3765815618a6502e45ce10b415.jpg,img_20230513_100442,59d02d2b561f1da16fd19265b47d553b824abb9b453428a7679b332336386c32,0,0,0,0,0
train,1905,aircraft_surface_damage_crack_v2_0001905.jpg,train,IMG_20230513_100442_jpg.rf.53fbca30a7de4b9f1e41f3735fab188f.jpg,img_20230513_100442,fc5cccfb0f1ac71403ed5348596dbb616ac2b06d2e9eca0fad8c3e91c6ed5336,0,0,0,0,0
train,1906,aircraft_surface_damage_crack_v2_0001906.jpg,train,IMG_20230513_100446_jpg.rf.127d0c9ceb332bed256f2d652654450b.jpg,img_20230513_100446,1277482c335b2338e82a29d3968ba36c4ee6b357fd60b32baf9d554e9799fbcb,0,0,0,0,0
train,1907,aircraft_surface_damage_crack_v2_0001907.jpg,train,IMG_20230513_100446_jpg.rf.1dee0cd031b6b207c259d9bde4427df0.jpg,img_20230513_100446,de621b0fb53b46c18113052bdcc60d60d321637ff07953445373b438ce7103ab,0,0,0,0,0
train,1908,aircraft_surface_damage_crack_v2_0001908.jpg,train,IMG_20230513_100446_jpg.rf.42b501aa5ce794a1f49ff65b8d1ea1bd.jpg,img_20230513_100446,2cc54e99384f01085ddbab7bc00ef69bdf4939414abfb279c87de20937a0587c,0,0,0,0,0
train,1909,aircraft_surface_damage_crack_v2_0001909.jpg,train,IMG_20230513_100450_jpg.rf.3d7237b327df69c3aff7b910fa951374.jpg,img_20230513_100450,9a8dfb2a93461e1aace6d041d78bcce11dcfe64dd1054a8ffe2417dda079be2c,0,0,0,0,0
train,1910,aircraft_surface_damage_crack_v2_0001910.jpg,train,IMG_20230513_100450_jpg.rf.90adaff70c459db926f52fc1a25ebb05.jpg,img_20230513_100450,00230b97b398c05d7bac1422111da68a42c5da6d3c40566a2c126b1973078aa6,0,0,0,0,0
train,1911,aircraft_surface_damage_crack_v2_0001911.jpg,train,IMG_20230513_100450_jpg.rf.bfd85bf46dd7f1bc6346ca8ae47835e6.jpg,img_20230513_100450,ab598d0b55605db9e826ac7112ae87f6acf8e749aaa272bb1ae747e409477ed8,0,0,0,0,0
train,1912,aircraft_surface_damage_crack_v2_0001912.jpg,train,IMG_20230513_100452_jpg.rf.154f931c56a589a40806c5e2b7ab9e33.jpg,img_20230513_100452,22a8355e298c6c5070f61b17b55e09093569e9ee845fd9ce86112ab9dbdb3300,0,0,0,0,0
train,1913,aircraft_surface_damage_crack_v2_0001913.jpg,train,IMG_20230513_100452_jpg.rf.176e23cfecb9afa8f7508d1f76bdad04.jpg,img_20230513_100452,3ff81b42d4861df768c3f79dc9f25e77538f1dfc6e6a566324a650d51a46fe70,0,0,0,0,0
train,1914,aircraft_surface_damage_crack_v2_0001914.jpg,train,IMG_20230513_100452_jpg.rf.b6fef531dc136867c1616be058ef347f.jpg,img_20230513_100452,59c4af3b4e0c3417ad08c6f32e599bde6b6d7b86b50f8169aa103f5cccdbb833,0,0,0,0,0
train,1915,aircraft_surface_damage_crack_v2_0001915.jpg,train,IMG_20230513_100513_jpg.rf.135d7c3614cad05304f37c317760638b.jpg,img_20230513_100513,1d6bea7500a848a08b87480e9b77674f665d08e400baee1acca8a5ddc048f79a,1,1,0,0,1
train,1916,aircraft_surface_damage_crack_v2_0001916.jpg,train,IMG_20230513_100513_jpg.rf.d89c4c9b03a2148c253c4c455a3fa4fe.jpg,img_20230513_100513,ca3163f1bb981a95e090abce5b23c1736809ab3bf059de71876149102dac5b12,1,1,0,0,1
train,1917,aircraft_surface_damage_crack_v2_0001917.jpg,train,IMG_20230513_100513_jpg.rf.faa511cd15450d32c8f7083fbc106733.jpg,img_20230513_100513,7bf5f6d9f5d133596f7a8a5f650296ac08de77600f1a75b0ba31b4aa8c6a9d2a,1,1,0,0,1
train,1918,aircraft_surface_damage_crack_v2_0001918.jpg,train,IMG_20230513_100515_jpg.rf.3bdf95bdd18ac4260a843e62445d6f59.jpg,img_20230513_100515,fe3ee2bb8e09590c9dda5602edab966a4e2c5282ad3d23afe8f37a2a9b9023bf,1,1,0,0,1
train,1919,aircraft_surface_damage_crack_v2_0001919.jpg,train,IMG_20230513_100515_jpg.rf.f0b9d9e74751c74b02a8ffb042f0eaae.jpg,img_20230513_100515,ed6bd42c4c1bfbb9bcbc5d0157e77a8587548ba1689f6110f50c9c1a70c0b1e0,1,1,0,0,1
train,1920,aircraft_surface_damage_crack_v2_0001920.jpg,train,IMG_20230513_100515_jpg.rf.fb7c6aa8918a4767f9aa2035a077744a.jpg,img_20230513_100515,381404e8e061a7cd9258ea14d0cf11bb4bbee5b3a856cb8bd345b100663060ac,1,1,0,0,1
train,1921,aircraft_surface_damage_crack_v2_0001921.jpg,train,IMG_20230513_100519_jpg.rf.3d677f9508b6370a9e72dc011177da89.jpg,img_20230513_100519,1334bb8b344613cec17999ac8c5c4580d1096f581b14049f1ac100f94caee048,1,1,0,0,1
train,1922,aircraft_surface_damage_crack_v2_0001922.jpg,train,IMG_20230513_100519_jpg.rf.7a4d2f60d93b4b3bcb2fd79a466d05b9.jpg,img_20230513_100519,e860140b720e7270b95d7c4b9b88b6cba4fb880a8266f01d13fe375c76c18b60,1,1,0,0,1
train,1923,aircraft_surface_damage_crack_v2_0001923.jpg,train,IMG_20230513_100519_jpg.rf.81db43a0d0c24c6482e7cf231b0fb5d5.jpg,img_20230513_100519,6375ccf13904e61afb478338a0e602c550777be6a5db99e4daa6714f9bbf4a9f,1,1,0,0,1
train,1924,aircraft_surface_damage_crack_v2_0001924.jpg,train,IMG_20230513_100800_jpg.rf.2286350b90772dd7fff93b9749324f17.jpg,img_20230513_100800,6c12ca4985d236e372cc56173f50113d68bd31011eaad97058f280bf9eacfe92,0,0,0,0,0
train,1925,aircraft_surface_damage_crack_v2_0001925.jpg,train,IMG_20230513_100800_jpg.rf.66968db35e089e46dd316d5726c5ca37.jpg,img_20230513_100800,9363347701a2adcb1bf34a4c41364822798eb95811094cacd0eda88363e833eb,0,0,0,0,0
train,1926,aircraft_surface_damage_crack_v2_0001926.jpg,train,IMG_20230513_100800_jpg.rf.e169d9c45a6acf566f011d61705330e5.jpg,img_20230513_100800,61e4bd3ecc7f60c541ceaebce8e136ff46aad574155c6545e7d5b4c4847920e9,0,0,0,0,0
train,1927,aircraft_surface_damage_crack_v2_0001927.jpg,train,IMG_20230513_100803_jpg.rf.4cc1207f51cfec51b17ff6682b5b51e1.jpg,img_20230513_100803,a8cd91cb666b9719d107999151dea754e54fbfd3773ebda76552690aeeeac5c8,0,0,0,0,0
train,1928,aircraft_surface_damage_crack_v2_0001928.jpg,train,IMG_20230513_100803_jpg.rf.71da79bdf86592448f6498103baf7e61.jpg,img_20230513_100803,431ff520b9674f500acef5c67ae76c1a8e6f237e771ddf934d681634e5397c9a,0,0,0,0,0
train,1929,aircraft_surface_damage_crack_v2_0001929.jpg,train,IMG_20230513_100803_jpg.rf.fcf2c3d087958ce276b4fc6624f3a53d.jpg,img_20230513_100803,c5964d3f44f56302e9e9acb65067366ea9955cf2c85af98f9de5c5d60d427830,0,0,0,0,0
train,1930,aircraft_surface_damage_crack_v2_0001930.jpg,train,IMG_20230513_100805_jpg.rf.54dd3482ea9b3f2593d391042fc72586.jpg,img_20230513_100805,8924368a3f27bc90684c772cc73766cb40634edc0cb85bca4613d4a6fc6089e3,0,0,0,0,0
train,1931,aircraft_surface_damage_crack_v2_0001931.jpg,train,IMG_20230513_100805_jpg.rf.b240a0088c1597d921d2c8e159d208e3.jpg,img_20230513_100805,965a98391f49c8cdfea795e02d5f3f0596d6e754a847da139dc4fe49c55f2356,0,0,0,0,0
train,1932,aircraft_surface_damage_crack_v2_0001932.jpg,train,IMG_20230513_100805_jpg.rf.e1c7bcd7e60210f758730dbef341edd8.jpg,img_20230513_100805,f06c850b00d9b4d37461c74df516b754add6e9f5ce4e6ec7646a94d217888223,0,0,0,0,0
train,1933,aircraft_surface_damage_crack_v2_0001933.jpg,train,IMG_20230513_100808_jpg.rf.39c0608d7aeea21076ff987b4def2b0e.jpg,img_20230513_100808,a8abc1d9015a7b7b1f3869dfd1360af2a691081720c6b506d0e3a81536068234,0,0,0,0,0
train,1934,aircraft_surface_damage_crack_v2_0001934.jpg,train,IMG_20230513_100808_jpg.rf.da831d1ce3503a3bbf860cfb3b613a36.jpg,img_20230513_100808,2c57ad373e8be9192a970c0ab3ab5df2eb5dc3cd34586afab43d5f624b334613,0,0,0,0,0
train,1935,aircraft_surface_damage_crack_v2_0001935.jpg,train,IMG_20230513_100808_jpg.rf.e0a63c6d251ebb20c90f255dd0a00f46.jpg,img_20230513_100808,71538e7738249fe0a6b7f5a5db16e300c3c8f5bb89b8798a67004cbc69dd2ba6,0,0,0,0,0
train,1936,aircraft_surface_damage_crack_v2_0001936.jpg,train,IMG_20230513_100812_jpg.rf.6e7e8f9da18daa98923d7fb48097fd56.jpg,img_20230513_100812,cf84aa75eb4030cd4be8ceff63019c71dd38b7f8f21192b499d0b2d5c63915e5,0,0,0,0,0
train,1937,aircraft_surface_damage_crack_v2_0001937.jpg,train,IMG_20230513_100812_jpg.rf.80f19323276bb748c3f4b3d6ca586c0b.jpg,img_20230513_100812,8903e420a30533cc97d8d725b67d09c43cc8ba1436fce22eaa3d731736dbc8a4,0,0,0,0,0
train,1938,aircraft_surface_damage_crack_v2_0001938.jpg,train,IMG_20230513_100812_jpg.rf.a8d9e4bebcc73cca9da8b97ebd771776.jpg,img_20230513_100812,9f482f0eb505f123803db119c3f1b2f6cc421fa639c08e30aa8641ac53bbc941,0,0,0,0,0
train,1939,aircraft_surface_damage_crack_v2_0001939.jpg,train,IMG_20230513_100816_jpg.rf.24d1c41852170cb4f1e539ca49ee1e70.jpg,img_20230513_100816,8800329abe43e361bf86371fb7bad4f0ede534a4b3f98ef6c83b53de80d38c45,0,0,0,0,0
train,1940,aircraft_surface_damage_crack_v2_0001940.jpg,train,IMG_20230513_100816_jpg.rf.a9b41f1eb792138038b24c738f8d0469.jpg,img_20230513_100816,3711d5e94b8717fce22eeecbd5d0ce4efa4cbe358fe49c6edc1e12f8a9af73c7,0,0,0,0,0
train,1941,aircraft_surface_damage_crack_v2_0001941.jpg,train,IMG_20230513_100816_jpg.rf.b8c52c7d5e834eb17621eb6c03fb04a5.jpg,img_20230513_100816,b104e0b752a7512569b7fa719f6fef3f1e9a9e5bf2d8c0a29ba0c36c713d9ad0,0,0,0,0,0
train,1942,aircraft_surface_damage_crack_v2_0001942.jpg,train,IMG_20230513_100822_jpg.rf.4c985dfa00c4e982c65b6275cefa2ff7.jpg,img_20230513_100822,ce212578f0d91b6566e0c9fbbd776c9be53615075f2739a3ec1af559628b0f9c,1,1,1,0,0
train,1943,aircraft_surface_damage_crack_v2_0001943.jpg,train,IMG_20230513_100822_jpg.rf.72dcc8f34e455986ff1dd99e72299a8a.jpg,img_20230513_100822,1e1086c8f2b55aeab24adeb933915031dd36e59d463b9479c8fcf7a93b89729d,1,1,1,0,0
train,1944,aircraft_surface_damage_crack_v2_0001944.jpg,train,IMG_20230513_100822_jpg.rf.faad6c8d239efaa0c85d7dddbd9543c6.jpg,img_20230513_100822,3b84cf6ed51933abb5da047cf30a18c72cba3d9215a597717e6b4535fef0656b,1,1,1,0,0
train,1945,aircraft_surface_damage_crack_v2_0001945.jpg,train,IMG_20230513_100825_jpg.rf.0757a23565a073772c5532091e5b4289.jpg,img_20230513_100825,38dfe54d606a155f40d1c34dc0243be508b3e52f1665acb3fb8460d37a863d8e,1,1,1,0,0
train,1946,aircraft_surface_damage_crack_v2_0001946.jpg,train,IMG_20230513_100825_jpg.rf.ebf09feaaf5300205cc610078e209031.jpg,img_20230513_100825,43f01b82e4170c68238a813bf8fe1c238e9a35d9da91d5dbebe1d8cbe7d041f2,1,1,1,0,0
train,1947,aircraft_surface_damage_crack_v2_0001947.jpg,train,IMG_20230513_100825_jpg.rf.f0d4813413f2d30f82e7e68982385835.jpg,img_20230513_100825,b7e26a58d39a238544ce2836a34d131f89eb727d46b3660836942a3cb8d661eb,1,1,1,0,0
train,1948,aircraft_surface_damage_crack_v2_0001948.jpg,train,IMG_20230513_100828_jpg.rf.4a2b884de6f7e4f4fe0965d4cfc91cff.jpg,img_20230513_100828,fd8fbcd0d348b300d29b5b25acb9e1559b9b058faf46ebc13dddfc1b8fb0a5af,1,1,1,0,0
train,1949,aircraft_surface_damage_crack_v2_0001949.jpg,train,IMG_20230513_100828_jpg.rf.6753b4c453f27251e087c1cabceefbd3.jpg,img_20230513_100828,16ff71dac71e8b6421df5629e1d6b3cd404eee18de56fc096b0df911a8f25ce7,1,1,1,0,0
train,1950,aircraft_surface_damage_crack_v2_0001950.jpg,train,IMG_20230513_100828_jpg.rf.67841f02ae745409b2386db5d02c257a.jpg,img_20230513_100828,27c52a253baaed2087e5cdb4650c050ca9c070aaf251073655d992a1d2ad34b8,1,1,1,0,0
train,1951,aircraft_surface_damage_crack_v2_0001951.jpg,train,IMG_20230513_100831_jpg.rf.26c3356a780a70c4a945e6c1013fb45d.jpg,img_20230513_100831,39e6024d32730e42154d67207ff6eadd457a52b141157d373578c60ada62180c,1,1,0,1,0
train,1952,aircraft_surface_damage_crack_v2_0001952.jpg,train,IMG_20230513_100831_jpg.rf.a3adfab28cccd93a1f56e21396890d39.jpg,img_20230513_100831,125c20bb7e7e439b31d271bd0a8731db93e97e5974545b18438268d35ea06c8e,1,1,1,0,0
train,1953,aircraft_surface_damage_crack_v2_0001953.jpg,train,IMG_20230513_100831_jpg.rf.a6aef7dd6ebf3f8fe81fd057df209430.jpg,img_20230513_100831,e32d2baf201beb66e16180ff4918e816a8caef57b9c0d77ea4e29c6ae2803214,1,1,1,0,0
train,1954,aircraft_surface_damage_crack_v2_0001954.jpg,train,IMG_20230513_100834_jpg.rf.3d67f4881cf75d28651464b52e86f428.jpg,img_20230513_100834,591b07a42f30280e59159c10e339abc3061c432bb1eae30d88880d428aaa6674,1,1,1,0,0
train,1955,aircraft_surface_damage_crack_v2_0001955.jpg,train,IMG_20230513_100834_jpg.rf.48b89d4a3a2e2dd4e2d1256584c6b828.jpg,img_20230513_100834,69634881c3d836a5fd89c6792af93f18caa5a0dc9f13fdd7c0a3afea2e1d5c7c,1,1,1,0,0
train,1956,aircraft_surface_damage_crack_v2_0001956.jpg,train,IMG_20230513_100834_jpg.rf.b16b6e113a7115ed6cc3a0dc9c0b695a.jpg,img_20230513_100834,a5de359638e01b2f2d4e57c7b96c8731391cafe22c8a84b378b1c6ea092ffae6,1,1,1,0,0
train,1957,aircraft_surface_damage_crack_v2_0001957.jpg,train,IMG_20230513_100840_jpg.rf.2d3d61620147e1ea5073e94ca2d6e129.jpg,img_20230513_100840,7ded5797c93ae4b505da2e594838097be0331accd036cef7b22645c99e077637,0,0,0,0,0
train,1958,aircraft_surface_damage_crack_v2_0001958.jpg,train,IMG_20230513_100840_jpg.rf.5810c99e677d0d8286795a9408072271.jpg,img_20230513_100840,5f16a29e0667c27dc46907df9adc118d68be2f95e95f20a81abd0896f79849b9,0,0,0,0,0
train,1959,aircraft_surface_damage_crack_v2_0001959.jpg,train,IMG_20230513_100840_jpg.rf.9719bc6c2576cc79d8067cfbed05b85f.jpg,img_20230513_100840,457529600297bc28c2dbcccb9ec011bcac1fba35ab297dd4c2b1e4c469e6f596,0,0,0,0,0
train,1960,aircraft_surface_damage_crack_v2_0001960.jpg,train,IMG_20230513_101008_jpg.rf.0d1105ee76c02ef475159e908bd42feb.jpg,img_20230513_101008,ef529735d017cfb3c6b55f65ffc30a16267640769beaa14ff0cb9dd7ba56334a,1,1,0,0,1
train,1961,aircraft_surface_damage_crack_v2_0001961.jpg,train,IMG_20230513_101008_jpg.rf.de6ee9baf53d5d8e6e14be73e9a0573d.jpg,img_20230513_101008,9756883b6e9a64fe4134fb69bd5c4f235f8ba238825e3d306373e6105f686c60,1,1,0,0,1
train,1962,aircraft_surface_damage_crack_v2_0001962.jpg,train,IMG_20230513_101008_jpg.rf.f4b947f3a0ad4b43e164679e56d82a98.jpg,img_20230513_101008,94c51108e8bc9f8ce969a71bc2189311f66aa5dc36901b1e422cc49c25f9713f,1,1,0,1,0
train,1963,aircraft_surface_damage_crack_v2_0001963.jpg,train,IMG_20230513_101010_jpg.rf.118230f5796e950b7c11ec8d615f7dc1.jpg,img_20230513_101010,c95038a7e974a1d65e93056bb2e828a74667ec42638834bedf8636ebb7c3de8a,1,1,0,0,1
train,1964,aircraft_surface_damage_crack_v2_0001964.jpg,train,IMG_20230513_101010_jpg.rf.44b270c8a17cdc714e8dae15ae2f62e4.jpg,img_20230513_101010,91028cc1e009b5ebe517a31301cfd7188f393cff08c74b069fa981f28ecb1cca,1,1,0,1,0
train,1965,aircraft_surface_damage_crack_v2_0001965.jpg,train,IMG_20230513_101010_jpg.rf.bfd7e2c760de2ba1d756b88029873ab0.jpg,img_20230513_101010,33ed6f320781f49c9bcc2b132549e91aa4cde0ada6f843bd43e92298e3c1ab0c,1,1,0,0,1
train,1966,aircraft_surface_damage_crack_v2_0001966.jpg,train,IMG_20230513_101011_jpg.rf.2f8df6a59173f54355d6c4cd3ff1eb70.jpg,img_20230513_101011,0cfbca2e60c419fb0214f8c8ebeb8c02f96f6a9a42a3d1db50b4d999cd097fdb,1,1,0,0,1
train,1967,aircraft_surface_damage_crack_v2_0001967.jpg,train,IMG_20230513_101011_jpg.rf.474c73d62c9ed97941ba6489c11995dc.jpg,img_20230513_101011,263e1f426880e44b9638fde2b440018cc08ede4de4e5e5909714aabb0f3a019d,1,1,0,0,1
train,1968,aircraft_surface_damage_crack_v2_0001968.jpg,train,IMG_20230513_101011_jpg.rf.8ac9220739b68c98fd08c6cad7f1cded.jpg,img_20230513_101011,76eef5d0ce8d28d97298fe7386c897f9aada59832be17a005010651fa3c64157,1,1,0,0,1
train,1969,aircraft_surface_damage_crack_v2_0001969.jpg,train,IMG_20230513_101013_jpg.rf.037ea27ce7573d4d636b51df8f341306.jpg,img_20230513_101013,1ec109e36a1ffd8700d9d90a18eb7b95a64e903137a65e6305fd158740e7b67f,1,1,0,0,1
train,1970,aircraft_surface_damage_crack_v2_0001970.jpg,train,IMG_20230513_101013_jpg.rf.794cbdb3c0a4d0b45cad9950144692ea.jpg,img_20230513_101013,e37324d91e9050633bb587f3f0f8d9fcf0e6684d3bc08db796dd8d2ddec043fb,1,1,0,0,1
train,1971,aircraft_surface_damage_crack_v2_0001971.jpg,train,IMG_20230513_101013_jpg.rf.8d6017e0aec084f1cc5e7261026e7ab0.jpg,img_20230513_101013,cfb0860f0af965882c628b3885bdae98c76b82628990e914f667eb06c00a8a55,1,1,0,0,1
train,1972,aircraft_surface_damage_crack_v2_0001972.jpg,train,IMG_20230513_101015_jpg.rf.ace7fc0d17b713cd2feb7d52a5b1f17d.jpg,img_20230513_101015,0baeec5026b1e22d5816dc593093235153721ebe8d7995330535ac0b6a0ff5fb,1,1,0,1,0
train,1973,aircraft_surface_damage_crack_v2_0001973.jpg,train,IMG_20230513_101015_jpg.rf.b19e7757a6253df9c0a2bc4806ecdd38.jpg,img_20230513_101015,a127694d1ef2ccc0d21f3e9c0251e83d95d2c96f81148cf37dde624a32e022a9,1,1,0,1,0
train,1974,aircraft_surface_damage_crack_v2_0001974.jpg,train,IMG_20230513_101015_jpg.rf.df1279d0140188ad4cf179f829278992.jpg,img_20230513_101015,5d5dd855a9a3542d04de69b370225d6ff56e5995b7f49b8d75132cdae6fbc8f8,1,1,0,1,0
train,1975,aircraft_surface_damage_crack_v2_0001975.jpg,train,IMG_20230513_101018_jpg.rf.3155a5b53bb217154a77d013ee4d3143.jpg,img_20230513_101018,0551028e428fa43d738a2dfe0512be8b9f27d8016522e103686fb258543f9d06,1,1,0,1,0
train,1976,aircraft_surface_damage_crack_v2_0001976.jpg,train,IMG_20230513_101018_jpg.rf.6d8ab7d8ee835c5ac0b0734bcf6e5765.jpg,img_20230513_101018,13ef65f73ff9ba236005298a9a92be83634c1d1d3ca0200c1b550798e2b87693,1,1,0,1,0
train,1977,aircraft_surface_damage_crack_v2_0001977.jpg,train,IMG_20230513_101018_jpg.rf.bf3556ebb3f25f4ee644433631213823.jpg,img_20230513_101018,38c9ed5eef02fb13ad21565d89d66ab84193e417b3ab04982b63ab0586a81872,1,1,0,1,0
train,1978,aircraft_surface_damage_crack_v2_0001978.jpg,train,IMG_20230513_101020_jpg.rf.613dba0254091deabf897503849ba6b1.jpg,img_20230513_101020,73793f26c8c91f3d830940a3877396fa03cc6e5b36ce42b066f9fd8b9007286f,1,1,0,1,0
train,1979,aircraft_surface_damage_crack_v2_0001979.jpg,train,IMG_20230513_101020_jpg.rf.8d80c428fabf6de4c0d5a47a9ace52c3.jpg,img_20230513_101020,37ea5367837340b890b6d2a5f1a55442ae197ef6a7bee8d123660a6e3a51e37e,1,1,0,1,0
train,1980,aircraft_surface_damage_crack_v2_0001980.jpg,train,IMG_20230513_101020_jpg.rf.9efa78eab4ae92b1d74aed177b9a4d9f.jpg,img_20230513_101020,a8402539f85432f3b878763b90da8571c8ec673a5119cf88dc51c97810d4bbf9,1,1,1,0,0
train,1981,aircraft_surface_damage_crack_v2_0001981.jpg,train,IMG_20230513_101022_jpg.rf.b0ed8f71c8832faba0ea8088246b604b.jpg,img_20230513_101022,2f49e36f8ef4e06dd50663e7417a8ec22f5d1553bbc308abefcaa1fcd92a8553,1,1,1,0,0
train,1982,aircraft_surface_damage_crack_v2_0001982.jpg,train,IMG_20230513_101022_jpg.rf.cfd5814193c185f02a2c8433fed304a8.jpg,img_20230513_101022,7167175e1ac08a6810e348bc7ffa6ab730542cc3330bcedac67bf542a92a1495,1,1,1,0,0
train,1983,aircraft_surface_damage_crack_v2_0001983.jpg,train,IMG_20230513_101022_jpg.rf.f39b779e04c42d2762ab5bac9d23c6c9.jpg,img_20230513_101022,86a09bf3a834fb2b5101201afca3c881069c4e79637e088eb0aa6907e2c8daf0,1,1,1,0,0
train,1984,aircraft_surface_damage_crack_v2_0001984.jpg,train,IMG_20230513_101026_jpg.rf.07c1f6733205f642df060f67541e9e41.jpg,img_20230513_101026,dee021df46f2f2c5c5d36a0ac38582ca4d1e87e09fde175f2e1dd8b75428c248,1,1,0,1,0
train,1985,aircraft_surface_damage_crack_v2_0001985.jpg,train,IMG_20230513_101026_jpg.rf.7f2884ce6147edf99009712651a5800a.jpg,img_20230513_101026,beca0727a61c3130229473291dbdc527f81fdbf10b6c2c735648de01bed4b759,1,1,0,1,0
train,1986,aircraft_surface_damage_crack_v2_0001986.jpg,train,IMG_20230513_101026_jpg.rf.e7c14b8cae2902dd893ec1f1f32914fc.jpg,img_20230513_101026,dbe1e652ae0a65e2300caf101be2e583a46847cfcdbe7faa040cb2abd6c34151,1,1,0,1,0
train,1987,aircraft_surface_damage_crack_v2_0001987.jpg,train,IMG_20230513_101030_jpg.rf.acdd91bf6b429a07ea131a4a15832b4f.jpg,img_20230513_101030,5e9a17b70e75af02c3a3d46597ae9dce778f8a0a8798d66c2aee2b9b1ddcbd45,1,1,0,0,1
train,1988,aircraft_surface_damage_crack_v2_0001988.jpg,train,IMG_20230513_101030_jpg.rf.b4ac2974b0c464d14f30b261d548ea60.jpg,img_20230513_101030,924a971aa83be90177bd3657d364c7f7d8e3df229df34920e0574d76277b6d77,1,1,0,1,0
train,1989,aircraft_surface_damage_crack_v2_0001989.jpg,train,IMG_20230513_101030_jpg.rf.ea0cdcdc77c615ced83d328004a8a6ea.jpg,img_20230513_101030,cacea6a4598cd611f9e0709bedebda2dd2347cdc40652ba01881f83676f86c97,1,1,0,0,1
train,1990,aircraft_surface_damage_crack_v2_0001990.jpg,train,IMG_20230513_101035_jpg.rf.45a4e5bd1be0443bf66e3324c8b2203c.jpg,img_20230513_101035,e5e48636fedb139de324b7b66f57df3bf3cc1672c4aa2e71c57cc63352850cd9,1,1,0,0,1
train,1991,aircraft_surface_damage_crack_v2_0001991.jpg,train,IMG_20230513_101035_jpg.rf.cbdca3eed2c388b040dd7207a110ea68.jpg,img_20230513_101035,440edcade259ac0056cdde2a57cfd5833693d8f209d623394d1576f1410132da,1,1,0,0,1
train,1992,aircraft_surface_damage_crack_v2_0001992.jpg,train,IMG_20230513_101035_jpg.rf.f3a21e2c3178fca72ae64e65ad9d244d.jpg,img_20230513_101035,f0831e1e119fa11547abbd0c18651feedf5eeddfdb542810478983eb6dd3f9cd,1,1,0,1,0
train,1993,aircraft_surface_damage_crack_v2_0001993.jpg,train,IMG_20230513_101037_jpg.rf.18ff8040776b300edfc5bf6f03046081.jpg,img_20230513_101037,ec48390b0d589c4af55fce334be83833cfb17e5e5d36d2484898075a39b7c394,1,1,0,1,0
train,1994,aircraft_surface_damage_crack_v2_0001994.jpg,train,IMG_20230513_101037_jpg.rf.298e1df2a4772c4ef70c73a9b93daaad.jpg,img_20230513_101037,3813e37167911f622c938ea647d28d948e4a4aa161cab6fdfa516f23ec90183c,1,1,0,1,0
train,1995,aircraft_surface_damage_crack_v2_0001995.jpg,train,IMG_20230513_101037_jpg.rf.38e4c4ab170d9c35b1a1dd44c644e8f6.jpg,img_20230513_101037,3ef812a7c2276ba38216a5bd2b95ef80912ab7f10dcfbf987bdb3524e183a701,1,1,0,1,0
train,1996,aircraft_surface_damage_crack_v2_0001996.jpg,train,IMG_20230513_101039_jpg.rf.348088027f71b62976f6f8eeee3f84fb.jpg,img_20230513_101039,aa6c47325d58b8de5d69c35c3db7b3c3737ef8fac05ce3bf02902e5ba8c9245c,1,1,0,0,1
train,1997,aircraft_surface_damage_crack_v2_0001997.jpg,train,IMG_20230513_101039_jpg.rf.936853df4da10cb2c0b9280489d0aebf.jpg,img_20230513_101039,3e0e7471757b6066e60afa577ad1689ded4c40b23fa0f3cba3dbf5dc553a6122,1,1,0,0,1
train,1998,aircraft_surface_damage_crack_v2_0001998.jpg,train,IMG_20230513_101039_jpg.rf.ff75f445165f7509d8b7e315dfaaac95.jpg,img_20230513_101039,6c441b41b1dd8d0cd72078107ed166f666ef044735bae883925ed1a0d9fa60f8,1,1,0,0,1
train,1999,aircraft_surface_damage_crack_v2_0001999.jpg,train,IMG_20230513_101041_jpg.rf.630c7e9382417fcfbc7c02423254b545.jpg,img_20230513_101041,453ff3b75a0d5afbe07a6200f62a2758c93fa491bb79e6359e34a3401ab7c865,1,1,0,0,1
train,2000,aircraft_surface_damage_crack_v2_0002000.jpg,train,IMG_20230513_101041_jpg.rf.be54deb472513305683b008110ca5d66.jpg,img_20230513_101041,f80dbfd06f1fa1c390a5ce1e05c3a0405bf9ea9de071005f63db80da02a12afe,1,1,0,1,0
train,2001,aircraft_surface_damage_crack_v2_0002001.jpg,train,IMG_20230513_101041_jpg.rf.e45081555a6c9860921abed128cc46ae.jpg,img_20230513_101041,57cf340ca6e42bb373eada6f8e28f434f6275410f8232d8cec51f96059cab6a1,1,1,0,1,0
train,2002,aircraft_surface_damage_crack_v2_0002002.jpg,train,IMG_20230513_101126_jpg.rf.e0becd4377fb8bbf2c7b04f2c2cc4e1b.jpg,img_20230513_101126,614e05523cad85e3cba7e829638f6dd1a7437b9a34667625d135215ba243763d,0,0,0,0,0
train,2003,aircraft_surface_damage_crack_v2_0002003.jpg,train,IMG_20230513_101126_jpg.rf.e9c3584fc003b283ab9d5bfbfec1ba52.jpg,img_20230513_101126,62f30dd092061f143a58e2e5da1248ef683cca3a87259d14a779e434a30e5937,0,0,0,0,0
train,2004,aircraft_surface_damage_crack_v2_0002004.jpg,train,IMG_20230513_101126_jpg.rf.fbcf1775c1ff0c569cc9ff1287743f95.jpg,img_20230513_101126,c3120a82aa4d4c7cd5fadc187e230aa07e84c7bbaaec2374abd24859e5710397,0,0,0,0,0
train,2005,aircraft_surface_damage_crack_v2_0002005.jpg,train,IMG_20230513_101128_jpg.rf.1d0b414dfb090d5e42b84b6922a9a474.jpg,img_20230513_101128,f8abfc6ea1e1e8ca604957ab83933b38fa10fe91884f9c464492cdc9b9f5769a,0,0,0,0,0
train,2006,aircraft_surface_damage_crack_v2_0002006.jpg,train,IMG_20230513_101128_jpg.rf.9e5af7b274d9cfa59e4a69583cec61a3.jpg,img_20230513_101128,0c65ca2d4645eada2f67ba0eba199ce3d9321c5ff8ffc5ecdcf0b6388ba1db60,0,0,0,0,0
train,2007,aircraft_surface_damage_crack_v2_0002007.jpg,train,IMG_20230513_101128_jpg.rf.e661c37d9431cec80c4af77dd04c3026.jpg,img_20230513_101128,847be1f559d2c64a751917ca9a8e6eef0ed9a7e57fff1f5723d9ebf4c2b466da,0,0,0,0,0
train,2008,aircraft_surface_damage_crack_v2_0002008.jpg,train,IMG_20230513_101130_jpg.rf.89b22934633b2468f1530d14eeeff3f8.jpg,img_20230513_101130,8e533fd0f3a2d880d652db206ddb6b91a95c70a4f040ab736a0a9f4753385e5f,0,0,0,0,0
train,2009,aircraft_surface_damage_crack_v2_0002009.jpg,train,IMG_20230513_101130_jpg.rf.922f43c46c028835f9c1001af33abcbc.jpg,img_20230513_101130,e19efebe90b9394d39c6969e5c03d41081dcb06a9584ded3face827cf4e0c085,0,0,0,0,0
train,2010,aircraft_surface_damage_crack_v2_0002010.jpg,train,IMG_20230513_101130_jpg.rf.ef654c8d9a537d6d5d17744d5f9de571.jpg,img_20230513_101130,d60e3840670c0b54378f80c535e099ac18a5a90bc1b08e9592944c86858920bd,0,0,0,0,0
train,2011,aircraft_surface_damage_crack_v2_0002011.jpg,train,IMG_20230513_101133_jpg.rf.0b187e232885b12fba51eff85b3d26f3.jpg,img_20230513_101133,a1030e58c571910e6b6c3bdd8d875df4c717d23011425cfdf697b7d67b6d6078,0,0,0,0,0
train,2012,aircraft_surface_damage_crack_v2_0002012.jpg,train,IMG_20230513_101133_jpg.rf.380ea1cb9d42f59ec59cf147ce38a2bc.jpg,img_20230513_101133,bb41a7bdab08be4a5307118af700921ff3e377b9c977fc1d7547237e3dc4f003,0,0,0,0,0
train,2013,aircraft_surface_damage_crack_v2_0002013.jpg,train,IMG_20230513_101133_jpg.rf.e69b5bfbedd1cd40d25170113e044382.jpg,img_20230513_101133,80bd9b12c1cd5a4b4a5422fa3979e3232d00073aa92ab5d1dc1d7bc02a11e4b3,0,0,0,0,0
train,2014,aircraft_surface_damage_crack_v2_0002014.jpg,train,IMG_20230513_101137_jpg.rf.131071b1663f0cdd940c94456deb83c0.jpg,img_20230513_101137,5562a319476e1a086579e0b4f40ea67ade712e9f87b1bef2785a2402b142533c,0,0,0,0,0
train,2015,aircraft_surface_damage_crack_v2_0002015.jpg,train,IMG_20230513_101137_jpg.rf.5948e32b920dcac91f3fb400f4d60a12.jpg,img_20230513_101137,aefc89a181ebbf1efe5aad89613994c78b822c556f068dc08500b15945bfc23a,0,0,0,0,0
train,2016,aircraft_surface_damage_crack_v2_0002016.jpg,train,IMG_20230513_101137_jpg.rf.ec4f57f4cbc51353452ff06ee0c7a22f.jpg,img_20230513_101137,abe607f8739cce311804aa62f839e82acbe29e3d1f0ce2890ff439a5c688238f,0,0,0,0,0
train,2017,aircraft_surface_damage_crack_v2_0002017.jpg,train,IMG_20230513_101145_jpg.rf.2bbc43133a4f359ac73cc61a33fa6a6a.jpg,img_20230513_101145,43beff3c38bbea8c282ae9d6852028ebe018ba6a43412b5c6a94706457bb67c3,0,0,0,0,0
train,2018,aircraft_surface_damage_crack_v2_0002018.jpg,train,IMG_20230513_101145_jpg.rf.7504eb2beccad9c536d79acde444c13b.jpg,img_20230513_101145,72077cb6225a15928b73cb91cf49be3bd75a6848b1badf18ed5eafff06dbdf8e,0,0,0,0,0
train,2019,aircraft_surface_damage_crack_v2_0002019.jpg,train,IMG_20230513_101145_jpg.rf.dd9ee34bdab3ae9d1e2bc2216e5887f4.jpg,img_20230513_101145,1d5dc0a4b6ce641b86b611f5e74361d5e37aa3e16062c677dea9e612c42cc69b,0,0,0,0,0
train,2020,aircraft_surface_damage_crack_v2_0002020.jpg,train,IMG_20230513_101149_jpg.rf.19fe1cd4475f7d7432b046832a272799.jpg,img_20230513_101149,db0029d5e5f831e5818dc5d22fcb227f67535bb2aa765d1cc1d0b4253adda6a0,0,0,0,0,0
train,2021,aircraft_surface_damage_crack_v2_0002021.jpg,train,IMG_20230513_101149_jpg.rf.25dccc1fcb3fbbc45370ec24375e0418.jpg,img_20230513_101149,88a5220d08a19c2180437398f5a509c9cf4cc5d1ac51c0e50c0ca9da0e7f4ca9,0,0,0,0,0
train,2022,aircraft_surface_damage_crack_v2_0002022.jpg,train,IMG_20230513_101149_jpg.rf.62d1aec953e58da2b0550f137890bf11.jpg,img_20230513_101149,39d44b8fe7c09fde9d9dc5e1991d791dd23f587237c5aaefd03fa9abf0049f2b,0,0,0,0,0
train,2023,aircraft_surface_damage_crack_v2_0002023.jpg,train,IMG_20230513_101155_jpg.rf.30a4ca496923973f332ef79ec9d1c26d.jpg,img_20230513_101155,57ddc7051eaa206c71ba45f8478b52e20ac82f4265b8be113dcc532767f1928b,0,0,0,0,0
train,2024,aircraft_surface_damage_crack_v2_0002024.jpg,train,IMG_20230513_101155_jpg.rf.6b358ef57bc1f833044aab781c5cf9da.jpg,img_20230513_101155,0412905321ab78f6dbe048161c62d74f0fe03c1a96f56cae6137de65ac907709,0,0,0,0,0
train,2025,aircraft_surface_damage_crack_v2_0002025.jpg,train,IMG_20230513_101155_jpg.rf.85f9ff9f93514460c1d11d996fb524ea.jpg,img_20230513_101155,947334a321e281b0887204f57846888b47e0b02d6f1f577ed38b689aa10c0f94,0,0,0,0,0
train,2026,aircraft_surface_damage_crack_v2_0002026.jpg,train,IMG_20230513_101159_jpg.rf.043b4846f3af2bcdd096ff9720982207.jpg,img_20230513_101159,a4fb8eaa1e0e0e31763585ad0e9e9fce69178fb6c4424ddd04e31d53d5adb751,0,0,0,0,0
train,2027,aircraft_surface_damage_crack_v2_0002027.jpg,train,IMG_20230513_101159_jpg.rf.0488dfd89d44f59cef64a44127156a37.jpg,img_20230513_101159,fd93f7a7188d6063435751f85b70589b6c4317fa05386bee83c89c6e5fea598c,0,0,0,0,0
train,2028,aircraft_surface_damage_crack_v2_0002028.jpg,train,IMG_20230513_101159_jpg.rf.9412bead67c06799e4203781559d4938.jpg,img_20230513_101159,cc6c6fe2bc2a985ec15896dcca90229323f1141933b9956cff12294e6a4c5f02,0,0,0,0,0
train,2029,aircraft_surface_damage_crack_v2_0002029.jpg,train,IMG_20230513_101404_jpg.rf.35cde3f9550c7f25cf5c048070a8d9f0.jpg,img_20230513_101404,fd536c968a49ff31b2eda113a4513600932a5c190d6ed3b0e5ed4510b5e476e7,0,0,0,0,0
train,2030,aircraft_surface_damage_crack_v2_0002030.jpg,train,IMG_20230513_101404_jpg.rf.377e7fb09a2a3ab8965897741f441e7d.jpg,img_20230513_101404,d116c5bc599a52a0cb6a99f7f55a24b593c9f31c3f8f2f4ac66274a2f80dea02,0,0,0,0,0
train,2031,aircraft_surface_damage_crack_v2_0002031.jpg,train,IMG_20230513_101404_jpg.rf.f3d7d488cabf571e925d293f85cdf2ec.jpg,img_20230513_101404,310dbfc5bb30ebad7a98640eade5373449b30633c23cb0390536ac91fdeaa50d,0,0,0,0,0
train,2032,aircraft_surface_damage_crack_v2_0002032.jpg,train,IMG_20230513_101406_jpg.rf.0f15e5ed4ec11e25f64fb0c4f33c7386.jpg,img_20230513_101406,a2b1b61631d7a9f93be83c8f2919d738b8105abe3daad1ba3ca7431e92502c11,0,0,0,0,0
train,2033,aircraft_surface_damage_crack_v2_0002033.jpg,train,IMG_20230513_101406_jpg.rf.1829e84cecd3ffacaee689d449c4f263.jpg,img_20230513_101406,96f9a9193f933d7eb79ab820a78d67721719068a692a88f4911e56009dd9a020,0,0,0,0,0
train,2034,aircraft_surface_damage_crack_v2_0002034.jpg,train,IMG_20230513_101406_jpg.rf.f75e8b86aba86f585bcb1affdde421ba.jpg,img_20230513_101406,b80285a7af73a8d35ca49fe495e979d72a711d09408dfaf5926fa45c0f1de859,0,0,0,0,0
train,2035,aircraft_surface_damage_crack_v2_0002035.jpg,train,IMG_20230513_101412_jpg.rf.730f811ad0bd2d675019b68a822b23db.jpg,img_20230513_101412,9dc47fe12a205e360fdc37c6e4188268d2f1f650a7fcac99372436e72de945de,0,0,0,0,0
train,2036,aircraft_surface_damage_crack_v2_0002036.jpg,train,IMG_20230513_101412_jpg.rf.99ffdfd43b3879e4ef3e7002799d0c72.jpg,img_20230513_101412,53f1b638769a995ec236a6171d4c16f9ce87787cc93455fa0637d7d7cb8afe83,0,0,0,0,0
train,2037,aircraft_surface_damage_crack_v2_0002037.jpg,train,IMG_20230513_101412_jpg.rf.de93a6b684bc024efcdd68e9d84865c7.jpg,img_20230513_101412,9b251a1aecf884f84b1fdb27a2529007aebc912f6731a29b610cb099d5b69041,0,0,0,0,0
train,2038,aircraft_surface_damage_crack_v2_0002038.jpg,train,IMG_20230513_101416_jpg.rf.95439780f61e1d145f786e964bc971f4.jpg,img_20230513_101416,f522166edc75e61401ce7cc2b3828bedf1b682157e631e2ff0e733725606b4f2,0,0,0,0,0
train,2039,aircraft_surface_damage_crack_v2_0002039.jpg,train,IMG_20230513_101416_jpg.rf.9f3417bb59ae8c29904668d0efc3de5b.jpg,img_20230513_101416,3e2a0b1060d990e6308c37fc9d13361f5ba7da3b1c0fd3263b032073bac26c88,0,0,0,0,0
train,2040,aircraft_surface_damage_crack_v2_0002040.jpg,train,IMG_20230513_101416_jpg.rf.da3b340fd35678b5d18cbbd9857c23c3.jpg,img_20230513_101416,f76f2c8b3f78fe0c83188cb47ae52ad582baa11cf98aa237397b04b151830ffd,0,0,0,0,0
train,2041,aircraft_surface_damage_crack_v2_0002041.jpg,train,IMG_20230513_101419_jpg.rf.7f448302892a73d23c47ae36f834bdd7.jpg,img_20230513_101419,944f079019b65418f42eeabc1c39352717992a1b0c6fb0e7080afc911e5b2efe,0,0,0,0,0
train,2042,aircraft_surface_damage_crack_v2_0002042.jpg,train,IMG_20230513_101419_jpg.rf.86efcb860faed97d6d78e4b3cd74a233.jpg,img_20230513_101419,84cdb6255ec361aa4706530accb41d811e428a073b8f079a700cc1ac6fef0315,0,0,0,0,0
train,2043,aircraft_surface_damage_crack_v2_0002043.jpg,train,IMG_20230513_101419_jpg.rf.a55cffa5854312aac25f02cf4d4fde7f.jpg,img_20230513_101419,716c35c58b16fa8e625b889e524c718c29fc79ebf3f06fe8bbad060f9686f47f,0,0,0,0,0
train,2044,aircraft_surface_damage_crack_v2_0002044.jpg,train,IMG_20230513_101429_jpg.rf.cf57610a76750bb18816cfc354970de4.jpg,img_20230513_101429,8bb0545a0ad1a2c0525da9216b2519e72243eb362e43ef97fb7ce2c1a6c3c479,0,0,0,0,0
train,2045,aircraft_surface_damage_crack_v2_0002045.jpg,train,IMG_20230513_101429_jpg.rf.d18288c9ba7d051ab8af4fd4fa3a0b92.jpg,img_20230513_101429,3654b3d2919fda4eb81ed12918889ce8465f012dcec1d1b30275558c184888d1,0,0,0,0,0
train,2046,aircraft_surface_damage_crack_v2_0002046.jpg,train,IMG_20230513_101429_jpg.rf.dc556f52c93306c3c154d76f76157121.jpg,img_20230513_101429,c5d6d08a3b8ad6a1c007e25f19f51db66ea970b2bf1dd8a2eca9b66bd16173dc,0,0,0,0,0
train,2047,aircraft_surface_damage_crack_v2_0002047.jpg,train,IMG_20230513_101431_jpg.rf.324b613ede5524bad67fb9e19772e28f.jpg,img_20230513_101431,ffa8427831843f33021673b73a94cd5e390454909f9026c1f33fcff5ad38ea85,0,0,0,0,0
train,2048,aircraft_surface_damage_crack_v2_0002048.jpg,train,IMG_20230513_101431_jpg.rf.6fa7f43e41544212eae586aedc312956.jpg,img_20230513_101431,a8b64b9efd606aa47b84706519d1c5797ae5ab9427c830994a9cc66cb8eb5411,0,0,0,0,0
train,2049,aircraft_surface_damage_crack_v2_0002049.jpg,train,IMG_20230513_101431_jpg.rf.b4cf5a29f6fb7f3cc8bb5b2e198f8881.jpg,img_20230513_101431,979c56c9eb64a0cd8e7c4d1ea36138396fe47084cd15795b711e9b4e9b8478cd,0,0,0,0,0
train,2050,aircraft_surface_damage_crack_v2_0002050.jpg,train,IMG_20230513_101434_jpg.rf.27bb2a1cb80178a0d99c39d89241ff28.jpg,img_20230513_101434,5212e9c4c624e80312b622959b7a0a04865616ea0d3565d2945e177749020cb4,0,0,0,0,0
train,2051,aircraft_surface_damage_crack_v2_0002051.jpg,train,IMG_20230513_101434_jpg.rf.3e1af1529bbc1bd47e3b993cd65a31aa.jpg,img_20230513_101434,16a8d49709fcde18aad461f04548c4e33e1074de3637a92fdd989cdfc59ae340,0,0,0,0,0
train,2052,aircraft_surface_damage_crack_v2_0002052.jpg,train,IMG_20230513_101434_jpg.rf.86791de80261e213afe673f5c6f24e16.jpg,img_20230513_101434,b1ca5e0c7a5bed74e7e5494a43da0c9dfa46f7ccf65bad9f6d167d15cdfc6b10,0,0,0,0,0
train,2053,aircraft_surface_damage_crack_v2_0002053.jpg,train,IMG_20230513_101525_jpg.rf.24f73063f543f87b3f147eca9804ab55.jpg,img_20230513_101525,d5ac4e116e6875f18c536fb4ec07ff9682dd37e133dd67b55f07cfa617f0d3c8,1,2,0,2,0
train,2054,aircraft_surface_damage_crack_v2_0002054.jpg,train,IMG_20230513_101525_jpg.rf.b6f6e8f9c4172b459b13e9de7c46296d.jpg,img_20230513_101525,0b467aae82f5dcf689f9f3928f22ee266e0a17dac7ab943f4d63c56f392803bb,1,2,0,2,0
train,2055,aircraft_surface_damage_crack_v2_0002055.jpg,train,IMG_20230513_101525_jpg.rf.e05c4fd9a3ac99d5e4716f70a223018d.jpg,img_20230513_101525,ec5d599da24ca4385a302e90f1d96f3caf60ab987ff7fbbc8def692c0e24924f,1,2,0,2,0
train,2056,aircraft_surface_damage_crack_v2_0002056.jpg,train,IMG_20230513_101527_jpg.rf.267e13f55cb85b120b8e63d7ed022af6.jpg,img_20230513_101527,d8f8b25ad337c4774915bd4836120efd5528cd4dfa67c88ce4b8597a5ca6d76c,1,2,0,2,0
train,2057,aircraft_surface_damage_crack_v2_0002057.jpg,train,IMG_20230513_101527_jpg.rf.694c22fc562f1a1366984f5848b73519.jpg,img_20230513_101527,ea05009881d514f1bba5c32b9e7d1afa21edfce56ab1a66dad4527f839fe98d0,1,2,0,2,0
train,2058,aircraft_surface_damage_crack_v2_0002058.jpg,train,IMG_20230513_101527_jpg.rf.c92fc97931207aac5ffd02f79fcc885b.jpg,img_20230513_101527,763a0a3be1b8b76a04dbea07e7bb0dd8c3ebfdafa7860850cd4d17ca687825f6,1,2,0,2,0
train,2059,aircraft_surface_damage_crack_v2_0002059.jpg,train,IMG_20230513_101536_jpg.rf.77a6627051e8765db20fe82913386669.jpg,img_20230513_101536,4f99ea9ba47a572b588937ba7389198cf1eb906e62455cba21419cfc0188c071,1,2,0,2,0
train,2060,aircraft_surface_damage_crack_v2_0002060.jpg,train,IMG_20230513_101536_jpg.rf.83f9ef6156eb69d9d963f19b2b2aaa56.jpg,img_20230513_101536,e0e1a323f163ffd18439aa1dd5252919234512233eca004a652c6bfe6297a462,1,2,0,2,0
train,2061,aircraft_surface_damage_crack_v2_0002061.jpg,train,IMG_20230513_101536_jpg.rf.a0634560bfc9863e49728e836e99c099.jpg,img_20230513_101536,e1a1318ede6053d6142832052ff3a3a4bbc004a04d8ae693575e589c38f2079c,1,2,0,2,0
train,2062,aircraft_surface_damage_crack_v2_0002062.jpg,train,IMG_20230513_101538_jpg.rf.675c55e8aa2947181081130a1356ac86.jpg,img_20230513_101538,d6a3d1de14fe99a21c7cdc13f0ac605e0b6ee3324fbf56920c0dc89afa712ecb,1,2,0,2,0
train,2063,aircraft_surface_damage_crack_v2_0002063.jpg,train,IMG_20230513_101538_jpg.rf.c87e50e760e009d2a5fc968092f32b0e.jpg,img_20230513_101538,a91e16a6f6d0fec5d0b7fd02a79e13f42f324219d8d4909129cd720bde57e7a4,1,2,0,1,1
train,2064,aircraft_surface_damage_crack_v2_0002064.jpg,train,IMG_20230513_101538_jpg.rf.d41cd84a35796c65538e11ea5743d692.jpg,img_20230513_101538,95d4f1846dd918c1b851c6994037f07e15b00bb871c6786e809ac4d14fc1920e,1,2,0,2,0
train,2065,aircraft_surface_damage_crack_v2_0002065.jpg,train,IMG_20230513_101542_jpg.rf.388fc6404c86270413308f56d418374c.jpg,img_20230513_101542,fd93ee8757960d92a89298083e47b18ffb836146b9a4e322d1865f9b9c3467d4,1,2,0,2,0
train,2066,aircraft_surface_damage_crack_v2_0002066.jpg,train,IMG_20230513_101542_jpg.rf.67559b3969ec1b423afc5540af27c93f.jpg,img_20230513_101542,89097ce3310f07997401591c5b5a26bb62239a007ac21417f12006d3ed590d9e,1,2,0,2,0
train,2067,aircraft_surface_damage_crack_v2_0002067.jpg,train,IMG_20230513_101542_jpg.rf.e592cbf93c50692e13c6bfca05f50c2b.jpg,img_20230513_101542,2deb32228aaa03004d9bad15b0a7dab78452b9675475df1181e12e22d398a247,1,2,0,1,1
train,2068,aircraft_surface_damage_crack_v2_0002068.jpg,train,IMG_20230513_101547_jpg.rf.14db3de6b297791bb4bfc137301aac0b.jpg,img_20230513_101547,b50fe032b3f90928e8fb0d593ab23053865147e67837b8e7a2d67e44c7954561,1,2,0,2,0
train,2069,aircraft_surface_damage_crack_v2_0002069.jpg,train,IMG_20230513_101547_jpg.rf.a49d1721249d8454a6f3994366bf82c2.jpg,img_20230513_101547,f2311053821cea2ba4a7a90a07308fc767a9eab617f6815ee1d73603195a27a5,1,2,0,2,0
train,2070,aircraft_surface_damage_crack_v2_0002070.jpg,train,IMG_20230513_101547_jpg.rf.be3529c62cecba5bebe501b638380403.jpg,img_20230513_101547,5a87a4d515b919dcbf9b94239c69cfc1f83f65e797affb84911b7efe45651ed6,1,2,0,2,0
train,2071,aircraft_surface_damage_crack_v2_0002071.jpg,train,IMG_20230513_101554_jpg.rf.4ac2b48f62674b9b11823aacce6ee789.jpg,img_20230513_101554,1a4500546490116b368743cd7c0b1376c39820871c312895ec1ea4ce4f724f28,1,2,2,0,0
train,2072,aircraft_surface_damage_crack_v2_0002072.jpg,train,IMG_20230513_101554_jpg.rf.6bf37bf435393ae53a5e06891eda1a78.jpg,img_20230513_101554,f516e172384434b96ac16b3fc2b3c31f85ae8f9db56ed22b50c62c8069363ba4,1,2,1,1,0
train,2073,aircraft_surface_damage_crack_v2_0002073.jpg,train,IMG_20230513_101554_jpg.rf.8fe8bed572a350debeb2240b67330933.jpg,img_20230513_101554,1e6105fb156e7cd555b58b9bacbd493b30fb33664185b746efbbc63ba2c74b89,1,2,2,0,0
train,2074,aircraft_surface_damage_crack_v2_0002074.jpg,train,IMG_20230513_101557_jpg.rf.694fad99225972ca1f3d9f5eee101715.jpg,img_20230513_101557,749c45adceba22f8c10c5a75022520ca3a8d976c3fe93d75d74f78b4d84bda47,1,2,0,2,0
train,2075,aircraft_surface_damage_crack_v2_0002075.jpg,train,IMG_20230513_101557_jpg.rf.805a20f00ce260f1bf29f8f795a2c786.jpg,img_20230513_101557,24b8438dd2919c4c35b9a33005d802de9c3055fa105af61356b23fa59bafc7a9,1,2,0,2,0
train,2076,aircraft_surface_damage_crack_v2_0002076.jpg,train,IMG_20230513_101557_jpg.rf.cfb015f31fbb755c5a0acd8016a5699b.jpg,img_20230513_101557,2d1fed83f583e670bbbacff5a2b5ca1839c6e6dd7843ccdbca9ac3a2d1e76e2e,1,2,0,2,0
train,2077,aircraft_surface_damage_crack_v2_0002077.jpg,train,IMG_20230513_101602_jpg.rf.8eefb29c4701d49f15c69c9ea7e4f79a.jpg,img_20230513_101602,0c907285b778e2026d9c6f672f4de3fedf3e34c49b6406a2258457d8521dd91f,1,2,0,2,0
train,2078,aircraft_surface_damage_crack_v2_0002078.jpg,train,IMG_20230513_101602_jpg.rf.d6177119c339bf9574c96e88471db498.jpg,img_20230513_101602,90dd00eb1dbb0850bc7f820bdddb97f4afd713c3a66eea254a8f8fd78915da79,1,2,0,2,0
train,2079,aircraft_surface_damage_crack_v2_0002079.jpg,train,IMG_20230513_101602_jpg.rf.f507489a75776c5026c2d2dfce4de1d6.jpg,img_20230513_101602,f7b679daf10b33fd80e1d8882c9a13360245c89048c0af9a9577ddc89214327f,1,2,0,2,0
train,2080,aircraft_surface_damage_crack_v2_0002080.jpg,train,IMG_20230513_101712_jpg.rf.414f12f9f31cd143f6567f26ac4b9e84.jpg,img_20230513_101712,2af6230f0e4249ea698610bed7df18153d141064fd4c3462e82e323119387c62,1,1,0,1,0
train,2081,aircraft_surface_damage_crack_v2_0002081.jpg,train,IMG_20230513_101712_jpg.rf.7023a907a07f22af2c2bf20755402bfd.jpg,img_20230513_101712,71c88c41045315f3f498e1b57e68e6658b15ec64f773f6236456a32cf8033d79,1,1,0,1,0
train,2082,aircraft_surface_damage_crack_v2_0002082.jpg,train,IMG_20230513_101712_jpg.rf.e987cac12c3980752e1dc403f1552dae.jpg,img_20230513_101712,e258276255cbd96ad757fa7ef8a5d15fb0bc1416eb6da251fc8a3a85e860994c,1,1,0,1,0
train,2083,aircraft_surface_damage_crack_v2_0002083.jpg,train,IMG_20230513_101715_jpg.rf.8144f07399caa0521ec1448bdeaeb378.jpg,img_20230513_101715,176a41042283a5532c4cd3653b63b8fd1db2c3ba7f8574782182155af7c951c6,1,1,0,1,0
train,2084,aircraft_surface_damage_crack_v2_0002084.jpg,train,IMG_20230513_101715_jpg.rf.8875c8d6cb733a56e0ee2c16bc377ad7.jpg,img_20230513_101715,eed8e3e9b15ee16e5fb4e242f825467ff53fe2f77781cd79f9e219f13808fc56,1,1,0,1,0
train,2085,aircraft_surface_damage_crack_v2_0002085.jpg,train,IMG_20230513_101715_jpg.rf.c29756e430613fbabe7c34e1fcd1c971.jpg,img_20230513_101715,3de5e0548230638c69fcf0bd626ba472973985ea7f5a0be88f54cb0e16cfce89,1,1,0,1,0
train,2086,aircraft_surface_damage_crack_v2_0002086.jpg,train,IMG_20230513_101719_jpg.rf.1369826772c98fded6e30de6feb909b6.jpg,img_20230513_101719,3cbcb28f3702c802e192ca0c20e64e93d3d5d37ddee8fd145a6425753411fa6c,1,1,0,1,0
train,2087,aircraft_surface_damage_crack_v2_0002087.jpg,train,IMG_20230513_101719_jpg.rf.3b0f4283311de0e573a5c43b12b66e97.jpg,img_20230513_101719,3818bd6d9e0fc195c6bcc33943a278d4d404f7d2ba0f5704397a5ae432512c6b,1,1,0,1,0
train,2088,aircraft_surface_damage_crack_v2_0002088.jpg,train,IMG_20230513_101719_jpg.rf.42e9a9f6130cdfda69f19c415ed90db1.jpg,img_20230513_101719,14d1ca43b61e27bee23958619972a5c112c3e574ecded6a5a11749dbb981c7de,1,1,0,1,0
train,2089,aircraft_surface_damage_crack_v2_0002089.jpg,train,IMG_20230513_101722_jpg.rf.10b917f0420ecccf53294851361f0360.jpg,img_20230513_101722,de2c2628b3e9b2ddc9879bd4db0a93d43803fcf088b84796c23f7e4083b0806c,1,1,0,1,0
train,2090,aircraft_surface_damage_crack_v2_0002090.jpg,train,IMG_20230513_101722_jpg.rf.812a8835653b3a50cd1d39a9a9e0be22.jpg,img_20230513_101722,0e714ee6a9a315d16ab4b0fefe512dfd5c752e3126813ae9ee35a41a5a58ae37,1,1,0,1,0
train,2091,aircraft_surface_damage_crack_v2_0002091.jpg,train,IMG_20230513_101722_jpg.rf.b17d1502684460f44a493e505b771943.jpg,img_20230513_101722,9dd2c89a434f2ee2305190c5823c2ddacf4bb8e1d87f0137faeded81fb67ec80,1,1,0,1,0
train,2092,aircraft_surface_damage_crack_v2_0002092.jpg,train,IMG_20230513_101725_jpg.rf.5cf1d50a3636d37edd7aaf8a8be1920b.jpg,img_20230513_101725,9da5a378090e60798c4479a1406e6f88c27d09ff6dc5c378df7f184af4514024,1,1,1,0,0
train,2093,aircraft_surface_damage_crack_v2_0002093.jpg,train,IMG_20230513_101725_jpg.rf.a9407029fcdaec30016d1d18c799854f.jpg,img_20230513_101725,550dc66390e7a4a9ffe2d45887b022cadeb88b5f77f46954c8604f875011c877,1,1,0,1,0
train,2094,aircraft_surface_damage_crack_v2_0002094.jpg,train,IMG_20230513_101725_jpg.rf.de50f1f4ecf8bcd6a85ee5fcee31f614.jpg,img_20230513_101725,e93b2e9fc4155cb17ff38fd8ca38576450a55af7bb8ab37cf8879898d6cdbe30,1,1,1,0,0
train,2095,aircraft_surface_damage_crack_v2_0002095.jpg,train,IMG_20230513_101729_jpg.rf.66e0bf651223ff00bec55fabade81d5b.jpg,img_20230513_101729,51ff3ad70e6fe221c95e35b2731418f1a831373168de63e6c3d88c43a2b04f84,1,1,0,1,0
train,2096,aircraft_surface_damage_crack_v2_0002096.jpg,train,IMG_20230513_101729_jpg.rf.bf8b0534b723c55586e8e06878c44873.jpg,img_20230513_101729,f4548a88008747d87b088333aacd302da9d55c39efec975a3ddf37aa6ae2aa7d,1,1,0,1,0
train,2097,aircraft_surface_damage_crack_v2_0002097.jpg,train,IMG_20230513_101729_jpg.rf.cc6696f56e07926354b2859a186ff370.jpg,img_20230513_101729,28fc7188bf8a908e692ba9da814b8ded79b11b2d094f2d70bba5a048fca0ae17,1,1,1,0,0
train,2098,aircraft_surface_damage_crack_v2_0002098.jpg,train,IMG_20230513_101732_jpg.rf.2cc3300ee1d03aaec94c85b67c7ce0c6.jpg,img_20230513_101732,8f3397e6b81d6aeaec31a31c46abe7a03b540546a1c987ecb3fb3d63404bd48d,1,1,0,1,0
train,2099,aircraft_surface_damage_crack_v2_0002099.jpg,train,IMG_20230513_101732_jpg.rf.3b1de778641d9e101cdde9cce44092df.jpg,img_20230513_101732,733a82d81ab4e1f8508ed4da056c08ddcba442422f14802645d55bea6992fa92,1,1,0,1,0
train,2100,aircraft_surface_damage_crack_v2_0002100.jpg,train,IMG_20230513_101732_jpg.rf.eea63ed8bf7395188f982508ae386c4f.jpg,img_20230513_101732,152e1dd007847f27e929a04dd8eb9172c6f933c15a983b2414210ed298e276c2,1,1,0,1,0
train,2101,aircraft_surface_damage_crack_v2_0002101.jpg,train,IMG_20230513_101735_jpg.rf.5739dd9f81bf9b9d2499609e2f9137ce.jpg,img_20230513_101735,c543f8a45aee8d057bd52eb98a18f82f369c2050be8660f5f5723c33dba9b1b9,1,1,0,1,0
train,2102,aircraft_surface_damage_crack_v2_0002102.jpg,train,IMG_20230513_101735_jpg.rf.9549645514e7a2893fe5d4190f32fc0d.jpg,img_20230513_101735,ec4dd623eb767e76323968b10326c1f2a3014de7541ccec6e390d37c91c65a54,1,1,0,1,0
train,2103,aircraft_surface_damage_crack_v2_0002103.jpg,train,IMG_20230513_101735_jpg.rf.c427d175e2ce10af32cc7ceba01232b6.jpg,img_20230513_101735,e115c87d2ff9e212aff384710d5e5d85521dd6b9077212641885adff7af41600,1,1,0,1,0
train,2104,aircraft_surface_damage_crack_v2_0002104.jpg,train,IMG_20230513_101740_jpg.rf.2852df18f08602296351b7276a04b354.jpg,img_20230513_101740,2a9b36d19f9633e8bb50fc16c622d1a41db2e255dc5c205229fc5217bf022dc2,1,1,0,1,0
train,2105,aircraft_surface_damage_crack_v2_0002105.jpg,train,IMG_20230513_101740_jpg.rf.5d4de315de99b195e819ecc85767fe6e.jpg,img_20230513_101740,00a44b579cbb81c7cb6de2874b35f2a37cf8a5cba963d1e41b3759c53acac6d8,1,1,0,1,0
train,2106,aircraft_surface_damage_crack_v2_0002106.jpg,train,IMG_20230513_101740_jpg.rf.b7a669123fa80dd2cc43516fd53cac80.jpg,img_20230513_101740,0690b474ecf2b8fc855b47eff0c4a1e4816be8b032693a0b6d7d01824528396e,1,1,1,0,0
train,2107,aircraft_surface_damage_crack_v2_0002107.jpg,train,IMG_20230513_102305_jpg.rf.271c412ae070f014af485da9df786170.jpg,img_20230513_102305,68932131d31f577c1e85b9ce68862edd671793d5a210bd800af6405d6b87d168,0,0,0,0,0
train,2108,aircraft_surface_damage_crack_v2_0002108.jpg,train,IMG_20230513_102305_jpg.rf.380aafb636cb8e8b37d3d659da6aff7b.jpg,img_20230513_102305,5854abd519de31d529154485c23cb4dea55763f018e8ae6976267866bd912dd2,0,0,0,0,0
train,2109,aircraft_surface_damage_crack_v2_0002109.jpg,train,IMG_20230513_102305_jpg.rf.818fff15c865c1d72fb7ba3a7519d274.jpg,img_20230513_102305,ea7615f909443d3454d6c4bd7a956845811a6f2804d5b3d9a9e472abf26062c8,0,0,0,0,0
train,2110,aircraft_surface_damage_crack_v2_0002110.jpg,train,IMG_20230513_102307_jpg.rf.1b75500ecf610ab2ec98a990ffaf8eb0.jpg,img_20230513_102307,72f5d50dd5c550256f654dcc279afe832548906cd967d39eeefd32ae3ae58149,0,0,0,0,0
train,2111,aircraft_surface_damage_crack_v2_0002111.jpg,train,IMG_20230513_102307_jpg.rf.8c1326cd4eef5d5fc27d2f139b5786cc.jpg,img_20230513_102307,2880464308f4ca4c3ef724ce9b1d5ffca513e691a37596584e518b8eaf36bfa6,0,0,0,0,0
train,2112,aircraft_surface_damage_crack_v2_0002112.jpg,train,IMG_20230513_102307_jpg.rf.c4076ed288fa00e196790cbe5ac374cc.jpg,img_20230513_102307,89dce73064d9705e6d6edc44982b778b7abff18feea5082624210e2ee20f89cf,0,0,0,0,0
train,2113,aircraft_surface_damage_crack_v2_0002113.jpg,train,IMG_20230513_102310_jpg.rf.18276f58e1756643eda7b38c14aa1d2b.jpg,img_20230513_102310,595337b6edd0ecc888a64f5d3ceadedb2961e54971fb85ef44f868ec479bf8c3,0,0,0,0,0
train,2114,aircraft_surface_damage_crack_v2_0002114.jpg,train,IMG_20230513_102310_jpg.rf.d5e708b7829de81fcee37d18547a7176.jpg,img_20230513_102310,42529c0458678f9b1f8b4150125d36a1c74bf29f9cec21c00900a7dbf1765380,0,0,0,0,0
train,2115,aircraft_surface_damage_crack_v2_0002115.jpg,train,IMG_20230513_102310_jpg.rf.deda55a68dcaa9b15e507047a495c726.jpg,img_20230513_102310,7c75af6d7b48edd5dbc3739cc1290ffda84f989ca999e6d4d448c6e14d1541d5,0,0,0,0,0
train,2116,aircraft_surface_damage_crack_v2_0002116.jpg,train,IMG_20230513_102314_jpg.rf.d30e9b4a661d2bc2a86877a4377f858f.jpg,img_20230513_102314,a137ebd3cd8964d4e57d1e4fec0192ad932b0ef6eb042f61789895ab50f38744,0,0,0,0,0
train,2117,aircraft_surface_damage_crack_v2_0002117.jpg,train,IMG_20230513_102314_jpg.rf.f065425f57b47924cc934b82dd75a961.jpg,img_20230513_102314,d272b5d8167a3999d04b65538a57d49e04cb0faac622e7d151172df5196eebf6,0,0,0,0,0
train,2118,aircraft_surface_damage_crack_v2_0002118.jpg,train,IMG_20230513_102314_jpg.rf.ffd79e88066c4488ee9a4b1b6fd5b7a5.jpg,img_20230513_102314,52278b09e9e3de21238f10f5b545c3b684125c1b57188c7b049099d1f36e928e,0,0,0,0,0
train,2119,aircraft_surface_damage_crack_v2_0002119.jpg,train,IMG_20230513_102316_jpg.rf.04ea36aee0ba592d36471ad6d515a943.jpg,img_20230513_102316,4851c57dbaeafb8033d62ed2d12b27995c0b8564313cbd84b36c40d1db469b1a,0,0,0,0,0
train,2120,aircraft_surface_damage_crack_v2_0002120.jpg,train,IMG_20230513_102316_jpg.rf.8faffd28f84a0736e79f08d98ef045fa.jpg,img_20230513_102316,a1016ec3fa86f27b5f57fdf7f98ca6cf9f2a952b15194317808d1c5406de6de3,0,0,0,0,0
train,2121,aircraft_surface_damage_crack_v2_0002121.jpg,train,IMG_20230513_102316_jpg.rf.c9c2c841b7aa6575b7400c8c88c8fc23.jpg,img_20230513_102316,4147350043202be2072a248896f4f0538f5c758aa5a6fbcf539d48616a1221cd,0,0,0,0,0
train,2122,aircraft_surface_damage_crack_v2_0002122.jpg,train,IMG_20230513_102320_jpg.rf.47668703049fc5e1d8fe751e54428cee.jpg,img_20230513_102320,088a10673acd1926b02f69138684ecaf543be96e17e0bae33baa799bde6f7262,0,0,0,0,0
train,2123,aircraft_surface_damage_crack_v2_0002123.jpg,train,IMG_20230513_102320_jpg.rf.b1b980183918e3bf4a27756e1f529135.jpg,img_20230513_102320,5d1aceb3d81427620379aca8788ddb30bf695d7bff4f6a46350d9e7336b6ea72,0,0,0,0,0
train,2124,aircraft_surface_damage_crack_v2_0002124.jpg,train,IMG_20230513_102320_jpg.rf.b612f1e348a0c593099980942f8cf644.jpg,img_20230513_102320,e28d0a6e2e4d59392bef1ceed7a99845fc87c9c65a81cf8403124620d17e8529,0,0,0,0,0
train,2125,aircraft_surface_damage_crack_v2_0002125.jpg,train,IMG_20230513_102323_jpg.rf.128624851dee04dab7462759b01eecd7.jpg,img_20230513_102323,9d376bce18b8ee2c4553e66d5ddd9de7973f6847599b9409c35c43783fbcad04,0,0,0,0,0
train,2126,aircraft_surface_damage_crack_v2_0002126.jpg,train,IMG_20230513_102323_jpg.rf.8880079fc33069e5f2826f09ded87430.jpg,img_20230513_102323,ff0627447b9fab84beb8a7001d7a34358a0662e81217a4fbbb640813253070d7,0,0,0,0,0
train,2127,aircraft_surface_damage_crack_v2_0002127.jpg,train,IMG_20230513_102323_jpg.rf.8cb26b0871e3680336969f5459877143.jpg,img_20230513_102323,7d42bd8089d383489edcc24951676741b5c257cba30fdd1d72f848ed21f8054f,0,0,0,0,0
train,2128,aircraft_surface_damage_crack_v2_0002128.jpg,train,IMG_20230513_102326_jpg.rf.25c0ee26204ffcd2357c105c3a5004ca.jpg,img_20230513_102326,16e424702bb6794537ec7aedc2d55e3a83147377ff49f7017606c010c75df1a2,0,0,0,0,0
train,2129,aircraft_surface_damage_crack_v2_0002129.jpg,train,IMG_20230513_102326_jpg.rf.9503b708fee3ab7dcee529c394ba3a8a.jpg,img_20230513_102326,edfd73b0192bbef0cbc00b3f1e2a11774bd4ab3ebf0e7164556317ee5b306da1,0,0,0,0,0
train,2130,aircraft_surface_damage_crack_v2_0002130.jpg,train,IMG_20230513_102326_jpg.rf.e1c0af8cffa5c31080176c12a1f32437.jpg,img_20230513_102326,45fc16edcaaa7143b2262f120e096e26c5a61cbba01833e3ad66cfa6d83faacc,0,0,0,0,0
train,2131,aircraft_surface_damage_crack_v2_0002131.jpg,train,IMG_20230513_102340_jpg.rf.179196dd58ae127256c59d35e37a21fd.jpg,img_20230513_102340,1d14574a45c8b8c34c2d9eada22a9a4f107d90363791bf52363cfec7d36ba3b6,0,0,0,0,0
train,2132,aircraft_surface_damage_crack_v2_0002132.jpg,train,IMG_20230513_102340_jpg.rf.42780dc7ab59e4756060f59e0f04b7de.jpg,img_20230513_102340,c778efd99c75b75b0c38952e1bbfa2764cf27ec57507270204786c92036effc1,0,0,0,0,0
train,2133,aircraft_surface_damage_crack_v2_0002133.jpg,train,IMG_20230513_102340_jpg.rf.e63139cd64a6681cda9754f3215945ce.jpg,img_20230513_102340,c39d60a57d91f4502e12a13fe9df0f2729531d5973fa4292168b75b5024c1c21,0,0,0,0,0
train,2134,aircraft_surface_damage_crack_v2_0002134.jpg,train,IMG_20230513_102342_jpg.rf.634c526d398faac755c4e836c733d85d.jpg,img_20230513_102342,b2478c80ec1b26f5c0d3b0884511fd3c2f6454619aba7f88be9a06441c721cff,0,0,0,0,0
train,2135,aircraft_surface_damage_crack_v2_0002135.jpg,train,IMG_20230513_102342_jpg.rf.aa099f666db1204b352d70810a3dffda.jpg,img_20230513_102342,a6652751537da8637ce8e6e878af492f32f45b103bda5e3d655b824f37f03f3d,0,0,0,0,0
train,2136,aircraft_surface_damage_crack_v2_0002136.jpg,train,IMG_20230513_102342_jpg.rf.fb7b3445f2f4f7bd3908e875a90f90a8.jpg,img_20230513_102342,c9d6756897f9a3af32da4bca3bcda3855d8ab5c006ba1b81f08e79aa1f6337f0,0,0,0,0,0
train,2137,aircraft_surface_damage_crack_v2_0002137.jpg,train,IMG_20230513_102344_jpg.rf.201c7ebcb9ae5c214ccca75ff5a34cd5.jpg,img_20230513_102344,c416e1bbcab240b7f47d9c25738952d2dad224d78e76cfce5d21ebe05a52876b,0,0,0,0,0
train,2138,aircraft_surface_damage_crack_v2_0002138.jpg,train,IMG_20230513_102344_jpg.rf.b3a03a7f7d8f995b886bb8da6c677b8e.jpg,img_20230513_102344,f5023e28b805d0cf07a151568d247b2f8127943d17b8711b236ff2dd1215c56c,0,0,0,0,0
train,2139,aircraft_surface_damage_crack_v2_0002139.jpg,train,IMG_20230513_102344_jpg.rf.be353a7331e426a5fa3016434138e179.jpg,img_20230513_102344,96a83454b6c7511250c92ee9f46b680874b4256b3a9d784144099c170acd7d6f,0,0,0,0,0
train,2140,aircraft_surface_damage_crack_v2_0002140.jpg,train,IMG_20230513_102352_jpg.rf.10cd84a0bc62daea445b95825ca338d5.jpg,img_20230513_102352,6e12c71261e47985877bf0809568c5e3ab510fd1443254398aae0a4d9cac75a3,0,0,0,0,0
train,2141,aircraft_surface_damage_crack_v2_0002141.jpg,train,IMG_20230513_102352_jpg.rf.3b00b73d7f6da76a89d78bdef642fa72.jpg,img_20230513_102352,a99e2c9a6d9dd5d43fa3fc56a426094247c36dfc7c14c7641310acb2ae7007be,0,0,0,0,0
train,2142,aircraft_surface_damage_crack_v2_0002142.jpg,train,IMG_20230513_102352_jpg.rf.db3d3a5be4d66a39a5d03b62aaac8cb7.jpg,img_20230513_102352,c989a27d2522343296832bd30d3fc906a2e9b82caba1390ea88fb03e905be78d,0,0,0,0,0
train,2143,aircraft_surface_damage_crack_v2_0002143.jpg,train,IMG_20230513_102355_jpg.rf.6c38338dbcc6e1a7de0d6a5e0767498a.jpg,img_20230513_102355,2ab7057d3b98cb79caccdb6ed48f23dea72e8188fc99a55ca1b4b9b993cfeba9,0,0,0,0,0
train,2144,aircraft_surface_damage_crack_v2_0002144.jpg,train,IMG_20230513_102355_jpg.rf.73a50d7f5ae9d69bd7282446d5ef1235.jpg,img_20230513_102355,8f60c05c9bbf50cf8dcd3d542318e4850c843ccae90e1f1b9b692ad432bd0226,0,0,0,0,0
train,2145,aircraft_surface_damage_crack_v2_0002145.jpg,train,IMG_20230513_102355_jpg.rf.7fa08b9de2713e5242471590ce18b4ae.jpg,img_20230513_102355,38b7ae0d9fa67a7e84be5218c2971df4426a099945b9ec88eb83ed051d328cc4,0,0,0,0,0
train,2146,aircraft_surface_damage_crack_v2_0002146.jpg,train,IMG_20230513_102357_jpg.rf.47de771dc5100900a5d44096dba7018f.jpg,img_20230513_102357,68d24c6a1ef19ecc5989813ae526a929f27276bf621bc2dd20e9b41db0324c80,0,0,0,0,0
train,2147,aircraft_surface_damage_crack_v2_0002147.jpg,train,IMG_20230513_102357_jpg.rf.7c886f8dd9fed4e219c4ecb2b775e481.jpg,img_20230513_102357,b678c7b14d66cc585744cf3bfb0e441acf517e6aa2421bf5534258a8116b7705,0,0,0,0,0
train,2148,aircraft_surface_damage_crack_v2_0002148.jpg,train,IMG_20230513_102357_jpg.rf.de49e79fbbcc8960dcda3930721d11e0.jpg,img_20230513_102357,2b6f1052e46d47e33716ff92945b49a88e5171a4ae9c877afcf102642b5e0a0f,0,0,0,0,0
train,2149,aircraft_surface_damage_crack_v2_0002149.jpg,train,IMG_20230513_102411_jpg.rf.084a6c80636df641d670fddacb1c5a52.jpg,img_20230513_102411,a441921753025c6c81cb7ef1b481941ab12a879be42bca5078dacad3281965ae,0,0,0,0,0
train,2150,aircraft_surface_damage_crack_v2_0002150.jpg,train,IMG_20230513_102411_jpg.rf.35117e815121590622bd32f6bd31614e.jpg,img_20230513_102411,e9c2983db82dcfae9b19979a34d69f4308b63f73722d41543fc5ff030d917a70,0,0,0,0,0
train,2151,aircraft_surface_damage_crack_v2_0002151.jpg,train,IMG_20230513_102411_jpg.rf.5643051af1655f492f12899e1404e25b.jpg,img_20230513_102411,5d5793a4b3e8d99dcbc5d4ddc4610e27588ff7be59213646924a29b2f3121e6a,0,0,0,0,0
train,2152,aircraft_surface_damage_crack_v2_0002152.jpg,train,IMG_20230513_102413_jpg.rf.2ff3f891e3f7663f0e9b378f9180dda6.jpg,img_20230513_102413,6b696e71b6cff2d58483916a7ad970f25630b0f81edde5186e0e5ba9c8edc42e,0,0,0,0,0
train,2153,aircraft_surface_damage_crack_v2_0002153.jpg,train,IMG_20230513_102413_jpg.rf.5b21ac967d2e36d2f10ad8be033ea73c.jpg,img_20230513_102413,cd4de8249bfe935ce62b87fb1e538ac45ce4a744cf5549f2fb939c68df10ebb4,0,0,0,0,0
train,2154,aircraft_surface_damage_crack_v2_0002154.jpg,train,IMG_20230513_102413_jpg.rf.91c4da5f46bfc20a3ca22c472cb3271f.jpg,img_20230513_102413,dda6626dbc32c25fc38aca06e7a5a698d438b09b3246f9bb2a4dacc2c5165068,0,0,0,0,0
train,2155,aircraft_surface_damage_crack_v2_0002155.jpg,train,IMG_20230513_102428_jpg.rf.69d7545dae1d20b79ffae541e6fd4e2f.jpg,img_20230513_102428,346273f65336a94ddd73b9039236093497f582877f37e3c8d9e013c1686ba676,1,1,0,1,0
train,2156,aircraft_surface_damage_crack_v2_0002156.jpg,train,IMG_20230513_102428_jpg.rf.b6cbb5bac6bc07d2b071170f7a43e14e.jpg,img_20230513_102428,fa67819a2ba5074904bbf00b85d56d72fd1c77adde83205fab6204502ae787f1,1,1,0,0,1
train,2157,aircraft_surface_damage_crack_v2_0002157.jpg,train,IMG_20230513_102428_jpg.rf.d71e64e72eec2d64742b9756ed43a016.jpg,img_20230513_102428,f59035d0258c23a67d97c61ee048c6e4f394d19a6fd85a6af1c86d27c0260a4d,1,1,0,0,1
train,2158,aircraft_surface_damage_crack_v2_0002158.jpg,train,IMG_20230513_102430_jpg.rf.20336b447b098646d8e7dabd165a9d34.jpg,img_20230513_102430,bcda7f50346ae43a0d53647a90cb497726ee9fdcfdddea42f6965dc4b488e230,1,1,0,1,0
train,2159,aircraft_surface_damage_crack_v2_0002159.jpg,train,IMG_20230513_102430_jpg.rf.65700965eba521195518da949da565da.jpg,img_20230513_102430,071c55739dfc5821dc740451fb3174d452f186d263d92b36fbe75e956f340238,1,1,0,1,0
train,2160,aircraft_surface_damage_crack_v2_0002160.jpg,train,IMG_20230513_102430_jpg.rf.bf22afc363f539424e049c49c85ba42f.jpg,img_20230513_102430,8ad0f1ef5375be6307d8e280ef461382907716f8a5c2333767ef7cc8d6ff5b25,1,1,0,1,0
train,2161,aircraft_surface_damage_crack_v2_0002161.jpg,train,IMG_20230513_102433_jpg.rf.0332b1605884b72bc3db3dc1605bdd1c.jpg,img_20230513_102433,2386001edb22c80abae3096d777fdbd91e978b5f3cbb86102fe3e7f1c50837c3,1,1,0,1,0
train,2162,aircraft_surface_damage_crack_v2_0002162.jpg,train,IMG_20230513_102433_jpg.rf.26867babc8015e4fa84366d8eabb81e4.jpg,img_20230513_102433,267b5fbe971608fc305d685ea995a184f20c28d569fc3d9d4e14381fe35c3935,1,1,0,1,0
train,2163,aircraft_surface_damage_crack_v2_0002163.jpg,train,IMG_20230513_102433_jpg.rf.54a76c5de4520eb361da4318828981be.jpg,img_20230513_102433,1dd2a8be71dd538ce72731e1f4fd6d4fda8c9cc3999c065e92867ee5ed5be86a,1,1,0,1,0
train,2164,aircraft_surface_damage_crack_v2_0002164.jpg,train,IMG_20230513_102441_jpg.rf.490de551c5d92a1b091413aa9a34b4b5.jpg,img_20230513_102441,bbe2e283730b50e039fd74440c8ac0b542da10a92b5f61d71461e9ec4cb13609,1,1,0,1,0
train,2165,aircraft_surface_damage_crack_v2_0002165.jpg,train,IMG_20230513_102441_jpg.rf.61e691c5ec43812842ef930365d72f7e.jpg,img_20230513_102441,4c49d4c9fb323a1fb2a0bc2e0cc233e5b2204768d2af04b2cb15ed81a6cc1960,1,1,0,1,0
train,2166,aircraft_surface_damage_crack_v2_0002166.jpg,train,IMG_20230513_102441_jpg.rf.c19f8792de824adb9bf17afba09d793d.jpg,img_20230513_102441,2ccba93de986a8247ad9a59940fd44d46747ddcc7b77d34bfd8c605d928ec6e2,1,1,0,1,0
train,2167,aircraft_surface_damage_crack_v2_0002167.jpg,train,IMG_20230513_102443_jpg.rf.31a46e5a6135e6996d3af61284ddd219.jpg,img_20230513_102443,1bbd959edab359721d2488fca73ce92e9664c24340dfae96b07d93fe327f45e6,1,1,0,0,1
train,2168,aircraft_surface_damage_crack_v2_0002168.jpg,train,IMG_20230513_102443_jpg.rf.65a225a639051ba324ea8e431b07d7f6.jpg,img_20230513_102443,35f29a6fda99c71f45e043c112d680bc7e8c11425972b925f43a69cedd9d82db,1,1,0,0,1
train,2169,aircraft_surface_damage_crack_v2_0002169.jpg,train,IMG_20230513_102443_jpg.rf.b26c144d1c0ae8bf462043327d9854a4.jpg,img_20230513_102443,7e8b6aea2549c69d77091465b0193b61bbb5cf53d7a00b7dfceabccd881b1497,1,1,0,0,1
train,2170,aircraft_surface_damage_crack_v2_0002170.jpg,train,IMG_20230513_102448_jpg.rf.2d093bde87b0ab906df4d4a3bcac874e.jpg,img_20230513_102448,219c29937b9380909ac590242d8453a054c413962fc88d1f0e5ffc626ff9d8b6,1,1,0,0,1
train,2171,aircraft_surface_damage_crack_v2_0002171.jpg,train,IMG_20230513_102448_jpg.rf.b74ee231604bdfa62b45d88cd59db499.jpg,img_20230513_102448,54e8474adc4ef24fdc97f1703e4523dabc901e7c045d72edf850ead0021b74ad,1,1,0,0,1
train,2172,aircraft_surface_damage_crack_v2_0002172.jpg,train,IMG_20230513_102448_jpg.rf.e9ccfac0da770453d77fa5791cdc38c5.jpg,img_20230513_102448,e645db7119db25ba78c4f367da6f18a17ad4ec18d51447eb83679e3724ca6707,1,1,0,0,1
train,2173,aircraft_surface_damage_crack_v2_0002173.jpg,train,IMG_20230513_102456_jpg.rf.15663793a2b765377a73ef98cca2e4a1.jpg,img_20230513_102456,da9c4a750c2282db8eca4db8fdc877977f6698f08deb66ff21bf8225b1fb6df2,1,1,0,0,1
train,2174,aircraft_surface_damage_crack_v2_0002174.jpg,train,IMG_20230513_102456_jpg.rf.35f390f7e3b7b4cb2c6cd44ce82c354d.jpg,img_20230513_102456,511d53d22cd719da6563ebdbccc5956eaa7f445601b288dc839caa7f675a3a53,1,1,0,0,1
train,2175,aircraft_surface_damage_crack_v2_0002175.jpg,train,IMG_20230513_102456_jpg.rf.6e03c0ea7233e9d15c6d881cda8d0ac0.jpg,img_20230513_102456,d917b64ed3b429f61409ea9c0207451fd4bd2b158cdcf0427bbcdc873aa943e7,1,1,0,0,1
train,2176,aircraft_surface_damage_crack_v2_0002176.jpg,train,IMG_20230513_102501_jpg.rf.0ecaae145a66a4b53db4c66633afa191.jpg,img_20230513_102501,0e7942708bdce2eaef348320843b6371d49f46a0b899ab05ca7cb7c38bab6d97,1,1,0,1,0
train,2177,aircraft_surface_damage_crack_v2_0002177.jpg,train,IMG_20230513_102501_jpg.rf.39f7eb0ffe4e3a69fc2ad926ad3a671b.jpg,img_20230513_102501,70f32e4c11c0ae73b54514aba8d18d801a9d3dde34f1aec23bde864adc02f679,1,1,0,1,0
train,2178,aircraft_surface_damage_crack_v2_0002178.jpg,train,IMG_20230513_102501_jpg.rf.6174f70048063d6ddc1ec179afcbcc9f.jpg,img_20230513_102501,7cce1d4780419d8e958627a825f55ec7ac28d31a03035f825f696d5f840ab6a8,1,1,0,0,1
train,2179,aircraft_surface_damage_crack_v2_0002179.jpg,train,IMG_20230513_102506_jpg.rf.35e9cda471e21645a18a42158df609dd.jpg,img_20230513_102506,60d073b4d69a9a3889b425e5f6c5aed8b8e4ec157aba623b3f0fee6c985c2c64,1,1,0,1,0
train,2180,aircraft_surface_damage_crack_v2_0002180.jpg,train,IMG_20230513_102506_jpg.rf.5f70ea209eb1bb59c09a9c27bb8982d7.jpg,img_20230513_102506,2caa25efe15e3794de4932d69f6ecc18cb71fe2d1ab414add01b7d8906f990f6,1,1,0,1,0
train,2181,aircraft_surface_damage_crack_v2_0002181.jpg,train,IMG_20230513_102506_jpg.rf.7f688d4876622366eca067627f3d8db5.jpg,img_20230513_102506,fdaea6d8dda5a3ff8eb14dc9cdd6ec1291e4f36be5330a9104234fe802dc8dd9,1,1,0,1,0
train,2182,aircraft_surface_damage_crack_v2_0002182.jpg,train,IMG_20230513_102509_jpg.rf.2fcff860ad47372d5d4ef682a6102e04.jpg,img_20230513_102509,0b230fe1735ecf2e495ad1cde10f0627ea1fae0eefcb31c8bbeb8af678075967,1,2,0,2,0
train,2183,aircraft_surface_damage_crack_v2_0002183.jpg,train,IMG_20230513_102509_jpg.rf.e31487e8aa10c4e2d93b111c446a8e0e.jpg,img_20230513_102509,3d20aa2ec4b2504be5352ca08e3f3c36122285437c07c8e23b02c3365f62fbe6,1,2,0,2,0
train,2184,aircraft_surface_damage_crack_v2_0002184.jpg,train,IMG_20230513_102509_jpg.rf.f6704dfa43c59d4b642aec71c6e300fd.jpg,img_20230513_102509,913e4f886e2a45f44871f722285d9ca4dca1782195f3297c0e1e1568d8f1696f,1,2,0,2,0
train,2185,aircraft_surface_damage_crack_v2_0002185.jpg,train,IMG_20230513_102514_jpg.rf.63ab1652d17f5559100952247de3916a.jpg,img_20230513_102514,5c689318b45425441922aea76c715f1c7bdca6e5d9470ca892f61d20f7c79359,1,2,1,1,0
train,2186,aircraft_surface_damage_crack_v2_0002186.jpg,train,IMG_20230513_102514_jpg.rf.6830094c7b8bf44dfa117c7fa7959a2d.jpg,img_20230513_102514,a49d5d591471ee10b25614a1ac8fb09b64fe8ac5ded3b1abad16499b06b107a2,1,2,0,2,0
train,2187,aircraft_surface_damage_crack_v2_0002187.jpg,train,IMG_20230513_102514_jpg.rf.b198ab8cc7f2f7cef71ce86f707ee425.jpg,img_20230513_102514,ee0a03c655541a7c43bb7c6afaee58beef82708541181d8935cce4606b3df988,1,2,0,2,0
train,2188,aircraft_surface_damage_crack_v2_0002188.jpg,train,IMG_20230513_102724_jpg.rf.5bd1dba7ce2b5254e1d65f0f4b0da763.jpg,img_20230513_102724,d84c89f516ed990ba0dac1068edd80cf028c14334c75f17d12fe96b228404f67,0,0,0,0,0
train,2189,aircraft_surface_damage_crack_v2_0002189.jpg,train,IMG_20230513_102724_jpg.rf.6d7196dee8591265724e3640a2864864.jpg,img_20230513_102724,ec4a1fee813a8a695c281098f3d89f02f7ae601b2b4cc864151efa68aba2cd9f,0,0,0,0,0
train,2190,aircraft_surface_damage_crack_v2_0002190.jpg,train,IMG_20230513_102724_jpg.rf.96d93defc0ca71b28167e99891a1d6af.jpg,img_20230513_102724,89a77ce9064b6f3118fa9aa2c2deb365dd780d7d2599da2c9c23f5be80e7dccd,0,0,0,0,0
train,2191,aircraft_surface_damage_crack_v2_0002191.jpg,train,IMG_20230513_102742_jpg.rf.39e8a4135a76db73d0dd84afc10885e5.jpg,img_20230513_102742,5e25fe816fed8d8700b770b056e4f40ee27ed64e78eccb92a48a96c078e609f6,1,1,1,0,0
train,2192,aircraft_surface_damage_crack_v2_0002192.jpg,train,IMG_20230513_102742_jpg.rf.42139aad1b2fa03b275f44c97dac2d10.jpg,img_20230513_102742,47085dc73f1ddb3b47ef337b9cd5e8302be5acf83765ca0abca9c6f82cc84602,1,1,0,1,0
train,2193,aircraft_surface_damage_crack_v2_0002193.jpg,train,IMG_20230513_102742_jpg.rf.b9eb42568c1cb9d0179a6d3f93f7a0fe.jpg,img_20230513_102742,da4f9742c141f764348290876c339f8186cd9069990ed2d73c4aa1eb821a9c9a,1,1,1,0,0
train,2194,aircraft_surface_damage_crack_v2_0002194.jpg,train,IMG_20230513_102745_jpg.rf.23af64fd4b3df54ce499e8abac3d2b7a.jpg,img_20230513_102745,c7600ea179ab248bc2e34a05d9d40d06deeff2f9f487c04545161c9c0d0d09fb,1,1,0,1,0
train,2195,aircraft_surface_damage_crack_v2_0002195.jpg,train,IMG_20230513_102745_jpg.rf.4a2e9143ec867a990b11ae28cc73a2f5.jpg,img_20230513_102745,d60be2aef449835011678a36286a4b55cdc63d01474308d8cdc6b8395488648d,1,1,0,0,1
train,2196,aircraft_surface_damage_crack_v2_0002196.jpg,train,IMG_20230513_102745_jpg.rf.e13e851e56e1e72bd376fd8710ffafb6.jpg,img_20230513_102745,5339fdfb666d694be2c83c06705065e75eb72aae7e7a6a4d1bf2742f5ec6a268,1,1,0,1,0
train,2197,aircraft_surface_damage_crack_v2_0002197.jpg,train,IMG_20230513_102749_jpg.rf.42cea5f3907ad2950c7bdae45e81e406.jpg,img_20230513_102749,870b2503169752237a8e9ef408603b6bddaffe942fb05f1fcdd42c4a43269f75,1,1,0,1,0
train,2198,aircraft_surface_damage_crack_v2_0002198.jpg,train,IMG_20230513_102749_jpg.rf.580820fc22b2a02c022b46c128a15385.jpg,img_20230513_102749,8b9373014f67bf5432060502547fab85758be35dc42245e91ef860c19bea11d5,1,1,0,1,0
train,2199,aircraft_surface_damage_crack_v2_0002199.jpg,train,IMG_20230513_102749_jpg.rf.82a8f493e33879fe1d5a903e14d961b6.jpg,img_20230513_102749,a3ef4b77e215d768e12b76c980cb79d10e55160b979054f91368840ab44631d6,1,1,0,1,0
train,2200,aircraft_surface_damage_crack_v2_0002200.jpg,train,IMG_20230513_102751_jpg.rf.5261d8092f23be48c099623546b1ce94.jpg,img_20230513_102751,64624a61f12117f09091a5e8826d95b11d9545e0ad7c447bac0c0c117409b39c,1,1,0,0,1
train,2201,aircraft_surface_damage_crack_v2_0002201.jpg,train,IMG_20230513_102751_jpg.rf.942f845859078377487b64e310f27350.jpg,img_20230513_102751,2a864266670a262d916f032ba40b7fe27267e14cb3079aee44ce183cbf7e36a6,1,1,0,0,1
train,2202,aircraft_surface_damage_crack_v2_0002202.jpg,train,IMG_20230513_102751_jpg.rf.ce506bdf2f690b07ef85ef7ec83d8709.jpg,img_20230513_102751,3a7d048bb578cdf293c1b7f4a2e8aeee4150bee632106ccc86c1ef65536fec4b,1,1,0,1,0
train,2203,aircraft_surface_damage_crack_v2_0002203.jpg,train,IMG_20230513_102755_jpg.rf.13f3f0505d71b42337e119bd6f535759.jpg,img_20230513_102755,698d50273e734b8f529df311cd0869e1e6ff78e03f042d29a4dbe14a63ea743c,1,1,0,1,0
train,2204,aircraft_surface_damage_crack_v2_0002204.jpg,train,IMG_20230513_102755_jpg.rf.71844265bedb06a989d99c172ffa4ba0.jpg,img_20230513_102755,b949402a2e43ad10f87fe8b20be771e35d1264eeb84b24cc08e0a6337ee8cd9f,1,1,0,1,0
train,2205,aircraft_surface_damage_crack_v2_0002205.jpg,train,IMG_20230513_102755_jpg.rf.f0136da080627a1d12cbf7f98a514425.jpg,img_20230513_102755,a970109799c2f6bb0e3e570153d6615121c7b948c1083f472140bd2ec8bf5384,1,1,0,1,0
train,2206,aircraft_surface_damage_crack_v2_0002206.jpg,train,IMG_20230513_102756_jpg.rf.05cb53c472591c5b46549b90c74d6a75.jpg,img_20230513_102756,cbec338a6c3cb2123d513edc9ae96403e27135d4f363f3ff91902105c99883a4,1,1,0,1,0
train,2207,aircraft_surface_damage_crack_v2_0002207.jpg,train,IMG_20230513_102756_jpg.rf.3871dafeb8dd26e34245908a9a0ccd62.jpg,img_20230513_102756,4f4fdbb48bb7085e4ca81309c7257f744bbdc07d6aef6254e1335af6afeb8d75,1,1,0,1,0
train,2208,aircraft_surface_damage_crack_v2_0002208.jpg,train,IMG_20230513_102756_jpg.rf.7e6649b6b6d000d9c658eceb08d38c38.jpg,img_20230513_102756,e705c4dcc0a0bb23a1d9cbedc93d3de296741abd8160a332a1080b67483a9b25,1,1,0,1,0
train,2209,aircraft_surface_damage_crack_v2_0002209.jpg,train,IMG_20230513_102800_jpg.rf.07d92fe1e9905ad0a880d3f2144d858d.jpg,img_20230513_102800,1203d09b1bcae5b7f02948ea1e4c15b864f5ad80aed1b2eeb4ab2de452b7cfba,1,1,0,1,0
train,2210,aircraft_surface_damage_crack_v2_0002210.jpg,train,IMG_20230513_102800_jpg.rf.3b3eda77b83c0d93850a1e591a0df6cf.jpg,img_20230513_102800,4acaa97501a72cbb06745a74e6e755a071c48257c80aa6037999ab7cd8419fba,1,1,0,1,0
train,2211,aircraft_surface_damage_crack_v2_0002211.jpg,train,IMG_20230513_102800_jpg.rf.79e245bef9e3a9f81d6aaa4f5dfee5b5.jpg,img_20230513_102800,408363bca7140609590f6ec84f2bc1131277b3b18361885ac21258897097408c,1,1,0,1,0
train,2212,aircraft_surface_damage_crack_v2_0002212.jpg,train,IMG_20230513_102802_jpg.rf.74cfd4f23798563adf2a9c867964fbdf.jpg,img_20230513_102802,7df408b7374bff21ca44b05f8e443ab24a8b9b002648d497580a3253500d14c8,1,1,0,0,1
train,2213,aircraft_surface_damage_crack_v2_0002213.jpg,train,IMG_20230513_102802_jpg.rf.84c97e1cc38c0b1cb7b34677ff3a9f7b.jpg,img_20230513_102802,65b8bcc33715b6531b6a954f952141e9fa28c8eeeab2c6e87c1489757083a0f9,1,1,0,1,0
train,2214,aircraft_surface_damage_crack_v2_0002214.jpg,train,IMG_20230513_102802_jpg.rf.9ef2a39bf4221f542d8d566c48f8de24.jpg,img_20230513_102802,c340178d17e7e4d616130628087ff6a524c3039071720e18210a106699f35d53,1,1,0,1,0
train,2215,aircraft_surface_damage_crack_v2_0002215.jpg,train,IMG_20230513_102806_jpg.rf.267bc2287a8fd2e6ea9991e961cf5fb6.jpg,img_20230513_102806,1e9363eee60d9c56e659a310fc9710c3b37b1d7691261061d66ca6800552e346,1,1,0,0,1
train,2216,aircraft_surface_damage_crack_v2_0002216.jpg,train,IMG_20230513_102806_jpg.rf.c0f106d6e1d89f7975c583e549163fb4.jpg,img_20230513_102806,0850b3112fcd7bc73a42b84b7ead56226ce6cef57ddb348b1ec5088623b48b4c,1,1,0,0,1
train,2217,aircraft_surface_damage_crack_v2_0002217.jpg,train,IMG_20230513_102806_jpg.rf.def71314d65b3bc80bc759b3eb4f3757.jpg,img_20230513_102806,92cac33819ad6ada422811d4176de163ba7ca8c94ea0ac15b5ced388d9ddf6fb,1,1,0,0,1
train,2218,aircraft_surface_damage_crack_v2_0002218.jpg,train,IMG_20230513_102808_jpg.rf.2ec6f2675132ab8b0893c9f6fe30efea.jpg,img_20230513_102808,2aeec8570f495781a3fb987f6a50cf108e18e00c23435a79e6143c8cadeb71c2,1,1,0,1,0
train,2219,aircraft_surface_damage_crack_v2_0002219.jpg,train,IMG_20230513_102808_jpg.rf.a93f72f2465694cb1cd606f9d7e7a1de.jpg,img_20230513_102808,410c9a1dd7300156810e665b177415e07a1d5926c22e8d6b615e5747bf33b809,1,1,0,1,0
train,2220,aircraft_surface_damage_crack_v2_0002220.jpg,train,IMG_20230513_102808_jpg.rf.c4c8df020c538cce0a72202fb0aa62a1.jpg,img_20230513_102808,aa792c716312b3d87a38d390af20444e7b6b0495ca05f593eecd67781cf2ee12,1,1,0,1,0
train,2221,aircraft_surface_damage_crack_v2_0002221.jpg,train,IMG_20230513_102809_jpg.rf.9945443d89328eea3c89a0b45003cbe7.jpg,img_20230513_102809,42163a7abfe70d1bc88bbda8373603d6e2e96c734b2143cebf8204267ad5637a,1,1,1,0,0
train,2222,aircraft_surface_damage_crack_v2_0002222.jpg,train,IMG_20230513_102809_jpg.rf.acb4af0cf7e7c091ec15885b9381139c.jpg,img_20230513_102809,2356dea14afb1f8e0221b7e7dd1eb96300f0e493aed573389bd510245a3bda03,1,1,0,1,0
train,2223,aircraft_surface_damage_crack_v2_0002223.jpg,train,IMG_20230513_102809_jpg.rf.cd11c695b59961147649e576afeaeadd.jpg,img_20230513_102809,f3f16cf975e02b17cd7f43af62560b5d6e9e1bbe3d405b7e7bb62a591f6733f9,1,1,0,1,0
train,2224,aircraft_surface_damage_crack_v2_0002224.jpg,train,IMG_20230513_102813_jpg.rf.01e7871dda4d76855eef67f00986cf3a.jpg,img_20230513_102813,71b6c1f18869b0764f6d4db08886d45254162ad5db8ba33b46158988762bb785,1,1,1,0,0
train,2225,aircraft_surface_damage_crack_v2_0002225.jpg,train,IMG_20230513_102813_jpg.rf.267d27ca0e3734c93f09b3c875ece67c.jpg,img_20230513_102813,221ab216a5dcc58ecc8fe41ac049960ba123f97648020da3918e2b2a0bb074f7,1,1,1,0,0
train,2226,aircraft_surface_damage_crack_v2_0002226.jpg,train,IMG_20230513_102813_jpg.rf.8fc153d0f5fd8552c392a995b06fd635.jpg,img_20230513_102813,77f727db99f3975e7ba75bedaa3e7a08fe7e50a4a684ccdb2f1dceb6196d011a,1,1,1,0,0
train,2227,aircraft_surface_damage_crack_v2_0002227.jpg,train,IMG_20230513_102815_jpg.rf.a120f95954790c447eca683af6cb053a.jpg,img_20230513_102815,583694719dd31270b49c14a74fc163e09dc9ea3dccc63b57b72730725909fa44,1,1,1,0,0
train,2228,aircraft_surface_damage_crack_v2_0002228.jpg,train,IMG_20230513_102815_jpg.rf.b805ae167474311368bb13a3126c5521.jpg,img_20230513_102815,56331daa00f2db886b7e01a3434ee125de877f79e51cdcffad5440d155b91d8c,1,1,1,0,0
train,2229,aircraft_surface_damage_crack_v2_0002229.jpg,train,IMG_20230513_102815_jpg.rf.e4623c2f8329d4621383016da6555402.jpg,img_20230513_102815,ebd157396444d88d34dc39ffcbb6096010b97a7bb1eb4ae72a4d3b8d445408d3,1,1,1,0,0
train,2230,aircraft_surface_damage_crack_v2_0002230.jpg,train,IMG_20230513_102818_jpg.rf.08cf01a85f40aa229d48966c431114a3.jpg,img_20230513_102818,f476d49a6afc690d4c1cec8042517c0a564b10169cef21753ee8986771793570,1,1,0,1,0
train,2231,aircraft_surface_damage_crack_v2_0002231.jpg,train,IMG_20230513_102818_jpg.rf.3aefd9cf11715dbe78c0b46a4b8a78a2.jpg,img_20230513_102818,cb0e8358d849d5f7044f6253f3250c719bc1e7c39e585909837f0985b5ed04a3,1,1,0,1,0
train,2232,aircraft_surface_damage_crack_v2_0002232.jpg,train,IMG_20230513_102818_jpg.rf.d59850e23df68f13ea7e8f31ad6bc35f.jpg,img_20230513_102818,9c0fdff050ecf08804d5596b677670a66f3bdb2ab86f89a7d4c1cb69a9bfc19e,1,1,0,1,0
train,2233,aircraft_surface_damage_crack_v2_0002233.jpg,train,IMG_20230513_102821_jpg.rf.1eb12e49279e987ca3c971ef352ad300.jpg,img_20230513_102821,ceeda5869906fc148864d5ec6c53476595a201579c1aab2326dda60a2db4b641,1,1,0,0,1
train,2234,aircraft_surface_damage_crack_v2_0002234.jpg,train,IMG_20230513_102821_jpg.rf.6a234fcc996ee7b04c53e154fcee6c9d.jpg,img_20230513_102821,22fd86395e62e4d6b1d1cd7c3e26b9ea669f3ea57762ca1481b848592e7bf1f1,1,1,0,1,0
train,2235,aircraft_surface_damage_crack_v2_0002235.jpg,train,IMG_20230513_102821_jpg.rf.7da59099a1392289b75d267afca66acb.jpg,img_20230513_102821,2328f4aa51ab955e1755aec584f2ca1dd75e688ac67bfd34cff549d06ebe721b,1,1,0,0,1
train,2236,aircraft_surface_damage_crack_v2_0002236.jpg,train,IMG_20230513_102823_jpg.rf.171235d2b05478d811e1ba43eb06df88.jpg,img_20230513_102823,2edec1ff8350c3589c60f2a40a4f942e59186bef42b6488252b30818365ab869,1,1,0,0,1
train,2237,aircraft_surface_damage_crack_v2_0002237.jpg,train,IMG_20230513_102823_jpg.rf.5d89f2e0309bdd3bc37c1127c80cb539.jpg,img_20230513_102823,d9537b9db23a921b2e7753496538cfc7bcba029666e697ef9f2c3a93b3a4e89e,1,1,0,0,1
train,2238,aircraft_surface_damage_crack_v2_0002238.jpg,train,IMG_20230513_102823_jpg.rf.a77dd809f803a07b47b8a10a70dd1cb8.jpg,img_20230513_102823,f769c4f919d62908072089580d87d2407226aeeb73ff9f9591cd56706ad91641,1,1,0,0,1
train,2239,aircraft_surface_damage_crack_v2_0002239.jpg,train,IMG_20230513_102826_jpg.rf.1ecb7638ad5b0816a19e22bd51d80e43.jpg,img_20230513_102826,61646ef97da41e837d016dddeac5ce29b8b6f098d0bd96b7048ae30b9d7cc0ff,1,1,0,0,1
train,2240,aircraft_surface_damage_crack_v2_0002240.jpg,train,IMG_20230513_102826_jpg.rf.8757af634aed718963e4337b2e9cff11.jpg,img_20230513_102826,34199ebdce6318d6f58311eb1c4a213d60525eb99d123325be8d3700056301e4,1,1,0,0,1
train,2241,aircraft_surface_damage_crack_v2_0002241.jpg,train,IMG_20230513_102826_jpg.rf.f088c3b508c45dc4d91429832b709894.jpg,img_20230513_102826,190fb6a44b4b910dbc9fa8d96d8dda9963f8f4f1a8ccdcaba483e22e8f1ad9f3,1,1,0,0,1
train,2242,aircraft_surface_damage_crack_v2_0002242.jpg,train,IMG_20230513_103117_jpg.rf.1ea729648f1fd692db2fafdd12fa6f3a.jpg,img_20230513_103117,4a7da0002c247519510926afd39a46cad2dbdf5a3db3faadbd353dc6a136d0f1,0,0,0,0,0
train,2243,aircraft_surface_damage_crack_v2_0002243.jpg,train,IMG_20230513_103117_jpg.rf.bac8c44d98074e96388143180488fdd6.jpg,img_20230513_103117,d2bd25bfffe4a3a0f3196d0a29573f106d68bff3830ebda12cefd50856165266,0,0,0,0,0
train,2244,aircraft_surface_damage_crack_v2_0002244.jpg,train,IMG_20230513_103117_jpg.rf.f924ed5cc34259cd51772254743a3658.jpg,img_20230513_103117,73610cd9567438face419947c675d04b1f23cb11e5b025701cc890ab02bdeaaf,0,0,0,0,0
train,2245,aircraft_surface_damage_crack_v2_0002245.jpg,train,IMG_20230513_103121_jpg.rf.6615557f407a32c1152c8c3b05943af1.jpg,img_20230513_103121,e2ea3ed5956a5b5c7eb688ee6669547bb4e712e9e1f70fc15602729bcfbc7c7a,0,0,0,0,0
train,2246,aircraft_surface_damage_crack_v2_0002246.jpg,train,IMG_20230513_103121_jpg.rf.6a6e76ca5c3c1902ef536c530ab4f02f.jpg,img_20230513_103121,2d75f5813eee804f508805f51495be8051e2a2631ea0cbba924cef79ae7825d4,0,0,0,0,0
train,2247,aircraft_surface_damage_crack_v2_0002247.jpg,train,IMG_20230513_103121_jpg.rf.cd499aa8a37fc3ee672cebfa68e387d0.jpg,img_20230513_103121,829206b0da34f47ab187cab872d9fc25e0dab42381032cad477e5088cef06d42,0,0,0,0,0
train,2248,aircraft_surface_damage_crack_v2_0002248.jpg,train,IMG_20230513_103128_jpg.rf.4d620fda0af3e5d51f5526656b58a16f.jpg,img_20230513_103128,c5e8be51c641f674eb457f29f246c652e2948fc0474498c31ea77d7a520e087c,0,0,0,0,0
train,2249,aircraft_surface_damage_crack_v2_0002249.jpg,train,IMG_20230513_103128_jpg.rf.8804cf7f1cafa420cb1b4c7b3a9a88d7.jpg,img_20230513_103128,3e1a08113f4c20fd380c3e9fb3d16f17d5e6ec4d9fa6cd5d6cf3e47340ea2aee,0,0,0,0,0
train,2250,aircraft_surface_damage_crack_v2_0002250.jpg,train,IMG_20230513_103128_jpg.rf.ea4bab8fdfe6be5c7c97e4c5fab5406d.jpg,img_20230513_103128,7cf1b03add8706d75cf9d504f2ce372b0b24fed1cfe6662edcf2ad158e7168ed,0,0,0,0,0
train,2251,aircraft_surface_damage_crack_v2_0002251.jpg,train,IMG_20230513_103129_jpg.rf.800983633b82e91ce54b127edc0c6d4e.jpg,img_20230513_103129,e2734912ae7ccd290e8e110cc24c1dc15a476f836f241374f8fe11bed44e1804,0,0,0,0,0
train,2252,aircraft_surface_damage_crack_v2_0002252.jpg,train,IMG_20230513_103129_jpg.rf.9e97a9d9dbb2ec64b57e353c93891b1e.jpg,img_20230513_103129,0ffed501801ee427ffb26d11d25b6ad3f9c4f293d2f9197d10706809dadff86d,0,0,0,0,0
train,2253,aircraft_surface_damage_crack_v2_0002253.jpg,train,IMG_20230513_103129_jpg.rf.bd37d349276798d308205b4d61267591.jpg,img_20230513_103129,5cb6693fbb2144460590092c9ba0aa37509515426e5b1ea5b3c258318c75d3f8,0,0,0,0,0
train,2254,aircraft_surface_damage_crack_v2_0002254.jpg,train,IMG_20230513_103140_jpg.rf.0cb6632fe9e927f210770d663397abd8.jpg,img_20230513_103140,f3b09b2b07306d54e6498f55c68c7034d585f2277c370f6dc85bc909d481edc8,0,0,0,0,0
train,2255,aircraft_surface_damage_crack_v2_0002255.jpg,train,IMG_20230513_103140_jpg.rf.96e7e08d2d2542eb37a32c64801a086e.jpg,img_20230513_103140,087edef7a0a89622e9f6ff25e6a76210b14f72dc6d4ab75675b454e9fc425f4c,0,0,0,0,0
train,2256,aircraft_surface_damage_crack_v2_0002256.jpg,train,IMG_20230513_103140_jpg.rf.c4d9f3d5f5e24a9f4ff1c1a45b31c45f.jpg,img_20230513_103140,9e64dd971fb67393cb48427a4a461b59cda3be429c1ffe776015a1030627ff10,0,0,0,0,0
train,2257,aircraft_surface_damage_crack_v2_0002257.jpg,train,IMG_20230513_103142_jpg.rf.1d7cfdf5ca96a91e1a5631be869f2181.jpg,img_20230513_103142,ae5b5cac41cf94798f1843bdd0e4bdda4fb46647f7731cded98aa3d4bf0ee43a,0,0,0,0,0
train,2258,aircraft_surface_damage_crack_v2_0002258.jpg,train,IMG_20230513_103142_jpg.rf.7b228433a79e30fb7131fbaea95948a3.jpg,img_20230513_103142,c564b7a4523b9c2a130d028367be1db9cef1d5a6776560ac94f9aaf989947586,0,0,0,0,0
train,2259,aircraft_surface_damage_crack_v2_0002259.jpg,train,IMG_20230513_103142_jpg.rf.8eb69c4ff27c23a981764398f117e7d1.jpg,img_20230513_103142,2e1dd5e8778d470f034b548dc55671d9b9abc4137aac88db4569cc6fdf2ac801,0,0,0,0,0
train,2260,aircraft_surface_damage_crack_v2_0002260.jpg,train,IMG_20230513_103143_jpg.rf.2a515a191735c6f69fa8395a60a9759a.jpg,img_20230513_103143,aed3aa1a71142302fbcf66e472899f12e9708aaba425f71cf4727af34ee67223,0,0,0,0,0
train,2261,aircraft_surface_damage_crack_v2_0002261.jpg,train,IMG_20230513_103143_jpg.rf.6801620ba64bb54001d84ef2959c4cab.jpg,img_20230513_103143,cf3c9a332b62f49bd92e17c10220b89f18242b4bbcb7b5479ff34b9235952d73,0,0,0,0,0
train,2262,aircraft_surface_damage_crack_v2_0002262.jpg,train,IMG_20230513_103143_jpg.rf.e50519f86b019ca4f2e38ebee3b8eecb.jpg,img_20230513_103143,7d7537652a09b91875003ab5063b061725fc2bc979f93fdbb05d4bb357bdb563,0,0,0,0,0
train,2263,aircraft_surface_damage_crack_v2_0002263.jpg,train,IMG_20230513_103149_jpg.rf.268de2724e639474e511e0e781d5323a.jpg,img_20230513_103149,5b51429d9d56158425b518f92586ef3eb1bff8be95dbb685f1915ab2c12d81e0,0,0,0,0,0
train,2264,aircraft_surface_damage_crack_v2_0002264.jpg,train,IMG_20230513_103149_jpg.rf.7cbf2192279eb83e5cde5e20429078a3.jpg,img_20230513_103149,75f2068d4dc65eb4fed128a7489e3c0714595e727c97b7b8b884cb89d1429623,0,0,0,0,0
train,2265,aircraft_surface_damage_crack_v2_0002265.jpg,train,IMG_20230513_103149_jpg.rf.a940059f43edf39affe4111107d8d0c9.jpg,img_20230513_103149,328d2efe412716433c653169e3175c5e7d112117f0d508bf731cc88035d95f0f,0,0,0,0,0
train,2266,aircraft_surface_damage_crack_v2_0002266.jpg,train,IMG_20230513_103152_jpg.rf.1cb4719e9ab29b8b986bbec80e5a5ee1.jpg,img_20230513_103152,2b952aac2f760c1f2024deaa2f811c1e8ae52dbb4f820f50fe2cecdc5ee96460,0,0,0,0,0
train,2267,aircraft_surface_damage_crack_v2_0002267.jpg,train,IMG_20230513_103152_jpg.rf.939215919a2ec065653357cea8238412.jpg,img_20230513_103152,67fdeec96e93acb504baad4923299b3cb867fa721fb13c46fd5032373323a046,0,0,0,0,0
train,2268,aircraft_surface_damage_crack_v2_0002268.jpg,train,IMG_20230513_103152_jpg.rf.e542f4395d4a4e9fe5bb711748fad347.jpg,img_20230513_103152,17281b4f6ce1252ecb3ccb270499d4738002537cfdef12e90e8086b7fb7312f6,0,0,0,0,0
train,2269,aircraft_surface_damage_crack_v2_0002269.jpg,train,IMG_20230513_103414_jpg.rf.1742d41bf63bb398f411fb0e6a19c569.jpg,img_20230513_103414,b0fd41d076de6032f7a5185d1052413cb4b1b3277541a80fd3dc4c8b47f53b27,0,0,0,0,0
train,2270,aircraft_surface_damage_crack_v2_0002270.jpg,train,IMG_20230513_103414_jpg.rf.e8650d1f5c80b0a50582936b22dd6135.jpg,img_20230513_103414,bbeabdc728fe6ce4f7d857309cf764d5e8a77ff2a1bda05f876f99d79e6a64b1,0,0,0,0,0
train,2271,aircraft_surface_damage_crack_v2_0002271.jpg,train,IMG_20230513_103414_jpg.rf.f05bc0cfa70e024b4d2bc3c04602dab7.jpg,img_20230513_103414,6e149cc72f938ae23ef465eb979c3eb21ad820ac4531d395f49f9bc812fac26a,0,0,0,0,0
train,2272,aircraft_surface_damage_crack_v2_0002272.jpg,train,IMG_20230513_103416_jpg.rf.21a5b150b65861cb6d1fa462d2461ee8.jpg,img_20230513_103416,dcbc1fbd13a3e1c1991bfe2d3f19b3291244d12f73013bbd0b2fb5b878db4172,0,0,0,0,0
train,2273,aircraft_surface_damage_crack_v2_0002273.jpg,train,IMG_20230513_103416_jpg.rf.4579337ee8c5d6941c9440a246a48973.jpg,img_20230513_103416,46b65a1a7deb1de5fbc29dc525f5e71187f89e86595b0c310df02dcea838a09c,0,0,0,0,0
train,2274,aircraft_surface_damage_crack_v2_0002274.jpg,train,IMG_20230513_103416_jpg.rf.fb83a6c6f663536c23ea40b6bac21996.jpg,img_20230513_103416,ac1920da05405e7bf712e670341e267e9afb956996ca78fc49bb5c9b6343e20b,0,0,0,0,0
train,2275,aircraft_surface_damage_crack_v2_0002275.jpg,train,IMG_20230513_103418_jpg.rf.1cdf2df07afcc9023a7d556bf5ea7771.jpg,img_20230513_103418,e13077f990cd782e0d7c829e658b68a21c39da63418834d2ca5bde9f1bc99a96,0,0,0,0,0
train,2276,aircraft_surface_damage_crack_v2_0002276.jpg,train,IMG_20230513_103418_jpg.rf.4aefd58fb8fa5265bfe3ee0bf9e36bce.jpg,img_20230513_103418,37fa3a14cd40fff7bc5f2e94517015e3040f89e340c69647d2f3faaa228782ff,0,0,0,0,0
train,2277,aircraft_surface_damage_crack_v2_0002277.jpg,train,IMG_20230513_103418_jpg.rf.fe7e14da01d93c0da571d5a947e60afd.jpg,img_20230513_103418,c81e4adab3e0441e4798e76bc399c321ac1f1d61a8ef6b7f985599e645a6fde4,0,0,0,0,0
train,2278,aircraft_surface_damage_crack_v2_0002278.jpg,train,IMG_20230513_103420_jpg.rf.282fbcdec2f75a97af7ac20bc117e955.jpg,img_20230513_103420,3f467c7d59d725e53a6cbc3565a88d2594a4e42b336de10057196a2c0141fd22,0,0,0,0,0
train,2279,aircraft_surface_damage_crack_v2_0002279.jpg,train,IMG_20230513_103420_jpg.rf.86f40b5c53e1b4e7b68b8cc11a7831b4.jpg,img_20230513_103420,3163744ccf5329b44eb2d994b50c39ae917822d6503e3a96beb4ab106c3a410d,0,0,0,0,0
train,2280,aircraft_surface_damage_crack_v2_0002280.jpg,train,IMG_20230513_103420_jpg.rf.f5a2b4ae3ab83ab2ee4c71445d64dbe9.jpg,img_20230513_103420,928b3741516bc307b0b743754e41bcec2f066788af5b86e53c759ba59b574a31,0,0,0,0,0
train,2281,aircraft_surface_damage_crack_v2_0002281.jpg,train,IMG_20230513_103422_jpg.rf.0ed676a054c84f46c944fc423fd6b8d2.jpg,img_20230513_103422,9e759e608d8bf73ad878b703eb43aa76b42a4164d8a11790fc3a3014aed9a228,0,0,0,0,0
train,2282,aircraft_surface_damage_crack_v2_0002282.jpg,train,IMG_20230513_103422_jpg.rf.2e6c3f9409dd4b8ac4df93ed353d26af.jpg,img_20230513_103422,32b66096efce3bec83782aa922ba3dbe4659e7c5e3573c38e251721550ca06e5,0,0,0,0,0
train,2283,aircraft_surface_damage_crack_v2_0002283.jpg,train,IMG_20230513_103422_jpg.rf.793dde71c21e2e25bc338bedc200310a.jpg,img_20230513_103422,c5ce36287482b62c022a17ea5ad2cddd2061af41226e9509b3acbfbd510bb144,0,0,0,0,0
train,2284,aircraft_surface_damage_crack_v2_0002284.jpg,train,IMG_20230513_103443_jpg.rf.777de74145ce6aaff0380b2d8b6f5da4.jpg,img_20230513_103443,6b1670011a2e30d0506d0eee180158aa9cb852f9608085854e40f5944af5b8b3,0,0,0,0,0
train,2285,aircraft_surface_damage_crack_v2_0002285.jpg,train,IMG_20230513_103443_jpg.rf.8ec36963f4cf0562e408ae0edf723f7c.jpg,img_20230513_103443,a8ba019e38e31ef78da6d72017baceafd24cdf4c5eccc4f7f5af61bf1a7d48ab,0,0,0,0,0
train,2286,aircraft_surface_damage_crack_v2_0002286.jpg,train,IMG_20230513_103443_jpg.rf.b2723a3b6454e992f35d49e4699627ba.jpg,img_20230513_103443,bac301b65b49c613ff07d2a74e42b0af20480a0d57da2df50427f178b0b96ceb,0,0,0,0,0
train,2287,aircraft_surface_damage_crack_v2_0002287.jpg,train,IMG_20230513_103445_jpg.rf.2943504347d51315e56530e40cfb424e.jpg,img_20230513_103445,8822a5714ba3b285ffdbba722811d6922d81944844e2e812118158111793d61b,0,0,0,0,0
train,2288,aircraft_surface_damage_crack_v2_0002288.jpg,train,IMG_20230513_103445_jpg.rf.7325f3cafbd466db5a22f21c303857d4.jpg,img_20230513_103445,d32648e569bb9f1b5f54bd39043be0e16ca8f8e64bdcda6f0f94a5d6e827b4b2,0,0,0,0,0
train,2289,aircraft_surface_damage_crack_v2_0002289.jpg,train,IMG_20230513_103445_jpg.rf.e34d7c1d77fee354ec59bf7e1641e21e.jpg,img_20230513_103445,fd40de3fa769f0b62e98aaf1057e71ebe269efe7603dece117a8969712956ee0,0,0,0,0,0
train,2290,aircraft_surface_damage_crack_v2_0002290.jpg,train,IMG_20230513_103449_jpg.rf.292d30f04fba31ca97da7aec1d0be3fb.jpg,img_20230513_103449,2e771abb7003584bf27a92f4c9ea313a06d64ba01fb08285b3f1057af8804e3a,0,0,0,0,0
train,2291,aircraft_surface_damage_crack_v2_0002291.jpg,train,IMG_20230513_103449_jpg.rf.822f858ed93e708011c2f5bb55d85db7.jpg,img_20230513_103449,4e2e928cba451074103a1fb0c45ebc661fede913c6882230e31fad0bed3886c4,0,0,0,0,0
train,2292,aircraft_surface_damage_crack_v2_0002292.jpg,train,IMG_20230513_103449_jpg.rf.b33ea9824f35a794e7ed9340c7ad5e23.jpg,img_20230513_103449,32b717b0dc67e742baf10979f14506d6ba15d07a67dad95de532009cc5283966,0,0,0,0,0
train,2293,aircraft_surface_damage_crack_v2_0002293.jpg,train,IMG_20230513_103452_jpg.rf.06cd2464fb241a706aef44cb3b1da4d4.jpg,img_20230513_103452,2015f8ad4532205d466f3f25eb4b5c2d738d78ae733a42e460cb5c11a461d8c8,0,0,0,0,0
train,2294,aircraft_surface_damage_crack_v2_0002294.jpg,train,IMG_20230513_103452_jpg.rf.0deb2ef94be4b063ffe485039a013f1c.jpg,img_20230513_103452,e96173fca600db9f9a4af0385c0b3b62dfc47e95226896c0d1302d965ea91db0,0,0,0,0,0
train,2295,aircraft_surface_damage_crack_v2_0002295.jpg,train,IMG_20230513_103452_jpg.rf.77f9f8f20f490e9c9d3fca51379bc082.jpg,img_20230513_103452,49d9c2f1c71350e687551160eb396fd72f549925d797f873c8da2803185aad88,0,0,0,0,0
train,2296,aircraft_surface_damage_crack_v2_0002296.jpg,train,IMG_20230513_103454_jpg.rf.9b817d7488ffee9737b5a8145e7d099c.jpg,img_20230513_103454,d9ccb239c4f20dc85d7a4a557c722d6a81a49ba8f712f7e06b79598150269961,0,0,0,0,0
train,2297,aircraft_surface_damage_crack_v2_0002297.jpg,train,IMG_20230513_103454_jpg.rf.a7e1255594a83dd04830921e7010a5ca.jpg,img_20230513_103454,2b755e1ab0946febad00ab0743c92a09991fd1afb67c100b198cc065d06a3a5a,0,0,0,0,0
train,2298,aircraft_surface_damage_crack_v2_0002298.jpg,train,IMG_20230513_103454_jpg.rf.fa886741c3d3772a20eb3e7df558132b.jpg,img_20230513_103454,7f99574f8d0e0f4d0b99196810e2f36aee67d269ac5a60d2b793d583a8528b43,0,0,0,0,0
train,2299,aircraft_surface_damage_crack_v2_0002299.jpg,train,IMG_20230513_103458_jpg.rf.32db8f5f13eec9739b44253de9169a91.jpg,img_20230513_103458,68a6fcf4b0183083dae688866050ccc9c5ab24811c2e402d186aafd66ce59085,0,0,0,0,0
train,2300,aircraft_surface_damage_crack_v2_0002300.jpg,train,IMG_20230513_103458_jpg.rf.7a1e343573a0d2e5d2b5cbb9ebede8b5.jpg,img_20230513_103458,561514835ba7623768031546018cdc59f8f35f04cc645ef3409230bda351f7d6,0,0,0,0,0
train,2301,aircraft_surface_damage_crack_v2_0002301.jpg,train,IMG_20230513_103458_jpg.rf.f6ecf6a6594628c9681984dbdc3b30b0.jpg,img_20230513_103458,d92971e947e296c4064272a313a0e7eb60f4b47ad0f61d83f30fdb8f787e7092,0,0,0,0,0
train,2302,aircraft_surface_damage_crack_v2_0002302.jpg,train,IMG_20230513_103502_jpg.rf.7b20b1d945f9116248d2d03125dfd021.jpg,img_20230513_103502,d4aba8f4f8c0fbfdb3be75bd35ddb2f87e40c6cd8885f7517ff611499f3a3cd3,0,0,0,0,0
train,2303,aircraft_surface_damage_crack_v2_0002303.jpg,train,IMG_20230513_103502_jpg.rf.c42e768c15fd34908f53ab7f29f8286e.jpg,img_20230513_103502,a79e0d423ddc6d26a9d909ec0097cb1d4ea9b86ea6d67a9382219f223b87dc53,0,0,0,0,0
train,2304,aircraft_surface_damage_crack_v2_0002304.jpg,train,IMG_20230513_103502_jpg.rf.ec54f3924ef363faa33289b639038329.jpg,img_20230513_103502,be08dce67b54b8b61560d393e60856281ea76c7152f2686b613c6f5c031131f0,0,0,0,0,0
train,2305,aircraft_surface_damage_crack_v2_0002305.jpg,train,IMG_20230513_103504_jpg.rf.2e95d9391f6525ad1c0afedb1bdc1a08.jpg,img_20230513_103504,983a866263f446ce572441c204e3b05c722f533c7aa2f117d8cfd7ae86a97592,0,0,0,0,0
train,2306,aircraft_surface_damage_crack_v2_0002306.jpg,train,IMG_20230513_103504_jpg.rf.8a62e6b5e44eaa0accbc1d0c1d2fbecf.jpg,img_20230513_103504,5bb4e2d0d4916ab082b7780bd30d0898abb4d17e861d7eec99733cc6f6e55ea1,0,0,0,0,0
train,2307,aircraft_surface_damage_crack_v2_0002307.jpg,train,IMG_20230513_103504_jpg.rf.c4ac853cc1d85abc34e5b2c060dbefbe.jpg,img_20230513_103504,882b810d9c99b6189730fee767aaf780918082470a7d0453675528bb9b16bddb,0,0,0,0,0
train,2308,aircraft_surface_damage_crack_v2_0002308.jpg,train,IMG_20230513_103507_jpg.rf.2eae7fd45f0417136a64abf85711f2f1.jpg,img_20230513_103507,5cc24f45af4eb2cc4fd57da1fcabbbcf7f95847d8dd5b086c337137b1cff1fab,0,0,0,0,0
train,2309,aircraft_surface_damage_crack_v2_0002309.jpg,train,IMG_20230513_103507_jpg.rf.41815091a285503e25a0d0e8cf047fc8.jpg,img_20230513_103507,c583b331026a7c503c13b852f87fe58152e0b50d4f157e35baa6920a45eae2be,0,0,0,0,0
train,2310,aircraft_surface_damage_crack_v2_0002310.jpg,train,IMG_20230513_103507_jpg.rf.ef56ad3b6315a753603b7c95119955e2.jpg,img_20230513_103507,b4fd4a9e1c71eee41e30f14c14e77196c1533acad983bd6f54ad8874a666ec4e,0,0,0,0,0
train,2311,aircraft_surface_damage_crack_v2_0002311.jpg,train,IMG_20230513_103512_jpg.rf.9a891f6e7b9b27adec8eb780936d5b62.jpg,img_20230513_103512,e0c909e5d16c07390a84180fcef86efe69e49a47e95fa45625cdb606312fa676,0,0,0,0,0
train,2312,aircraft_surface_damage_crack_v2_0002312.jpg,train,IMG_20230513_103512_jpg.rf.a340385fa62c17c315b71e4ffb712c93.jpg,img_20230513_103512,7704df3094868d4e1fdf093d0de6229acc20cd144b90a7bfc783aaa09e7f1819,0,0,0,0,0
train,2313,aircraft_surface_damage_crack_v2_0002313.jpg,train,IMG_20230513_103512_jpg.rf.c4dc51e56ed515ef5b829c1c3134dfba.jpg,img_20230513_103512,80c57dd39064f21cbf93bca091f14c0044fef4f1301c861f839576dde8b1c67c,0,0,0,0,0
train,2314,aircraft_surface_damage_crack_v2_0002314.jpg,train,IMG_20230513_103515_jpg.rf.747ae7716ba4ef0f15d6087a39b81373.jpg,img_20230513_103515,4fff720c99050a7ad86ddd7b5247c29aa77ccfac7148eaadd51f6860a94275de,0,0,0,0,0
train,2315,aircraft_surface_damage_crack_v2_0002315.jpg,train,IMG_20230513_103515_jpg.rf.74b5a825c3ab93c2ec97f4e92fbc4d62.jpg,img_20230513_103515,6a79ab5a1200dad3f13951414302407f48374c61d43fab72086131a48d792211,0,0,0,0,0
train,2316,aircraft_surface_damage_crack_v2_0002316.jpg,train,IMG_20230513_103515_jpg.rf.872f7aeaa853baa9b122bc90236a9408.jpg,img_20230513_103515,eee63e7a9592daeac12c975c084147424c6234c34143c5c0ddebe6f74c3c04c9,0,0,0,0,0
train,2317,aircraft_surface_damage_crack_v2_0002317.jpg,train,IMG_20230513_103529_jpg.rf.16ad7d5bfc14520957942d3d679a293d.jpg,img_20230513_103529,5234963b94cae812dd8aff3fa5491902c66c979c26012c0900969528d7dc4735,0,0,0,0,0
train,2318,aircraft_surface_damage_crack_v2_0002318.jpg,train,IMG_20230513_103529_jpg.rf.6aacf121ee8ae6765dd8b0a97f3c3f81.jpg,img_20230513_103529,519e8c9f795f645ebef85167a5616504731115ff7474404f7c34fe33f1dc660e,0,0,0,0,0
train,2319,aircraft_surface_damage_crack_v2_0002319.jpg,train,IMG_20230513_103529_jpg.rf.f6874cd528cc15c1a90ffb3652d650c6.jpg,img_20230513_103529,2f589964dc4c3c00f63d217c0509d363214fe5dd3bc2aeb895ef966b0166a746,0,0,0,0,0
train,2320,aircraft_surface_damage_crack_v2_0002320.jpg,train,IMG_20230513_103531_jpg.rf.338331a28284c252b95c966550378084.jpg,img_20230513_103531,aeacf0e085634daac6c7eaf36de5f34b4abb49386435206de2420de311906c13,0,0,0,0,0
train,2321,aircraft_surface_damage_crack_v2_0002321.jpg,train,IMG_20230513_103531_jpg.rf.52522be6f0899d7a2e2f89d7bbc7d8f3.jpg,img_20230513_103531,ade9eab2b992d32bd86d73b584dc092e3ce41c3cd0ff7f8ed92f541242f4d335,0,0,0,0,0
train,2322,aircraft_surface_damage_crack_v2_0002322.jpg,train,IMG_20230513_103531_jpg.rf.fe60e1202dc4c774a6bd50dbe4fec0d9.jpg,img_20230513_103531,2664118aaafc1d3baa85d41999fb6fbbe84c18c85e4a2dbaa2f1832c73a25dba,0,0,0,0,0
train,2323,aircraft_surface_damage_crack_v2_0002323.jpg,train,IMG_20230513_103533_jpg.rf.208c947673b4b508e0c5fd5b89130dff.jpg,img_20230513_103533,4ae6d5ea807b8f4698da9a8f7487c6f2bdf8d5258ee2d63998dcf8716d36b1ac,0,0,0,0,0
train,2324,aircraft_surface_damage_crack_v2_0002324.jpg,train,IMG_20230513_103533_jpg.rf.91d825a81d5d29e413e6e4894ae3786f.jpg,img_20230513_103533,bc0e774085ccaa0b9d11c7cc6a7746640fdf0c56ff69c0cd4c3123d3f44ceffc,0,0,0,0,0
train,2325,aircraft_surface_damage_crack_v2_0002325.jpg,train,IMG_20230513_103533_jpg.rf.c0cf74558d777962d858e3672edc9043.jpg,img_20230513_103533,777e080fe905e787e5bc797f70307d8273f951b5ba072261eb487b9aa18dea6f,0,0,0,0,0
train,2326,aircraft_surface_damage_crack_v2_0002326.jpg,train,IMG_20230513_103539_jpg.rf.414e12ea544ec0b4e9f884362a4cf8f0.jpg,img_20230513_103539,9ae8b08efd464600ddfb3fd9ecfaff2a76ec571a73db13732fe60c1805257462,0,0,0,0,0
train,2327,aircraft_surface_damage_crack_v2_0002327.jpg,train,IMG_20230513_103539_jpg.rf.56caca8596e3a8c5eba9e2db12bfc989.jpg,img_20230513_103539,588ae4f0434643e76654c6cef0cb3f8ad8623b11cfffe88d9f81db0526223ff8,0,0,0,0,0
train,2328,aircraft_surface_damage_crack_v2_0002328.jpg,train,IMG_20230513_103539_jpg.rf.6c21f29397eb42787f5bb4cfb20a7864.jpg,img_20230513_103539,b5f46bc3a21770ae7161b31d566dd1c01a60f7c59b32bb7489ed19672fe1e024,0,0,0,0,0
train,2329,aircraft_surface_damage_crack_v2_0002329.jpg,train,IMG_20230513_103543_jpg.rf.3c10256cde4928a6c84b28cba840fe81.jpg,img_20230513_103543,2a12433b8210fa4f936f0af6aad8f80ea99fe838d07e4250da5634c57ccec10a,0,0,0,0,0
train,2330,aircraft_surface_damage_crack_v2_0002330.jpg,train,IMG_20230513_103543_jpg.rf.8c5d9dbd4612cd4087c140431a2fe46f.jpg,img_20230513_103543,adb31c6685a35ecbe1e5fb5d945905fe2c4654ccc5c9a00541d31b5956150064,0,0,0,0,0
train,2331,aircraft_surface_damage_crack_v2_0002331.jpg,train,IMG_20230513_103543_jpg.rf.b3a51eb4fe687d3eb9a3a4dda76f6f40.jpg,img_20230513_103543,9e9522bd3f2756ee122f07ee93ac7ded0820164d7d476df6c619754e06b06740,0,0,0,0,0
train,2332,aircraft_surface_damage_crack_v2_0002332.jpg,train,IMG_20230513_103546_jpg.rf.4bbad81d7e1466d1870bf0ed8f4981b4.jpg,img_20230513_103546,c545207591fcf45d9287c7cea8cb492f090bcb0549819817d2e3fe392d6b00a4,0,0,0,0,0
train,2333,aircraft_surface_damage_crack_v2_0002333.jpg,train,IMG_20230513_103546_jpg.rf.a55460f72c4d5f71af45a63c7882c59d.jpg,img_20230513_103546,77cffb21ccb49c6685e024f0ee198ea1352df1bf21d5b70a4d674c4ec43af1b5,0,0,0,0,0
train,2334,aircraft_surface_damage_crack_v2_0002334.jpg,train,IMG_20230513_103546_jpg.rf.cbff11c248a244afe607925d724da2a6.jpg,img_20230513_103546,384db1a2d8a28ded9d0736b9cdb9467cae29b69a6a65e2b865bf3a3f6df27ab5,0,0,0,0,0
train,2335,aircraft_surface_damage_crack_v2_0002335.jpg,train,IMG_20230513_103551_jpg.rf.55bbd78c5885c1d3e91e62ce31513a7d.jpg,img_20230513_103551,8ec6d7fd26d59d0c95752aee22595ca66b823116c8cf145781021b39548afea9,0,0,0,0,0
train,2336,aircraft_surface_damage_crack_v2_0002336.jpg,train,IMG_20230513_103551_jpg.rf.743ff823c9a17a79a7be242855f41643.jpg,img_20230513_103551,90761fb957a9affc030e7029a84b2e751b32adc09e54ccabd9f14cd72b9b46ed,0,0,0,0,0
train,2337,aircraft_surface_damage_crack_v2_0002337.jpg,train,IMG_20230513_103551_jpg.rf.955352ad6d5ca7ca16a0cd13c7c4be0a.jpg,img_20230513_103551,a77702106ce76adffa303493231d8c3715345f9830f17ad3b2925136dec5c39f,0,0,0,0,0
train,2338,aircraft_surface_damage_crack_v2_0002338.jpg,train,IMG_20230513_103553_jpg.rf.086eaed8125992a1c5d07f19df91e069.jpg,img_20230513_103553,d65cb29d9b6df93655cdc39078c5fd1298da2e36ad867829d923bb994e3825c5,0,0,0,0,0
train,2339,aircraft_surface_damage_crack_v2_0002339.jpg,train,IMG_20230513_103553_jpg.rf.48464f3bff07fe6ef28bc575395a597c.jpg,img_20230513_103553,db9062a0a65bfca121d3dc67cf7171f77bf3c7d45dd5d4492d068f48be5ae244,0,0,0,0,0
train,2340,aircraft_surface_damage_crack_v2_0002340.jpg,train,IMG_20230513_103553_jpg.rf.5f789974670c70353cfb6e151ac24df7.jpg,img_20230513_103553,fc2cab131168a4d14f15e9386bfd80b9efb81a02b2feff384085dba62b6e4eb5,0,0,0,0,0
train,2341,aircraft_surface_damage_crack_v2_0002341.jpg,train,IMG_20230513_103555_jpg.rf.479722f6a86306f1f23c7e1b60cc54ce.jpg,img_20230513_103555,89afcabf9b6b9982355d0881abbef760cdf94ce357794ddbd605762a363fe55c,0,0,0,0,0
train,2342,aircraft_surface_damage_crack_v2_0002342.jpg,train,IMG_20230513_103555_jpg.rf.5703b35cc949d10665ff2243ccc3c7ff.jpg,img_20230513_103555,c843b33482789e80564cc06aa1340681feed5e8d9ba870a48a769a5e5eec3bb9,0,0,0,0,0
train,2343,aircraft_surface_damage_crack_v2_0002343.jpg,train,IMG_20230513_103555_jpg.rf.83b12390ce1ca4d3464df4e739074f91.jpg,img_20230513_103555,ffa9e0cc507f390df7d71da163cca41759517020b1bfaeafe25d796b336c8309,0,0,0,0,0
train,2344,aircraft_surface_damage_crack_v2_0002344.jpg,train,IMG_20230513_103600_jpg.rf.41a66258c7715338517011fda0dcd273.jpg,img_20230513_103600,4b85f23ba4d78d660f024c9cc55ed225b41988618dd72bfd08550028fd3bb3be,0,0,0,0,0
train,2345,aircraft_surface_damage_crack_v2_0002345.jpg,train,IMG_20230513_103600_jpg.rf.5cbe314945c788ff3f82b3fce5c78535.jpg,img_20230513_103600,c1b929a5171808181daccdc769c8b83079250578ba7a2bfbcc8f63b96af3f715,0,0,0,0,0
train,2346,aircraft_surface_damage_crack_v2_0002346.jpg,train,IMG_20230513_103600_jpg.rf.9aa328ed6aee4fb339cdd437d97c6232.jpg,img_20230513_103600,b86ef4cbb2aeb6eccc319baff2ddc375aa966c19642e6864833e7d7a61593aa9,0,0,0,0,0
train,2347,aircraft_surface_damage_crack_v2_0002347.jpg,train,IMG_20230513_103602_jpg.rf.4d697e8a202f5b28f2c9ac6fae5b1841.jpg,img_20230513_103602,b07aedaa26db26da312cfe51dd1e78b99703563bd90091980fe320fe09ee1989,0,0,0,0,0
train,2348,aircraft_surface_damage_crack_v2_0002348.jpg,train,IMG_20230513_103602_jpg.rf.76d8ec42c3c0432cda20e132b87fa42a.jpg,img_20230513_103602,14003acacb4373ac2f333b802e7e19912130ba4cd8a34ac9ed1db6f939bafe36,0,0,0,0,0
train,2349,aircraft_surface_damage_crack_v2_0002349.jpg,train,IMG_20230513_103602_jpg.rf.b0adf033d780c8571fa741631072b687.jpg,img_20230513_103602,a30d1bdf87f9bb2cdea5f629e2781c7279fb55eeb218b5665c336c96070ac7b1,0,0,0,0,0
train,2350,aircraft_surface_damage_crack_v2_0002350.jpg,train,IMG_20230513_103607_jpg.rf.5acebef29b179fd31d571a44e3e96cbf.jpg,img_20230513_103607,ca6fd3ab6c755344dc5bba7c4088c8966369422897208025c3b561499dad2409,0,0,0,0,0
train,2351,aircraft_surface_damage_crack_v2_0002351.jpg,train,IMG_20230513_103607_jpg.rf.9c6f663e5b02ffaf4a9d40c14305fa6e.jpg,img_20230513_103607,acb5c98d9e00b15223ec5bfb1b64cafba9b130c5741a90aadc920b4c5e533ae2,0,0,0,0,0
train,2352,aircraft_surface_damage_crack_v2_0002352.jpg,train,IMG_20230513_103607_jpg.rf.ce3377b0d1fdb49d104f0fef3ecb3bcd.jpg,img_20230513_103607,5ec4fba94b96366e79a5c76bb62efb7d99191a9a36186f57271cbdd0a6a25101,0,0,0,0,0
train,2353,aircraft_surface_damage_crack_v2_0002353.jpg,train,IMG_20230513_103611_jpg.rf.796429f862185cb3d9b1d3d1b718144b.jpg,img_20230513_103611,4fce7049d5bbeb2d5e7730ec0f512e142e1bc5d9f28bfe4dab294fdf4eef62f9,0,0,0,0,0
train,2354,aircraft_surface_damage_crack_v2_0002354.jpg,train,IMG_20230513_103611_jpg.rf.c76fd7a22d23dc3d46f76456b778c19e.jpg,img_20230513_103611,cbbdedeb919713f902d18a5bb07fb64c8647e955df287f6a2ebc2dec3d3d2b65,0,0,0,0,0
train,2355,aircraft_surface_damage_crack_v2_0002355.jpg,train,IMG_20230513_103611_jpg.rf.ddec091416249481486f2a5c11bc3df9.jpg,img_20230513_103611,09547901518796fd014466f2c297b58e070fe252d60ff8e6db2d8d7d3a86b947,0,0,0,0,0
train,2356,aircraft_surface_damage_crack_v2_0002356.jpg,train,IMG_20230513_103614_jpg.rf.0cf8950a2d5e52576a1b2dd7be481396.jpg,img_20230513_103614,85a18d8596a5218d123c8d77cd1151bea36962c759cbe3c89ba4f6ddb9d37adb,0,0,0,0,0
train,2357,aircraft_surface_damage_crack_v2_0002357.jpg,train,IMG_20230513_103614_jpg.rf.23545f5b367f199c1965600950d2c7f3.jpg,img_20230513_103614,5dfb0f962ee515d26e7a06466a16e28dbbbc5067c72712e664960752e9a9606c,0,0,0,0,0
train,2358,aircraft_surface_damage_crack_v2_0002358.jpg,train,IMG_20230513_103614_jpg.rf.b7dbb44ef512ec7d87935459c985763d.jpg,img_20230513_103614,30fbad8c002bd13fafae87468fcdfc779f7295582396e2cce9a2ed0e6da12cce,0,0,0,0,0
train,2359,aircraft_surface_damage_crack_v2_0002359.jpg,train,IMG_20230513_103617_jpg.rf.0c48a88982cd49d1583e3a7f7c1ce4fb.jpg,img_20230513_103617,94e6af0f0facad759ec68037607278c6c40b37493cad139ae419c66f5c370e90,0,0,0,0,0
train,2360,aircraft_surface_damage_crack_v2_0002360.jpg,train,IMG_20230513_103617_jpg.rf.70ea5f0eb3296972e7e96a422b564d65.jpg,img_20230513_103617,0ccc64da44a836ef7e986fece3b09c792e6921efe2161e79125ebec8c2f7b32e,0,0,0,0,0
train,2361,aircraft_surface_damage_crack_v2_0002361.jpg,train,IMG_20230513_103617_jpg.rf.8723ed4640542d8d29c20b69e65ee07d.jpg,img_20230513_103617,5e7274b89c6aff30de4b052e290455747165814a0a712bce9865da8b05116f2e,0,0,0,0,0
train,2362,aircraft_surface_damage_crack_v2_0002362.jpg,train,IMG_20230513_103619_jpg.rf.54f32a0a3d974979800e73402205d287.jpg,img_20230513_103619,a95d862989293919c9dac3850da12be8f359907209ac7ef47111016902850f3e,0,0,0,0,0
train,2363,aircraft_surface_damage_crack_v2_0002363.jpg,train,IMG_20230513_103619_jpg.rf.fc5b5472261da1f42a53947ee50d8b7b.jpg,img_20230513_103619,39ae08f9c84384842f52098b9ca51bc240367621e34de9b57ef7547c84e9f841,0,0,0,0,0
train,2364,aircraft_surface_damage_crack_v2_0002364.jpg,train,IMG_20230513_103619_jpg.rf.fce013521062c48b893e986a60c2ec21.jpg,img_20230513_103619,e636c9c069ab626e96ff0854bc5b76e3d88664eb9bafd772542c9eb5fcfe66e9,0,0,0,0,0
train,2365,aircraft_surface_damage_crack_v2_0002365.jpg,train,IMG_20230513_103621_jpg.rf.067cd5a5bddee106b7156ac271ba5fdd.jpg,img_20230513_103621,cc617715920f1b2ba88c61d29d53fb77743ba65bc026a00fd48f6912b431e126,0,0,0,0,0
train,2366,aircraft_surface_damage_crack_v2_0002366.jpg,train,IMG_20230513_103621_jpg.rf.42e375d81ba08408c548aba984c1cf20.jpg,img_20230513_103621,d81d9e103ad85e9c006ee1e034426684ba911ce6aba1db9e1298e72ce3b4e2b1,0,0,0,0,0
train,2367,aircraft_surface_damage_crack_v2_0002367.jpg,train,IMG_20230513_103621_jpg.rf.b6b0cb67585bb571248b2cdf118ba81c.jpg,img_20230513_103621,12b35e548bb0cceb95d58db9e217072190b279e070a0df51dd24366dad5dd4f5,0,0,0,0,0
train,2368,aircraft_surface_damage_crack_v2_0002368.jpg,train,IMG_20230513_103627_jpg.rf.3468046b0637150f5993555f288d2115.jpg,img_20230513_103627,5dc5d2839fd195809bd762fc8ba423bd5b2f23442d9368a0c1fdc5f79b803d30,0,0,0,0,0
train,2369,aircraft_surface_damage_crack_v2_0002369.jpg,train,IMG_20230513_103627_jpg.rf.84991047e83afda621583559a723e019.jpg,img_20230513_103627,0102f2d4c71eda9c2ba25bd77021f96ffdfeb73b3adcaff9a22d34b2566e3cf1,0,0,0,0,0
train,2370,aircraft_surface_damage_crack_v2_0002370.jpg,train,IMG_20230513_103627_jpg.rf.96819c2dce76b1efc7866dd6119cf258.jpg,img_20230513_103627,a8af0881905293b4d481bb353c63c0e42ff9e3a67bfd88123cb364223dc128eb,0,0,0,0,0
train,2371,aircraft_surface_damage_crack_v2_0002371.jpg,train,IMG_20230513_103721_jpg.rf.41b3cad7623f80c9d11b6fca18173b9a.jpg,img_20230513_103721,d1f78544e44eb3418b9712fe135e7f1bc09abe556662cde7c9c6ad478b6849c7,0,0,0,0,0
train,2372,aircraft_surface_damage_crack_v2_0002372.jpg,train,IMG_20230513_103721_jpg.rf.cd51dba763b675587b702d9ca5235f94.jpg,img_20230513_103721,62506241e99c41f91d33508b753947e997ceaca48f8ebcf14fec817a2cd9af40,0,0,0,0,0
train,2373,aircraft_surface_damage_crack_v2_0002373.jpg,train,IMG_20230513_103721_jpg.rf.d18b666cde06ddef0d52e61a1454ae54.jpg,img_20230513_103721,8c1de1090ae983aa791b9922894300bfd562d780fef9d4bd053eae8c1ef3acca,0,0,0,0,0
train,2374,aircraft_surface_damage_crack_v2_0002374.jpg,train,IMG_20230513_103723_jpg.rf.29872d7def93505429c92bec5a6e2933.jpg,img_20230513_103723,964c61ec019a5f7c878423ea1eecb4bf0281fb3b58a82a9daf05bb236ab23790,0,0,0,0,0
train,2375,aircraft_surface_damage_crack_v2_0002375.jpg,train,IMG_20230513_103723_jpg.rf.dc1f5fb2cdd88939077bbcf7d5ed84c5.jpg,img_20230513_103723,d5420cd64b86158de5815804c33f9af02434d6deb6654471d9463f9b10150084,0,0,0,0,0
train,2376,aircraft_surface_damage_crack_v2_0002376.jpg,train,IMG_20230513_103723_jpg.rf.feb96af6fedf8c1dcd487cfa30290acc.jpg,img_20230513_103723,1875ffd4cb6e93b3591906663c9666f79b8ce56a139f8254e432bde6894606ea,0,0,0,0,0
train,2377,aircraft_surface_damage_crack_v2_0002377.jpg,train,IMG_20230513_103726_jpg.rf.23d20c22d4822e0d345e4d44ae8ebf32.jpg,img_20230513_103726,4024765ae7b1acfea754263affcaf790fe534c53de9af29fe2b6775a3550718b,0,0,0,0,0
train,2378,aircraft_surface_damage_crack_v2_0002378.jpg,train,IMG_20230513_103726_jpg.rf.5a9a7eb3e1308851f037ac025212b926.jpg,img_20230513_103726,29e98aedcb60768c1dd89a3df5f7d00f5f35df3e46f2c540b941e484b4eb5d84,0,0,0,0,0
train,2379,aircraft_surface_damage_crack_v2_0002379.jpg,train,IMG_20230513_103726_jpg.rf.d5ca74deb3074e6597dae1f610cfdebf.jpg,img_20230513_103726,015708aaf72ddc1a659c7a06a959bb737c164eba8ba9579700d67fcba6e2f863,0,0,0,0,0
train,2380,aircraft_surface_damage_crack_v2_0002380.jpg,train,IMG_20230513_103728_jpg.rf.002ae37e0d3bbbba495648e53297c84e.jpg,img_20230513_103728,0bfabbbdff358fbf4e10edc0361215c06624682846df6d79c41b2c9349c24878,0,0,0,0,0
train,2381,aircraft_surface_damage_crack_v2_0002381.jpg,train,IMG_20230513_103728_jpg.rf.23b9db6298ccaee902b5140469bb1649.jpg,img_20230513_103728,9d079a728d2c1b681d4b14d5477ebbea747f726a75506171db6f448ebbe09aef,0,0,0,0,0
train,2382,aircraft_surface_damage_crack_v2_0002382.jpg,train,IMG_20230513_103728_jpg.rf.43ea4450e60b414a479a93fa4babdd31.jpg,img_20230513_103728,1a589342502161b52a9b54c508f8b171e365fabb008ff9000398366356ec94a3,0,0,0,0,0
train,2383,aircraft_surface_damage_crack_v2_0002383.jpg,train,IMG_20230513_103731_jpg.rf.587d805e25b5df5633cc59aa15647629.jpg,img_20230513_103731,e549210b45f68ec69147004a4c82051003e1118c3189d451f7ee0e39188f4dd2,0,0,0,0,0
train,2384,aircraft_surface_damage_crack_v2_0002384.jpg,train,IMG_20230513_103731_jpg.rf.96b0e0625b03823df85d44530df33aac.jpg,img_20230513_103731,5032eaf0913fa6a59fa19c65f205fa387f84430ee19b85de4b624d2b67461219,0,0,0,0,0
train,2385,aircraft_surface_damage_crack_v2_0002385.jpg,train,IMG_20230513_103731_jpg.rf.fbff7473fc22c80c2d5c75f43fd7b13d.jpg,img_20230513_103731,4e3cb2976942f9877101259a152d7dc6625c6ad0325a20279e08070efec32ded,0,0,0,0,0
train,2386,aircraft_surface_damage_crack_v2_0002386.jpg,train,IMG_20230513_103735_jpg.rf.36df57ef890ac25cbceccd10d341a9cf.jpg,img_20230513_103735,7a0b683d0e373fcd9a05f0c660c49bf7a3d75da9d3fcf6921113890a4a70d3d0,0,0,0,0,0
train,2387,aircraft_surface_damage_crack_v2_0002387.jpg,train,IMG_20230513_103735_jpg.rf.4af67c79af03eb880efa8bc5118c3d5f.jpg,img_20230513_103735,aa5643affddc83750b4e7a211e7402d77d50e48827898ebb63c537dfe98d61c1,0,0,0,0,0
train,2388,aircraft_surface_damage_crack_v2_0002388.jpg,train,IMG_20230513_103735_jpg.rf.63df85a450d81a98e72616260e3cc644.jpg,img_20230513_103735,22ee270c99cd636d21184a4af10ef5950c4c199649d8959a036994a8314ee79b,0,0,0,0,0
train,2389,aircraft_surface_damage_crack_v2_0002389.jpg,train,IMG_20230513_103741_jpg.rf.0cafc797eb793a5f46b7a8405593bec8.jpg,img_20230513_103741,640e3fd1415704d72a6c1636fc3fc09a569221e0fbcfef05e0b316d190f79d90,0,0,0,0,0
train,2390,aircraft_surface_damage_crack_v2_0002390.jpg,train,IMG_20230513_103741_jpg.rf.3b3f9a35b95da38bf5c4b9bc66bbf49f.jpg,img_20230513_103741,106a10353defc3b4002113b6652acbf149349e7498c22d1a850844354457b89d,0,0,0,0,0
train,2391,aircraft_surface_damage_crack_v2_0002391.jpg,train,IMG_20230513_103741_jpg.rf.44c39c093e81bd5303d39aae01635bb2.jpg,img_20230513_103741,1452dc80f707987850b63a49e5a44f0b6853d0a22dd233bb8141a43c85204116,0,0,0,0,0
train,2392,aircraft_surface_damage_crack_v2_0002392.jpg,train,IMG_20230513_103745_jpg.rf.02ed9db5b6de75e55252ee3cc1ecd690.jpg,img_20230513_103745,9cce5f00cf19fe0b63dfd266218fa0e7aaea7decae21afdaa8104e1937db413c,0,0,0,0,0
train,2393,aircraft_surface_damage_crack_v2_0002393.jpg,train,IMG_20230513_103745_jpg.rf.7ce70a68183c9376c38e658403febda7.jpg,img_20230513_103745,53349f0387efc21356b7a2e72878c4a1b57cfc6e7c76d7e54e70ce1b580ed6aa,0,0,0,0,0
train,2394,aircraft_surface_damage_crack_v2_0002394.jpg,train,IMG_20230513_103745_jpg.rf.b6f1621ec531140168f9bbda75acaca8.jpg,img_20230513_103745,6bcd6e202ec9859b01a43cbf54a2be97b0d7e56537aee7a668ff124e0449caf3,0,0,0,0,0
train,2395,aircraft_surface_damage_crack_v2_0002395.jpg,train,IMG_20230513_103748_jpg.rf.23ee65f49661caaf9c12909870a39113.jpg,img_20230513_103748,61118587e2444053a8a4a4b226193959d535a6d8715ed517854843fcd216e237,0,0,0,0,0
train,2396,aircraft_surface_damage_crack_v2_0002396.jpg,train,IMG_20230513_103748_jpg.rf.8bf611cdd7886ec83cfac6d8d29b7415.jpg,img_20230513_103748,5255362f8380f1cd1c8370b7a35dfda8d08d1fbcb862316520a76e17d4ffd895,0,0,0,0,0
train,2397,aircraft_surface_damage_crack_v2_0002397.jpg,train,IMG_20230513_103748_jpg.rf.c3cf7fd7fbdfdc3101622370a4e977d8.jpg,img_20230513_103748,411f2c9b90cd9b3b1ef860c47c452412d6d4df6d79623fd28711a2e2ba2026f9,0,0,0,0,0
train,2398,aircraft_surface_damage_crack_v2_0002398.jpg,train,IMG_20230513_103751_jpg.rf.49d0891d227837be0b83640a77d66b15.jpg,img_20230513_103751,0b14e1a69723b4502eaa2d678fcce1279becd20180c2a621671a6e5273bc2090,0,0,0,0,0
train,2399,aircraft_surface_damage_crack_v2_0002399.jpg,train,IMG_20230513_103751_jpg.rf.77d35fd3f97ecae8d4eda7108f0addc2.jpg,img_20230513_103751,1bce2aca88867a418a7805cf5868e9dba4082a5978903635b623c005e4e1b05e,0,0,0,0,0
train,2400,aircraft_surface_damage_crack_v2_0002400.jpg,train,IMG_20230513_103751_jpg.rf.e5edbb027e5998f4a7b828b334f7e0e6.jpg,img_20230513_103751,4a69e7cbf9d034b5488bdab36f022fbf724a2cc96f1e1c713138b3f8b37268ba,0,0,0,0,0
train,2401,aircraft_surface_damage_crack_v2_0002401.jpg,train,IMG_20230513_103753_jpg.rf.20a4915d51d7355f805e18dbc0769e43.jpg,img_20230513_103753,ff1bc9cd7469846d38f25eb501572e04eec6f0b04d09a76331431e8ee36d55fe,0,0,0,0,0
train,2402,aircraft_surface_damage_crack_v2_0002402.jpg,train,IMG_20230513_103753_jpg.rf.d53d2b9af8abccf8c858248eefe08210.jpg,img_20230513_103753,2012230e8c6212f49bceb2a68d161ee95d7f4d94f8c9d8d7229ce9a4771ab38a,0,0,0,0,0
train,2403,aircraft_surface_damage_crack_v2_0002403.jpg,train,IMG_20230513_103753_jpg.rf.f6a7e91c9b51c57028c8236fe89afcfb.jpg,img_20230513_103753,fbb61ac3818d041913a063c5390d1e46c930450f9317b32bf814f443054b666b,0,0,0,0,0
train,2404,aircraft_surface_damage_crack_v2_0002404.jpg,train,IMG_20230513_103757_jpg.rf.087f2e233897206bdd88bae13939a356.jpg,img_20230513_103757,658e7042c43d2b318e356bd12630598848a0508d1725f17eeb7a85e7a2a5d110,0,0,0,0,0
train,2405,aircraft_surface_damage_crack_v2_0002405.jpg,train,IMG_20230513_103757_jpg.rf.2b028f7f73f5e37eaf89fcc955148a37.jpg,img_20230513_103757,25d6d3a754b6c65f74297e6e614856df6d17f085b3bdf8c6d7449d6b676fb048,0,0,0,0,0
train,2406,aircraft_surface_damage_crack_v2_0002406.jpg,train,IMG_20230513_103757_jpg.rf.7a98b9af0647d5abd5a56112091ed2c3.jpg,img_20230513_103757,9ac7b5c36eb130141429a3389387b99cb4ed3247dbc189f0fbe45f9215b88c85,0,0,0,0,0
train,2407,aircraft_surface_damage_crack_v2_0002407.jpg,train,IMG_20230513_103803_jpg.rf.1ffe0a8326d8e371a2e048352f1399aa.jpg,img_20230513_103803,77af9d765ecb2b8c95b0d9f71b2063fcd71822ec58822c11e592b1d82794d21d,0,0,0,0,0
train,2408,aircraft_surface_damage_crack_v2_0002408.jpg,train,IMG_20230513_103803_jpg.rf.51c5be38a8945984ae054f93e2cc8601.jpg,img_20230513_103803,58b145bbb8603988da797dbb4c2e3fe548c3fd5c3132ba9095adc8993567ac2e,0,0,0,0,0
train,2409,aircraft_surface_damage_crack_v2_0002409.jpg,train,IMG_20230513_103803_jpg.rf.6051b5fc7336a1cf9b06cc8c12e5b379.jpg,img_20230513_103803,a55dd409de82430bd522b6200050af70b321a7d0c142fcd75c975b66899a6367,0,0,0,0,0
train,2410,aircraft_surface_damage_crack_v2_0002410.jpg,train,IMG_20230513_103812_jpg.rf.6f338cf0b8b92141ad0ad6a6baf73f1f.jpg,img_20230513_103812,f9eebb51a61db209e9799d6a70a43df053aeed4557613e7dffcad5e0f293dc66,0,0,0,0,0
train,2411,aircraft_surface_damage_crack_v2_0002411.jpg,train,IMG_20230513_103812_jpg.rf.7e0b959a75264e2591a4e59d4d2834e5.jpg,img_20230513_103812,77feff83fa088fe6a69fc7f7243427f78bc4a3afb47c27f9cf7a4c8eb28412b4,0,0,0,0,0
train,2412,aircraft_surface_damage_crack_v2_0002412.jpg,train,IMG_20230513_103812_jpg.rf.aab7a1ba3adb060197fe6b26ae6b09e0.jpg,img_20230513_103812,4397d41c80002beecda893051787eb123f817a8efed243022517afc2ef1f7a30,0,0,0,0,0
train,2413,aircraft_surface_damage_crack_v2_0002413.jpg,train,IMG_20230513_103846_jpg.rf.825a29c0c952a6456f323fbbe9f6aad1.jpg,img_20230513_103846,24b18e42e798ded2e06830c55c97d161fb702ad618e1059d9bbe1a681c70a42e,1,1,0,0,1
train,2414,aircraft_surface_damage_crack_v2_0002414.jpg,train,IMG_20230513_103846_jpg.rf.a6284575783a0010967d4c0b07736bad.jpg,img_20230513_103846,e0934149a304842336f256df1b3a98872dae5c0842c6554b751bf9e260107764,1,1,0,0,1
train,2415,aircraft_surface_damage_crack_v2_0002415.jpg,train,IMG_20230513_103846_jpg.rf.b228eea65145cd0454f2cc4131f8c849.jpg,img_20230513_103846,bce9a29a1f019d7c9b72912159c8ebe2d28c5a1089d93e2e64b60891f8b196d9,1,1,0,0,1
train,2416,aircraft_surface_damage_crack_v2_0002416.jpg,train,IMG_20230513_103849_jpg.rf.31dd7a3c14496535461218d7dda744d0.jpg,img_20230513_103849,94547f09485c55d2c78a00be52ab75548c61fa76564f2002829755d16043b8dc,1,1,0,0,1
train,2417,aircraft_surface_damage_crack_v2_0002417.jpg,train,IMG_20230513_103849_jpg.rf.ab0c5c2531c2be4594036ae6e9026ed6.jpg,img_20230513_103849,e38b6ecf7b14c78e6ae173102709b8e61d49c11799e4daad596ae21f54b7bda8,1,1,0,0,1
train,2418,aircraft_surface_damage_crack_v2_0002418.jpg,train,IMG_20230513_103849_jpg.rf.fbb57128577c1e5d84acd09e95505a31.jpg,img_20230513_103849,f2495ac4d9f758eda63f176eee20f8a4bb808d65eb228f17b1cd70fd33e15ad2,1,1,0,0,1
train,2419,aircraft_surface_damage_crack_v2_0002419.jpg,train,IMG_20230513_103851_jpg.rf.358bc49fafc8157fc3f91d6064072193.jpg,img_20230513_103851,2a59475f45aaa999c20f9a9f42406e7dce254c221f22f3139c0a5763cb671700,1,1,0,0,1
train,2420,aircraft_surface_damage_crack_v2_0002420.jpg,train,IMG_20230513_103851_jpg.rf.4f91558d1761eb3a617bfffacdc189f8.jpg,img_20230513_103851,e9bc7890110af6e7f869ab2c065ac2a479c0c792b5e205949da1f20996500add,1,1,0,0,1
train,2421,aircraft_surface_damage_crack_v2_0002421.jpg,train,IMG_20230513_103851_jpg.rf.a727d609c82041d8f175e3729636c218.jpg,img_20230513_103851,4d65a0874379eae304ec41a82b215af8bc6a373bb9332ce7bad2c00a424549fe,1,1,0,0,1
train,2422,aircraft_surface_damage_crack_v2_0002422.jpg,train,IMG_20230513_103859_jpg.rf.1503be06694accf23796a156dfa517ff.jpg,img_20230513_103859,a25385bf30477c1022526aa10240be1a2b626b1696b1451ad1255fee9771edd2,1,1,0,0,1
train,2423,aircraft_surface_damage_crack_v2_0002423.jpg,train,IMG_20230513_103859_jpg.rf.8a064b999f736103c2be3cb64aaf0a64.jpg,img_20230513_103859,622e4ef37bebc4e886d2749aa21a8efef36b47e02fd4b0377d195be9d2b640cb,1,1,0,0,1
train,2424,aircraft_surface_damage_crack_v2_0002424.jpg,train,IMG_20230513_103859_jpg.rf.cf16038a74288c6c3b5a9034f945230a.jpg,img_20230513_103859,f1bce8acf0616014eec45e6d262f1160071de20e17d5c7f8cfe03690d0504ed3,1,1,0,0,1
train,2425,aircraft_surface_damage_crack_v2_0002425.jpg,train,IMG_20230513_103906_jpg.rf.38a662e15733e505fa9c1031ef09acb3.jpg,img_20230513_103906,6d50b2eaee82cd8c026a29f1cb03c0d475297da17c6bebfb057aa2d2c70138b1,1,1,0,1,0
train,2426,aircraft_surface_damage_crack_v2_0002426.jpg,train,IMG_20230513_103906_jpg.rf.769e149ec4cef9602f0a04d2981345ae.jpg,img_20230513_103906,b9438b09dd5470a3e1b06b2f22d25943466223211a3b824c41b79d349567e0e6,1,1,0,0,1
train,2427,aircraft_surface_damage_crack_v2_0002427.jpg,train,IMG_20230513_103906_jpg.rf.a2ec85992f040ec74fc1afd38aaf1707.jpg,img_20230513_103906,0219758bac6ef8d983a83d1fea5b674f771978d74c9502f9b036002bc48aa6b4,1,1,0,0,1
train,2428,aircraft_surface_damage_crack_v2_0002428.jpg,train,IMG_20230513_103912_jpg.rf.19696287c502a206e889abc59dffab2d.jpg,img_20230513_103912,7d1dc1f53cd2fd083bbcfb5e906fc93354c253d2573474cce55b05be0847ddb9,1,1,0,0,1
train,2429,aircraft_surface_damage_crack_v2_0002429.jpg,train,IMG_20230513_103912_jpg.rf.257b3177953c531f0e96dfd77b0707bb.jpg,img_20230513_103912,034754ea44e523c6b821c2a3e4712e0fecc2e31825c147d504b1d75679883360,1,1,0,1,0
train,2430,aircraft_surface_damage_crack_v2_0002430.jpg,train,IMG_20230513_103912_jpg.rf.3a563435f0a393a20ead7e00a1442bb5.jpg,img_20230513_103912,5e18ba6f7e85497bf74f3f8925afb2d224cf82b28d5c3366f52e9b689a4efa0c,1,1,0,0,1
train,2431,aircraft_surface_damage_crack_v2_0002431.jpg,train,IMG_20230513_103917_jpg.rf.2d17ee08b047cea88335e694347ecaa7.jpg,img_20230513_103917,651af8bf53b9386ef1ae4c73a1184464d386b52d4e64a71e8744f4e26d424a24,1,1,0,0,1
train,2432,aircraft_surface_damage_crack_v2_0002432.jpg,train,IMG_20230513_103917_jpg.rf.8bd5e45e5139e9903b164eec8074fc41.jpg,img_20230513_103917,fe53412939d719191d72a058cacb9de6c686ba8e91f35df62c51a05c8a664aa2,1,1,0,0,1
train,2433,aircraft_surface_damage_crack_v2_0002433.jpg,train,IMG_20230513_103917_jpg.rf.a83124e8f76a0735ec25e579f7e3cc80.jpg,img_20230513_103917,6385d87c29b23bb813d23e60e0defb1d6426bb754ce093a993ed9d08ff58c8b0,1,1,0,0,1
train,2434,aircraft_surface_damage_crack_v2_0002434.jpg,train,IMG_20230513_103920_jpg.rf.5b828c50e2a6137d31b58311c05be7ea.jpg,img_20230513_103920,816667d2ee9fd0dc1084ffe1a2dd33dfca6c88f7b2e10b80c142b70366e0035e,1,1,0,0,1
train,2435,aircraft_surface_damage_crack_v2_0002435.jpg,train,IMG_20230513_103920_jpg.rf.5e1b114503fc86c1c96b9ecc0328f008.jpg,img_20230513_103920,16eab0cec2dc4b5fbe447d56c6197c6da576b2afc93074c459a2f03f5658cb29,1,1,0,0,1
train,2436,aircraft_surface_damage_crack_v2_0002436.jpg,train,IMG_20230513_103920_jpg.rf.72b6455c4ad66c6db38f5b76c657ef5d.jpg,img_20230513_103920,bee204ea623afd55e7fb5aac624442922013d17b49e21f9cc7bea112110f8465,1,1,0,0,1
train,2437,aircraft_surface_damage_crack_v2_0002437.jpg,train,IMG_20230513_103937_jpg.rf.846b4d822ac69efbd2bc604e176bce70.jpg,img_20230513_103937,224fdd84f5d566ba0054451b25f82da25c1070dd9e0a82725849914c1c5ee76b,1,1,0,1,0
train,2438,aircraft_surface_damage_crack_v2_0002438.jpg,train,IMG_20230513_103937_jpg.rf.bbe1f4ad675a9d6236f89863a09612e8.jpg,img_20230513_103937,d6651bf56a9239fcadab9d51f5bf480d43e89e0d347cb5825946e551ec7a1e86,1,1,0,1,0
train,2439,aircraft_surface_damage_crack_v2_0002439.jpg,train,IMG_20230513_103937_jpg.rf.ddde8864065849f632fd775508046d20.jpg,img_20230513_103937,d95465e172a806ac4e080c3da5470a839e5061eef44a88f4e2e50b60978d93d2,1,1,0,1,0
train,2440,aircraft_surface_damage_crack_v2_0002440.jpg,train,IMG_20230513_103944_jpg.rf.0b30442aabbc0061052667667dab9f2f.jpg,img_20230513_103944,423a7e19f017fcbcd84208453c3454eabb4d677aa22cb32c1e93c2d4d22311a9,1,1,0,1,0
train,2441,aircraft_surface_damage_crack_v2_0002441.jpg,train,IMG_20230513_103944_jpg.rf.509c2ac1ff4f851f8cc214641682bb65.jpg,img_20230513_103944,65f2df062db3cc385ed9d3e080d89ed13f1b4fb8a1b910549a8151af0b5d782f,1,1,0,1,0
train,2442,aircraft_surface_damage_crack_v2_0002442.jpg,train,IMG_20230513_103944_jpg.rf.dd6b5e57adbb37faaded1f8e22735835.jpg,img_20230513_103944,20f8645eb39e7617979944ecfbba11467cb617a62093b984661e8e0cb76aec0c,1,1,0,1,0
train,2443,aircraft_surface_damage_crack_v2_0002443.jpg,train,IMG_20230513_103950_jpg.rf.a29d675e40519cbfb7139084c98272b8.jpg,img_20230513_103950,247995e511fb44639537ed1d15b49c9acef5312a4f54987701e4786609d355f6,1,1,0,0,1
train,2444,aircraft_surface_damage_crack_v2_0002444.jpg,train,IMG_20230513_103950_jpg.rf.af0ede0a28e810940d4d1dff4dc6eba0.jpg,img_20230513_103950,d5059173f24386fc99f0b6755cd4f441eacad5b444aa2f2c5d696856fd36c077,1,1,0,0,1
train,2445,aircraft_surface_damage_crack_v2_0002445.jpg,train,IMG_20230513_103950_jpg.rf.f59cee84d6b40d0f0dbbaee3853c491e.jpg,img_20230513_103950,263e7316040686093e1cb1eaaca804afeeadf5ad3d0d7599c434d83bd97be81a,1,1,0,0,1
train,2446,aircraft_surface_damage_crack_v2_0002446.jpg,train,IMG_20230513_103954_jpg.rf.02614f37e8b846b41b5fd34d5c9ee94b.jpg,img_20230513_103954,ce809d289de91f455f702ae3eff133dd0d98361aa0c445ba9cd7ab0aebb478c9,1,1,0,1,0
train,2447,aircraft_surface_damage_crack_v2_0002447.jpg,train,IMG_20230513_103954_jpg.rf.b4fac5a25539ce50aa3f5030f245ac30.jpg,img_20230513_103954,34342c0661c49d69919b4443afe82a9710a72d93f8528afa534e29b1f9708b0e,1,1,0,0,1
train,2448,aircraft_surface_damage_crack_v2_0002448.jpg,train,IMG_20230513_103954_jpg.rf.eae094e1db255fe61b85d0d2007e8310.jpg,img_20230513_103954,097e4977bedaf5e4510ef33b3bb28827b09a4178731ab56622f2a37ed2a2735c,1,1,0,1,0
train,2449,aircraft_surface_damage_crack_v2_0002449.jpg,train,IMG_20230513_103958_jpg.rf.10bac7a2a5055acaebe924745f383d1c.jpg,img_20230513_103958,84e28f607ec442b4b28ffa7ab7bdbb194525a09faddcde835a5c48f27c68e78a,1,1,0,0,1
train,2450,aircraft_surface_damage_crack_v2_0002450.jpg,train,IMG_20230513_103958_jpg.rf.3c687ffadb5d6e1950321d8f8779bd83.jpg,img_20230513_103958,53b30035806070c920440f92f6e4f50eb37caab86f38b85fbddebd4e2897a76b,1,1,0,0,1
train,2451,aircraft_surface_damage_crack_v2_0002451.jpg,train,IMG_20230513_103958_jpg.rf.6cbc741f4869bf2ddf973c0be37d9a1f.jpg,img_20230513_103958,9e2bead90ae4273efb692d6975a09b3c0b80fdfc69dc00c4fbc14dfdbfdb9d80,1,1,0,0,1
train,2452,aircraft_surface_damage_crack_v2_0002452.jpg,train,IMG_20230513_104032_jpg.rf.660aa6d7e65af1fde1582f2238e53120.jpg,img_20230513_104032,1180be6d86d62f5cfbabd0dae953216eb09e050eff9ed810184dd5daf91ff41f,0,0,0,0,0
train,2453,aircraft_surface_damage_crack_v2_0002453.jpg,train,IMG_20230513_104032_jpg.rf.877274bfa61b423129b9f1f2753d4b6e.jpg,img_20230513_104032,c8261bb9741501fa587b7079b343fe6845e21c033f4f8441236a195e06a41123,0,0,0,0,0
train,2454,aircraft_surface_damage_crack_v2_0002454.jpg,train,IMG_20230513_104032_jpg.rf.d9ab79fe504185154ae8dbf161ea5d1d.jpg,img_20230513_104032,907bafc24b740c450d52897197bf49884e08bafda53003da5aaf654eb00f432b,0,0,0,0,0
train,2455,aircraft_surface_damage_crack_v2_0002455.jpg,train,IMG_20230513_104035_jpg.rf.65dd711cb0082dad9df7fb375f81a450.jpg,img_20230513_104035,8fd2fc70c2d2d00244218be64bbbda3da561b7a554a98e746f93d431abcd7d70,0,0,0,0,0
train,2456,aircraft_surface_damage_crack_v2_0002456.jpg,train,IMG_20230513_104035_jpg.rf.85b99f6a4e16b4ab88102ede1130a164.jpg,img_20230513_104035,81adb3085913a4dff45bc3a3db2c97d5c7819885c243f93d716ad1d0e62e45a0,0,0,0,0,0
train,2457,aircraft_surface_damage_crack_v2_0002457.jpg,train,IMG_20230513_104035_jpg.rf.b6b4cb6d4bc6b4fb52ea300546e9707a.jpg,img_20230513_104035,5dc25ed5d734c486ebb2f615c5235f85e9eb1a23fc8ce427fd6e4d26ed2d8753,0,0,0,0,0
train,2458,aircraft_surface_damage_crack_v2_0002458.jpg,train,IMG_20230513_104039_jpg.rf.196473ef6d3ba596403353f70c048760.jpg,img_20230513_104039,376df0f3abb4d6192082cc0db9d408b6da845fac0822bd19fd4a37b9d6f4a8fc,0,0,0,0,0
train,2459,aircraft_surface_damage_crack_v2_0002459.jpg,train,IMG_20230513_104039_jpg.rf.66c3a2fcc195252f82b0ee0ee23176aa.jpg,img_20230513_104039,4a7b94d4334da2bc3bb0171b1846f098efb5cf2fbdca640aea3d4f6d1eafe5de,0,0,0,0,0
train,2460,aircraft_surface_damage_crack_v2_0002460.jpg,train,IMG_20230513_104039_jpg.rf.e3e1c5f9cf320ada78b096e892096f1f.jpg,img_20230513_104039,f6cb347fa124c6019b85f8bc8ff45cb542e96b45c8645b615835504518d42530,0,0,0,0,0
train,2461,aircraft_surface_damage_crack_v2_0002461.jpg,train,IMG_20230513_104042_jpg.rf.0be576ca17b63abee49657985677805e.jpg,img_20230513_104042,39f9ac68760e40296a8c162ce498b2282391a946e2f622a6fd0c94d4cf1011ba,0,0,0,0,0
train,2462,aircraft_surface_damage_crack_v2_0002462.jpg,train,IMG_20230513_104042_jpg.rf.a6dec64ec9a5800985aeb0e372b93378.jpg,img_20230513_104042,b55c4ad89f4d80d57f2130968b135923cb24aa37146a86635b6308cc5fcb6945,0,0,0,0,0
train,2463,aircraft_surface_damage_crack_v2_0002463.jpg,train,IMG_20230513_104042_jpg.rf.e47d583c66aca022f1c776bf0c72790d.jpg,img_20230513_104042,2d8b44a2ba0f0eb33595926d8b01098a675dae1b4c179870102fe1de0e235454,0,0,0,0,0
train,2464,aircraft_surface_damage_crack_v2_0002464.jpg,train,IMG_20230513_104044_jpg.rf.00fb25e1cbc715ad4d2637faf69cd83c.jpg,img_20230513_104044,c551e62befae04a5da193dd60f4d628b24473d605373b361dc8f57bcd45f3d3d,0,0,0,0,0
train,2465,aircraft_surface_damage_crack_v2_0002465.jpg,train,IMG_20230513_104044_jpg.rf.7e1eff23e1a3a802c08fdef6888c942e.jpg,img_20230513_104044,22e9c7ccb0af33f89c546520660d0880e0982b4b83ef1712b6b00d57a46f852b,0,0,0,0,0
train,2466,aircraft_surface_damage_crack_v2_0002466.jpg,train,IMG_20230513_104044_jpg.rf.a6c83b283899dd685234665b151627b1.jpg,img_20230513_104044,b889620aa739cfa25f87e9c6bd66fd0c4c35408274d63991692b7d882b10a648,0,0,0,0,0
train,2467,aircraft_surface_damage_crack_v2_0002467.jpg,train,IMG_20230513_104121_jpg.rf.7a9f0d02e6fbd3df9d6682ffaf1827ae.jpg,img_20230513_104121,f5ccf4800c3b537802a87589c9078e625a9d950fd2b5b841847ec274dc5b95c0,0,0,0,0,0
train,2468,aircraft_surface_damage_crack_v2_0002468.jpg,train,IMG_20230513_104121_jpg.rf.affb196cd77530596463f4f363b98912.jpg,img_20230513_104121,8747f2ad3f1ba4b28eed9df13cd5ff68b501abc2ed17e6c39a780821c1346f15,0,0,0,0,0
train,2469,aircraft_surface_damage_crack_v2_0002469.jpg,train,IMG_20230513_104121_jpg.rf.c09716c4e465adb0e0b12830effc339d.jpg,img_20230513_104121,8822f734520bb23d087e48c310b72520955f00b9e1c6d06b93f2767fcf11f2f6,0,0,0,0,0
train,2470,aircraft_surface_damage_crack_v2_0002470.jpg,train,IMG_20230513_104123_jpg.rf.5d930ab6a8e25fee58f0770225c9dd8b.jpg,img_20230513_104123,262614c73f9815ddc0e49b0b746dcca90f6a2508b36f8e2a70c7e9b04a4aac7d,0,0,0,0,0
train,2471,aircraft_surface_damage_crack_v2_0002471.jpg,train,IMG_20230513_104123_jpg.rf.872c7878b9dc3dc9ab9590f1b6f9d085.jpg,img_20230513_104123,52d04f3f5aa00c918093377733e047c286999722a8668c329c0227b846fd5b44,0,0,0,0,0
train,2472,aircraft_surface_damage_crack_v2_0002472.jpg,train,IMG_20230513_104123_jpg.rf.d116f5f4b8f3e79cfdcc65b4e11a1019.jpg,img_20230513_104123,fbbade8dc7a592c7fb4a1e987a6b979401d814c6a2db71857e5553ab44ba110a,0,0,0,0,0
train,2473,aircraft_surface_damage_crack_v2_0002473.jpg,train,IMG_20230513_104133_jpg.rf.53d0c84c544c44a308d56d2ea2b5af68.jpg,img_20230513_104133,8142255d79ca4c694a78abee7d2d54f54bb4476b3454b6cd8d20f7a5503639d7,0,0,0,0,0
train,2474,aircraft_surface_damage_crack_v2_0002474.jpg,train,IMG_20230513_104133_jpg.rf.7f282f2fed4c7b6baa72f29a8531307e.jpg,img_20230513_104133,fd67acd724cc18e943d4547f3a4bc4a085bf1032dc2167c3eb6b86d352297262,0,0,0,0,0
train,2475,aircraft_surface_damage_crack_v2_0002475.jpg,train,IMG_20230513_104133_jpg.rf.ae15538d6d1ebcf16e13a608aef555c7.jpg,img_20230513_104133,d47afcab1cff688c6e8767e2f792a7e921a5f1e129f8c9b09b89cda8afee98b9,0,0,0,0,0
train,2476,aircraft_surface_damage_crack_v2_0002476.jpg,train,IMG_20230513_104136_jpg.rf.236d703e8e9a03aa58352f60f9c09ee6.jpg,img_20230513_104136,4b72de13b67e8e1126fdecc428c723dfa9bdeca4516e55781c1bdc9747910109,0,0,0,0,0
train,2477,aircraft_surface_damage_crack_v2_0002477.jpg,train,IMG_20230513_104136_jpg.rf.bb33d1a5d454a1f279d4e697ab2fefae.jpg,img_20230513_104136,8c29c2ff640ab6dbb036804cf67bd77814158f622aa05d8c856902ca4387944d,0,0,0,0,0
train,2478,aircraft_surface_damage_crack_v2_0002478.jpg,train,IMG_20230513_104136_jpg.rf.bdb367508e5bd1dbda9e395b164a836e.jpg,img_20230513_104136,9b9866c2f905f63a030a1020877dc4e99f250dfaef00ab9491fde657403c94e7,0,0,0,0,0
train,2479,aircraft_surface_damage_crack_v2_0002479.jpg,train,IMG_20230513_104139_jpg.rf.1a40bba41accf140f0c98689fc6fbd86.jpg,img_20230513_104139,991a226cd969a708c11e469aab3b16beae1e1d2bfc1c9267ba137a72dd9b3f87,0,0,0,0,0
train,2480,aircraft_surface_damage_crack_v2_0002480.jpg,train,IMG_20230513_104139_jpg.rf.217bc3cb59f65aed9c9d5f06b2a57cb2.jpg,img_20230513_104139,4afe17366a8cbd8219eea168c670fb2d02b8cba3df4f73cf7e0a6eaa9c5c0f8e,0,0,0,0,0
train,2481,aircraft_surface_damage_crack_v2_0002481.jpg,train,IMG_20230513_104139_jpg.rf.4966f35e5531418c2c90a39e00b5bb80.jpg,img_20230513_104139,e96abc34b1e830966f181046d73ddf8f68f6d89ad065bd894590eae5dc1117f0,0,0,0,0,0
train,2482,aircraft_surface_damage_crack_v2_0002482.jpg,train,IMG_20230513_104142_jpg.rf.32d0ec4ffefc318bddb938e7581366aa.jpg,img_20230513_104142,82daf8358f9d35124a958014c51d1d8f4c73c387585f36fc0a3657a6f4142962,0,0,0,0,0
train,2483,aircraft_surface_damage_crack_v2_0002483.jpg,train,IMG_20230513_104142_jpg.rf.55b4fa7b25c72ab1b560ea4fecd3af9e.jpg,img_20230513_104142,6ff79c6d4f3ab89a6e7329a27f0dcc226fd20c0ae09420c880285c1fdc2a4f1a,0,0,0,0,0
train,2484,aircraft_surface_damage_crack_v2_0002484.jpg,train,IMG_20230513_104142_jpg.rf.87e041b70a8830622272c7b377e27461.jpg,img_20230513_104142,361f96221835131c0059bc3a6d32311726bc9a825cf9c0b852e14810ccab8fb4,0,0,0,0,0
train,2485,aircraft_surface_damage_crack_v2_0002485.jpg,train,IMG_20230513_104153_jpg.rf.3130a6ae235c04f624eb683f9b6cb482.jpg,img_20230513_104153,7ddbafce529794a39262af5cd2a7b449b7de62133a540f4b0cafe189669d3b39,0,0,0,0,0
train,2486,aircraft_surface_damage_crack_v2_0002486.jpg,train,IMG_20230513_104153_jpg.rf.70e949a44774bebdd43801910ad24a20.jpg,img_20230513_104153,a6751ff9444450bc67f893feb4be4822404813d065dce4ea361b84054d89721e,0,0,0,0,0
train,2487,aircraft_surface_damage_crack_v2_0002487.jpg,train,IMG_20230513_104153_jpg.rf.de9bf87f82508468c57740d7dba5a9a5.jpg,img_20230513_104153,361084de1662b9b10e79e36b9275dffb381eff4f04776e5c2f352a868cf89f9f,0,0,0,0,0
train,2488,aircraft_surface_damage_crack_v2_0002488.jpg,train,IMG_20230513_104158_jpg.rf.607bec4f42d20205b1f97226ceca2da9.jpg,img_20230513_104158,cf910130ab173fc4c88b6f50fe7fe9823938c3687d1d9845c4f8aa0cb021dac0,0,0,0,0,0
train,2489,aircraft_surface_damage_crack_v2_0002489.jpg,train,IMG_20230513_104158_jpg.rf.75aa1c1749f1cb8c8bdaea55ec58bbd4.jpg,img_20230513_104158,027d0b01b95ac911090f06a65368b9a6280c43355e732b68933cee13c33a56df,0,0,0,0,0
train,2490,aircraft_surface_damage_crack_v2_0002490.jpg,train,IMG_20230513_104158_jpg.rf.db9f87563fae1c717f6eb5a3244b489e.jpg,img_20230513_104158,f32bf6eadefef06b0e7019542a639d0238df4188da7a3bbfbc55eefa518d5d3d,0,0,0,0,0
train,2491,aircraft_surface_damage_crack_v2_0002491.jpg,train,IMG_20230513_104200_jpg.rf.54bb5cf9a1dbcc0ddab978c3f17f81bd.jpg,img_20230513_104200,3f6714cf5b6104890100cb3a52aa0c34e5c438d98890a33d0f149ae9e98d3090,0,0,0,0,0
train,2492,aircraft_surface_damage_crack_v2_0002492.jpg,train,IMG_20230513_104200_jpg.rf.89c82ef48c4c769a8748b9db4943abd8.jpg,img_20230513_104200,36f6176d14589d46c3b18c90662f52950c304c07407d511edbab17133468f03c,0,0,0,0,0
train,2493,aircraft_surface_damage_crack_v2_0002493.jpg,train,IMG_20230513_104200_jpg.rf.a76dddb401436b94e9d6e808b81e7d37.jpg,img_20230513_104200,4cb88188d41c9488be3c4148c1dbd1d8a349912fd8b7b6fa42128e02752b3cae,0,0,0,0,0
train,2494,aircraft_surface_damage_crack_v2_0002494.jpg,train,IMG_20230513_104205_jpg.rf.ac0b10339dc9f4be48b901f68dbf1706.jpg,img_20230513_104205,a7cb54f370887acfbe47dda0919a7eaef9d53e14edaa42fe1f2f605cf987a962,0,0,0,0,0
train,2495,aircraft_surface_damage_crack_v2_0002495.jpg,train,IMG_20230513_104205_jpg.rf.bb53757bb63da518e6be22807cd8035e.jpg,img_20230513_104205,abfc06829bfca69cf5907935f8dbb271bc056ac88b0d597bf1b521480166942c,0,0,0,0,0
train,2496,aircraft_surface_damage_crack_v2_0002496.jpg,train,IMG_20230513_104205_jpg.rf.d18b94236e4fec2bdacdc8a4b01d24a6.jpg,img_20230513_104205,c3656797c107189b215b306b0a7f7c28f5fee6ca1d60d73f4747b64b79ed45a1,0,0,0,0,0
train,2497,aircraft_surface_damage_crack_v2_0002497.jpg,train,IMG_20230513_104207_jpg.rf.05b658790cc9bf3d4c6f5dd833b1843b.jpg,img_20230513_104207,c5dcada8d743ebe507395ad3bb39e3e828aa166e8d75d574f79154d0ef5325e2,0,0,0,0,0
train,2498,aircraft_surface_damage_crack_v2_0002498.jpg,train,IMG_20230513_104207_jpg.rf.9f3cd8a696cf968bf7a64bd744874168.jpg,img_20230513_104207,f98f59995d8c667886bd7548877bfec61499c9efaed64d9d8a117843e690824d,0,0,0,0,0
train,2499,aircraft_surface_damage_crack_v2_0002499.jpg,train,IMG_20230513_104207_jpg.rf.ee7c88553cb69fccfd4ff0c370b0a73e.jpg,img_20230513_104207,a0c4cb4cd2184acafe1598c78f8015dbb801daf7ba9ae2604a6f7a080b72fa06,0,0,0,0,0
train,2500,aircraft_surface_damage_crack_v2_0002500.jpg,train,IMG_20230513_104209_jpg.rf.2b2ced72ee9bfebe2927ab984591c8d1.jpg,img_20230513_104209,1bb527378f93c8a79179e56effda97553f667fabc08f6499fb40e2adbf1f3c36,0,0,0,0,0
train,2501,aircraft_surface_damage_crack_v2_0002501.jpg,train,IMG_20230513_104209_jpg.rf.44a7cd3384f1c173e2fe8c90fc7f3aa5.jpg,img_20230513_104209,63a6a6cb4e04f9582e857e2b4b6c2eab97b798712e3fec7248442665e632f5c2,0,0,0,0,0
train,2502,aircraft_surface_damage_crack_v2_0002502.jpg,train,IMG_20230513_104209_jpg.rf.f908aeb4e0d6c5b60bb35bc484965a8f.jpg,img_20230513_104209,cdca367c771ca57a5086fc01be92518f6bc1dfce6e031af24470cea14ad8845a,0,0,0,0,0
train,2503,aircraft_surface_damage_crack_v2_0002503.jpg,train,istockphoto-499934972-612x612_jpg.rf.71c73b0aa13c518fc548af81e5f5e60e.jpg,istockphoto-499934972-612x612,ad2a882b382b8e8ef8b2bfc4d5151b1f93c101549062427a1f7e62ec6c9aa763,1,2,1,0,1
train,2504,aircraft_surface_damage_crack_v2_0002504.jpg,train,istockphoto-499934972-612x612_jpg.rf.7887085fa21d4b9c3ffe0d1cc8b370ad.jpg,istockphoto-499934972-612x612,e95cf3c0b7cd163a73936d10534ca9849ed453ed8d2d55e800b65f4da6cc082d,1,1,0,0,1
train,2505,aircraft_surface_damage_crack_v2_0002505.jpg,train,istockphoto-499934972-612x612_jpg.rf.a9706ec8bfbb64b2035b991ddf87026e.jpg,istockphoto-499934972-612x612,38f2f7a8914e497902038b11a337bbac2a0fe9c3c086d4ed41ac90f31b69a817,1,1,0,0,1
train,2506,aircraft_surface_damage_crack_v2_0002506.jpg,train,KWvFP_jpg.rf.0a54ee770038efd46a831600b339fde5.jpg,kwvfp,52ccd80d020d2abf7eb276791c8d02ce4bd984f60aa84394a1db93f2ae6b19aa,1,2,2,0,0
train,2507,aircraft_surface_damage_crack_v2_0002507.jpg,train,KWvFP_jpg.rf.4536bd2e14617402441eec1ef65daa9a.jpg,kwvfp,704c4d142c1c32a26d4c6a7c474cabe8ce022437e944addfc8ef635f81d1f7f8,1,2,2,0,0
train,2508,aircraft_surface_damage_crack_v2_0002508.jpg,train,KWvFP_jpg.rf.48e9735e004960829dc1c3941ca44884.jpg,kwvfp,0490b684434ad1a6971b27d2902f6bdedb8bca75fe30643d82d1c3ca0d6497f7,1,2,2,0,0
train,2509,aircraft_surface_damage_crack_v2_0002509.jpg,train,lower_door_dent_before_jpg.rf.992629c7d943e71f29546d910be416b4.jpg,lower_door_dent_before,917846c2c816a5be76904eeed0908d899956b70c57251b4045ed59dd70cb3820,0,0,0,0,0
train,2510,aircraft_surface_damage_crack_v2_0002510.jpg,train,lower_door_dent_before_jpg.rf.b1330b62d8b9119282b458b89c2a20b8.jpg,lower_door_dent_before,4d222a81ba147a01e1d5c1e7c96709068ae329825785f0f034f834bbfa11efea,0,0,0,0,0
train,2511,aircraft_surface_damage_crack_v2_0002511.jpg,train,lower_door_dent_before_jpg.rf.d5a70e3b9d306852c7c35b011b264108.jpg,lower_door_dent_before,87fe733558f2e284bd5f393a23b329b51954bc7c81b57a31fa7a6d72f34e7187,0,0,0,0,0
train,2512,aircraft_surface_damage_crack_v2_0002512.jpg,train,M4oCOg0_jpg.rf.a2c999c973c0d3defb67774f714582cc.jpg,m4ocog0,e74b1b9eeb12f0b53712fc20666fffb818b67d8a7c786de1084271cec5226170,1,1,0,0,1
train,2513,aircraft_surface_damage_crack_v2_0002513.jpg,train,M4oCOg0_jpg.rf.cb0ad499c1c80cf73bfaebb7bc5bb9a6.jpg,m4ocog0,1fede9c28485d8393aedb8a189f8cc1694085f7aedb017b58eb58929c4a77ff1,1,1,0,0,1
train,2514,aircraft_surface_damage_crack_v2_0002514.jpg,train,M4oCOg0_jpg.rf.d3f94cb09cf520b7f2fd642a2b7212a6.jpg,m4ocog0,9d7893efe18f0f5396bf998443344a778b660370cc78ef9513931c2bbd31dd30,1,1,0,0,1
train,2515,aircraft_surface_damage_crack_v2_0002515.jpg,train,Mast-deck-mount-deck-crack_jpg.rf.9537daae60c373d249df2ad0fbeffc92.jpg,mast-deck-mount-deck-crack,b4ffc2137b868bdd3dae346c3e7f6e0d1fdf64c08dde2158c1ccd414c0e1451a,1,1,0,0,1
train,2516,aircraft_surface_damage_crack_v2_0002516.jpg,train,Mast-deck-mount-deck-crack_jpg.rf.c56e2791011de160463d2890307322cc.jpg,mast-deck-mount-deck-crack,112b8c2624004a2cf69f40a9ab7668847046b65709fe077cc8bb4b25a0b4018e,1,1,0,0,1
train,2517,aircraft_surface_damage_crack_v2_0002517.jpg,train,Mast-deck-mount-deck-crack_jpg.rf.f24d6782b9195fc606f8f460c28284ac.jpg,mast-deck-mount-deck-crack,233995a00817eed5c6094220eb01bfee65cefd808ad7b507cbaaad46bd718e29,1,1,0,0,1
train,2518,aircraft_surface_damage_crack_v2_0002518.jpg,train,may-bay-lom-vo-16510667760812135938670-1651121931_jpg.rf.220dc98c01f37633d6d5f1329334e69a.jpg,may-bay-lom-vo-16510667760812135938670-1651121931,20833b475b3cc76b2c197e3f179d792e833a58a8e8a1ee1939667b0ca650ed60,0,0,0,0,0
train,2519,aircraft_surface_damage_crack_v2_0002519.jpg,train,may-bay-lom-vo-16510667760812135938670-1651121931_jpg.rf.a6dc7d387148efa3fc8ad80037a5937a.jpg,may-bay-lom-vo-16510667760812135938670-1651121931,7414fa83a5650cd0870d2ffc0ac4acadbf86c6ec2eab3acae2a570b31f0ba8e7,0,0,0,0,0
train,2520,aircraft_surface_damage_crack_v2_0002520.jpg,train,may-bay-lom-vo-16510667760812135938670-1651121931_jpg.rf.b0d542bad9e6ea58a97ce96aa8e764c0.jpg,may-bay-lom-vo-16510667760812135938670-1651121931,0c84688719df5730bb10157ce896755b306717f70ceb2f342fb1e9ee4e38fa2e,0,0,0,0,0
train,2521,aircraft_surface_damage_crack_v2_0002521.jpg,train,Minor-Dents-Repair_jpg.rf.12fc898f489057d06130d31a1071d269.jpg,minor-dents-repair,7cfa9b54ea1d5fc29d27d6269d60c4d82523ff42d0ead88b5414c3d8351f762c,0,0,0,0,0
train,2522,aircraft_surface_damage_crack_v2_0002522.jpg,train,Minor-Dents-Repair_jpg.rf.66d46f7c7742213aeea6982b35a0f5c6.jpg,minor-dents-repair,ea071d9fad0400fbac8d91dee13b341e3a732970ea9ebffcc0ff86fae74379f8,0,0,0,0,0
train,2523,aircraft_surface_damage_crack_v2_0002523.jpg,train,Minor-Dents-Repair_jpg.rf.c37eb6afd800d7a667879d4c75116279.jpg,minor-dents-repair,730cbdf72bedb96c8ecb4f6d0048d309af86bda16c10f67ed149963e6e2aabb3,0,0,0,0,0
train,2524,aircraft_surface_damage_crack_v2_0002524.jpg,train,Previousdamage_jpg.rf.ad67829d5f0bb59e04efd240435b2ea9.jpg,previousdamage,6166c31a9e2a02ae193eafc306dc24ffa0d29d4437951fe4a0869fbb715948c7,1,1,0,0,1
train,2525,aircraft_surface_damage_crack_v2_0002525.jpg,train,Previousdamage_jpg.rf.e143f9ac9c0166c2255af1bf270a9c97.jpg,previousdamage,962ce6b957c29a3a26b8992b16791d059fdd1a75184a504328aac30a0c1b0324,1,1,0,0,1
train,2526,aircraft_surface_damage_crack_v2_0002526.jpg,train,Previousdamage_jpg.rf.f16f3a821671a155f427ceec096620da.jpg,previousdamage,e7ad687cf6bec5fdb67ef455a0bed1800b08e4b43bba831f4e442783a766cf8f,1,1,0,0,1
train,2527,aircraft_surface_damage_crack_v2_0002527.jpg,train,quench-crack-sami1stcracked_jpg.rf.2bdd76e919467057895363fcfdc96082.jpg,quench-crack-sami1stcracked,0b7ea15edd75a420d4f9a314a33a31312237c0243c35c329ca750ce3da0ec088,1,1,0,0,1
train,2528,aircraft_surface_damage_crack_v2_0002528.jpg,train,quench-crack-sami1stcracked_jpg.rf.3a06c833388fdd0035e5d41fcb279160.jpg,quench-crack-sami1stcracked,527baa02b0ff9cb9873b1ffc3f2f34b23230c5add79cc4073d64c6136d3e0c59,1,1,0,0,1
train,2529,aircraft_surface_damage_crack_v2_0002529.jpg,train,quench-crack-sami1stcracked_jpg.rf.fd3ab7a82b3e34133e5c1a39fea26254.jpg,quench-crack-sami1stcracked,585bd6bcc2827a48a4f750a8af0571e7076191c172e30f3c5ac9a4df206461c5,1,1,0,0,1
train,2530,aircraft_surface_damage_crack_v2_0002530.jpg,train,reclas9_PNG_jpg.rf.402b93e94a8746277c80cd0b2d66edd1.jpg,reclas9_png,acec2c4b5041dcc487d5a352103d7000c221793bced5df3a4e6ae38e2109c0af,0,0,0,0,0
train,2531,aircraft_surface_damage_crack_v2_0002531.jpg,train,reclas9_PNG_jpg.rf.7c700282159db8eb1750eccb8463a29c.jpg,reclas9_png,68d790022ef8d286c166b85e211e2821ae936bccfe03a42b9b9ad8831abba64b,0,0,0,0,0
train,2532,aircraft_surface_damage_crack_v2_0002532.jpg,train,reclas9_PNG_jpg.rf.e1f0656dcf323cb267690a468cfe458b.jpg,reclas9_png,fe3184623cf6605e78b60d5470ac222429e40793cfe6dc579146435a537ef338,0,0,0,0,0
train,2533,aircraft_surface_damage_crack_v2_0002533.jpg,train,SDR-510018110_jpg.rf.1fd1bfa0df2a0a793e498f2adc3fc264.jpg,sdr-510018110,b3b43396537909cf499f72cc5d52025ad92371b5b5c4604e0aefd3596cac087a,1,2,1,0,1
train,2534,aircraft_surface_damage_crack_v2_0002534.jpg,train,SDR-510018110_jpg.rf.2da0480339f93a1c8c4bd6b66b52cab3.jpg,sdr-510018110,6cc59535fba157856fd7246a8d85b83acdf9b3131ee5c3921288111155da7dd6,1,1,0,0,1
train,2535,aircraft_surface_damage_crack_v2_0002535.jpg,train,SDR-510018110_jpg.rf.47711345690bef5d136d91723d5ab3c5.jpg,sdr-510018110,67f6cc993d142b474f84f6b83f996b366a5fe25497de42bbf425f9bc973a8612,1,2,0,2,0
train,2536,aircraft_surface_damage_crack_v2_0002536.jpg,train,SDR-510019035_jpg.rf.0d4f59909809a281030741c3898bff37.jpg,sdr-510019035,e088584071d10f2ef8d9c506b2bed66516a523fe52e9cdc01ad664ec01c8ecbf,1,2,0,1,1
train,2537,aircraft_surface_damage_crack_v2_0002537.jpg,train,SDR-510019035_jpg.rf.7210ea001a78421b9298dba80f5ab4b9.jpg,sdr-510019035,5029023f2edd386449b60c6b289f48f2349c1cc0938d5b6af2e31ba2889b34b7,1,2,0,1,1
train,2538,aircraft_surface_damage_crack_v2_0002538.jpg,train,SDR-510019035_jpg.rf.cb807cf7af91fe2f69aaf18776c028cd.jpg,sdr-510019035,b32bcd76a8a432c54625a1b366eddc45d56c3a12eb9878c58875039e236c64c0,1,2,0,1,1
train,2539,aircraft_surface_damage_crack_v2_0002539.jpg,train,stillwater-dent_jpg.rf.0ca2bc34cf4f2d8abf8da11afa2f3d87.jpg,stillwater-dent,e32aa7663b43d03c61206bdb6cfc85f2da9c3f816ce50ad86aabe22105e0262b,0,0,0,0,0
train,2540,aircraft_surface_damage_crack_v2_0002540.jpg,train,stillwater-dent_jpg.rf.a379b1ebb8641639f97a1077b2710aca.jpg,stillwater-dent,e09789e7dff5681a72d9a25ff8bc4b720044141d7ea126234cf48a5435222df9,0,0,0,0,0
train,2541,aircraft_surface_damage_crack_v2_0002541.jpg,train,stillwater-dent_jpg.rf.b9f6829e86354e5eeb960b1012b5ae43.jpg,stillwater-dent,df29760a8ea9ec88638594de968f27bfa65292c9eb6541703d83b457b101846b,0,0,0,0,0
train,2542,aircraft_surface_damage_crack_v2_0002542.jpg,train,stress-cracks-cover-img_jpg.rf.2ee3eb5887d2f6e73aac401d83606b56.jpg,stress-cracks-cover-img,7c02da4f5ad02abb0d920ee4f5e8e570be7e5cef0c30166fc92de7184f49a46c,1,2,0,0,2
train,2543,aircraft_surface_damage_crack_v2_0002543.jpg,train,stress-cracks-cover-img_jpg.rf.9294b9b46b8509e79c9742f844a6a9fd.jpg,stress-cracks-cover-img,62e5a20a41c5ed063ab1f422ff266416d39bd9c196276f376b37799f8c9f3785,1,2,0,0,2
train,2544,aircraft_surface_damage_crack_v2_0002544.jpg,train,stress-cracks-cover-img_jpg.rf.b643e4b35e7745ea42e98ed697a9c81e.jpg,stress-cracks-cover-img,b90ac4e8a54bb089759773168b27fad53f6cf0ecb56599d7c909cbbc0717c3fb,1,2,0,0,2
train,2545,aircraft_surface_damage_crack_v2_0002545.jpg,train,T05-PERFILERIA-GRADO-3-CUPULA-1-_JPG_jpg.rf.5e07a8355efdbf9ce4b4d7529b9d88d0.jpg,t05-perfileria-grado-3-cupula-1-_jpg,3737455c054a70688a0c53ef072f006c0071687746c1205eece00e86c3308b99,0,0,0,0,0
train,2546,aircraft_surface_damage_crack_v2_0002546.jpg,train,T05-PERFILERIA-GRADO-3-CUPULA-1-_JPG_jpg.rf.e22b2e026301675e4b6e3e170f3fe494.jpg,t05-perfileria-grado-3-cupula-1-_jpg,71c36b06890fec694245e0699b85fef0d0e1890338eab05d2f7605206e2c8624,0,0,0,0,0
train,2547,aircraft_surface_damage_crack_v2_0002547.jpg,train,T05-PERFILERIA-GRADO-3-CUPULA-1-_JPG_jpg.rf.f197b3725a5e395fe6abc690fe6ae453.jpg,t05-perfileria-grado-3-cupula-1-_jpg,62d817d383ff6ffb6e92bb11b8625ae04c34a959202acba68018567280de4845,0,0,0,0,0
train,2548,aircraft_surface_damage_crack_v2_0002548.jpg,train,T11-X-CUERPO-RECTO-G-2_JPG_jpg.rf.0b9c9d3e35b6ffc39973d311276f79a2.jpg,t11-x-cuerpo-recto-g-2_jpg,b25cb86e8bdef43b8cd406bbfd2b473a3ed30d7f4daf6d0c4db43d7b1a58d336,0,0,0,0,0
train,2549,aircraft_surface_damage_crack_v2_0002549.jpg,train,T11-X-CUERPO-RECTO-G-2_JPG_jpg.rf.5c728c8d2b17cc2fa7e5233ec38e26eb.jpg,t11-x-cuerpo-recto-g-2_jpg,f6926e7256edfbd3e347e34fb7f32e047d13c02174d1d336730788002b3b1d7f,0,0,0,0,0
train,2550,aircraft_surface_damage_crack_v2_0002550.jpg,train,T11-X-CUERPO-RECTO-G-2_JPG_jpg.rf.f85fa80e18bc73222486fae22fa35df2.jpg,t11-x-cuerpo-recto-g-2_jpg,0b5ee72f04048a7503d9e717279ca998aebe320579619e7d103da49b06ce270e,0,0,0,0,0
train,2551,aircraft_surface_damage_crack_v2_0002551.jpg,train,Tech-2_metal-rip_jpg.rf.789baee667c5dc4c411d04083c523fc5.jpg,tech-2_metal-rip,ddb648bbaaf099063bb90a5e17d7379ee4600a6c5d061c845d38ccb70802d370,1,1,0,0,1
train,2552,aircraft_surface_damage_crack_v2_0002552.jpg,train,Tech-2_metal-rip_jpg.rf.90e2317227ce001b6cdba1107b293aa9.jpg,tech-2_metal-rip,89a9d250095326443a6b47ba9eb2e9d93de66423a26cde3a65942797535f6309,1,1,0,0,1
train,2553,aircraft_surface_damage_crack_v2_0002553.jpg,train,Tech-2_metal-rip_jpg.rf.ab28f68834d23b012af489fc563ca9ab.jpg,tech-2_metal-rip,685aa4358b305c97b54503f73eddffa35f8647ee79dcb782e266aa2acb925bc4,1,1,0,0,1
train,2554,aircraft_surface_damage_crack_v2_0002554.jpg,train,Tower-1_jpg.rf.5c1494aafba0564f48e7063a4282a8bc.jpg,tower-1,d19855738cf375ba54201d998d936a49d56bcb0c323639b2f8cd4014e4160385,1,1,0,0,1
train,2555,aircraft_surface_damage_crack_v2_0002555.jpg,train,Tower-1_jpg.rf.5e5810d1afe51334a3541aa60a2e2c92.jpg,tower-1,a3a720104e9e681b8765f73804cc0d727fb7cd54d19465df912f4351daddbd36,1,1,0,0,1
train,2556,aircraft_surface_damage_crack_v2_0002556.jpg,train,Tower-1_jpg.rf.996d2e6abc15faaed2482c28854d4d41.jpg,tower-1,c9957277dd7afe9548582322b7de6da65d47045f5c2bec21c425a3c87739557a,1,1,0,0,1
train,2557,aircraft_surface_damage_crack_v2_0002557.jpg,train,unnamed-1_jpg.rf.6b37314ccf9ea99fdada3e8584db286c.jpg,unnamed-1,411a1f882b7e4fbbd4644fa119053bb3928ac5988895b77c7a1f0bf5073517db,0,0,0,0,0
train,2558,aircraft_surface_damage_crack_v2_0002558.jpg,train,unnamed-1_jpg.rf.b6406fde3ec59ec5fb2b7869f6faa59d.jpg,unnamed-1,790d574fcffd45f8891ceb70b1486df935ab590b7ca5a8358e6ec236080ad25f,0,0,0,0,0
train,2559,aircraft_surface_damage_crack_v2_0002559.jpg,train,unnamed-1_jpg.rf.fd01c6229a40c7a2e1f351b06899dcb3.jpg,unnamed-1,3c8b06756573a5ea8010e61802708dd60ac7581498426e9fd5231aef424e62c7,0,0,0,0,0
val,1,aircraft_surface_damage_crack_v2_0000001.jpg,test,-2_jpg.rf.0c239615f4fee0fdaa1e5f716020329c.jpg,-2,ee53629a4c7d906a86caa51af147fd3ef85e5f26cd3b63f2f88bc5bab7c12edc,0,0,0,0,0
val,2,aircraft_surface_damage_crack_v2_0000002.jpg,test,-2_jpg.rf.4471559c5cb1e4bf712d613c136c387a.jpg,-2,f754da175a1e21e61733e14bb22b045d6ba8b0bc51b4c31732950afc8adf6af4,1,1,0,0,1
val,3,aircraft_surface_damage_crack_v2_0000003.jpg,test,-2_jpg.rf.56ee7d034ba490919b33488834f870c2.jpg,-2,56230f5194a0dc7ef623d154b1356ae375bc5c1c515d5e16a691e8a74cbca2be,1,1,0,0,1
val,4,aircraft_surface_damage_crack_v2_0000004.jpg,test,-2_jpg.rf.75559e0199cb06053c34acccc3c14dc3.jpg,-2,e19596776328cf266fdd986d6d5bfa140ef70948f242d7e90297c0b812100722,0,0,0,0,0
val,5,aircraft_surface_damage_crack_v2_0000005.jpg,val,hunter_00002_jpg.rf.91808a291d2022cebc5ec8470c5b9524.jpg,hunter_00002,0d68f247e8ba350a6f992a7b730cb938234989c719c1215844605c77e0402c11,0,0,0,0,0
val,6,aircraft_surface_damage_crack_v2_0000006.jpg,val,hunter_00005_jpg.rf.cb909c2bcb2539e14457cd0e7df83c68.jpg,hunter_00005,720ce6c25a5a9d612ad748b4e1e446f2493288660959126047fcfdb9986eeb28,0,0,0,0,0
val,7,aircraft_surface_damage_crack_v2_0000007.jpg,val,hunter_00006_jpg.rf.870eccb0214177071f320f552a617d13.jpg,hunter_00006,3960380d0b7b9f895f6e97275af4e35ad993b90893bfac29a15b75267c290bf7,1,1,1,0,0
val,8,aircraft_surface_damage_crack_v2_0000008.jpg,val,hunter_00020_jpg.rf.b75168f50afb06faaa7d6e9c35967b0f.jpg,hunter_00020,48c87411c1ad81770545970ef5b0de7669cd8f5f4aa6fc5537d8d73f057647f5,0,0,0,0,0
val,9,aircraft_surface_damage_crack_v2_0000009.jpg,val,hunter_00031_jpg.rf.d7eb22cfdab3ea2d2db7db14b2606a81.jpg,hunter_00031,8de2b4ccd0a6c050f59e149e22c1f2003e2ee782226756501799c0a9ce7c1ad5,0,0,0,0,0
val,10,aircraft_surface_damage_crack_v2_0000010.jpg,val,hunter_00033_jpg.rf.2380e67b4c0f74705499b36b4638391d.jpg,hunter_00033,3b5ed4b6e69228125ae6bbe6d34231043fbf028119d80805b53ce9832f5e26de,0,0,0,0,0
val,11,aircraft_surface_damage_crack_v2_0000011.jpg,val,hunter_00035_jpg.rf.9b7810a063041c71b65e5e3358a14ab7.jpg,hunter_00035,4d6876963ec6c51f7fd209c8e64c7be5c1b21b4aa628e424c2e68013ab754847,0,0,0,0,0
val,12,aircraft_surface_damage_crack_v2_0000012.jpg,val,hunter_00042_jpg.rf.f217939c5726063065022d859440f4dd.jpg,hunter_00042,5f98aea3c1beb69c54368ff54c96a51e33a2df2de1f318b313105dd47373a66a,0,0,0,0,0
val,13,aircraft_surface_damage_crack_v2_0000013.jpg,val,hunter_00045_jpg.rf.507d3ec3362647897088583390f7224a.jpg,hunter_00045,711658ef6d3f3de4ff7f6cc94d80ba73ebe4d5ae49b77a825083587732ef5fb5,0,0,0,0,0
val,14,aircraft_surface_damage_crack_v2_0000014.jpg,val,hunter_00049_jpg.rf.69445741f40e245079f566c40a392c76.jpg,hunter_00049,ce72373686c08d9c7a70f6ce1dd2b5477ef2d4741ebb839125a7d3e3d860c2b6,0,0,0,0,0
val,15,aircraft_surface_damage_crack_v2_0000015.jpg,val,hunter_00060_jpg.rf.3bacf3897f24295e4ed17488f4cf4a21.jpg,hunter_00060,d54b8dbc50eddff3f4c2a490a1bde2fb540f3ab1db73228a2b06b6360b7185c6,1,1,1,0,0
val,16,aircraft_surface_damage_crack_v2_0000016.jpg,val,hunter_00062_jpg.rf.80323183618b2cbf1dd15d33b360f9aa.jpg,hunter_00062,68c17e36d5fb20608af112c16a0f28dc99bcdd163d772aa36dc0906a259bbe6e,1,1,1,0,0
val,17,aircraft_surface_damage_crack_v2_0000017.jpg,val,hunter_00065_jpg.rf.174f4a6406dd2d0c6d9492e043694392.jpg,hunter_00065,758bb1f5df163020b7cb5c778ed852c7ca1a5ccf04c44d3d7bde89665db8253b,0,0,0,0,0
val,18,aircraft_surface_damage_crack_v2_0000018.jpg,val,hunter_00072_jpg.rf.be1e189705b88c21576143e7a0656f8c.jpg,hunter_00072,76c11f07ebe75f6e2b1dad2f861ac9fafdf338965c7de33c239175d871f2bbc4,0,0,0,0,0
val,19,aircraft_surface_damage_crack_v2_0000019.jpg,val,hunter_00073_jpg.rf.8db2898842c56f2c2323595e560ebf95.jpg,hunter_00073,663126f9ef29eb8ee0a349b2ea61bae9e672e1dad6c229bb0a1a449404ca58ee,0,0,0,0,0
val,20,aircraft_surface_damage_crack_v2_0000020.jpg,val,hunter_00085_jpg.rf.632d41ce4360b95acac83e091240d77a.jpg,hunter_00085,0aa05b48c9290757476e3519e4c6bca54160103df251cf70266f7e86d2314ff3,0,0,0,0,0
val,21,aircraft_surface_damage_crack_v2_0000021.jpg,val,hunter_00087_jpg.rf.f15935aa0e873bde1ec7320d2824b02b.jpg,hunter_00087,3ad1ac86af102130075bc26a903e2b941ca330abb951843076855e5506be4894,0,0,0,0,0
val,22,aircraft_surface_damage_crack_v2_0000022.jpg,val,hunter_00088_jpg.rf.41b8043e5d52c267a5cb9039d6aaeab7.jpg,hunter_00088,3682069f1effd875f4bd5978f18b3dcc8dc13134fbdd8c6c18893b0a99341c2e,0,0,0,0,0
val,23,aircraft_surface_damage_crack_v2_0000023.jpg,val,hunter_00094_jpg.rf.4fbe6671cd375b9165c0160c7ee43f57.jpg,hunter_00094,29e789f245ea4be7437ce49b768531995798090b370b24903aaec30a74395d8e,1,1,1,0,0
val,24,aircraft_surface_damage_crack_v2_0000024.jpg,val,hunter_00096_jpg.rf.12799f0c84d9bd056195cc95fffa4a60.jpg,hunter_00096,b2caba5138483bfa4364d94cd5c27127aa4d7a47f5130e9a0a585cd558fbbcb9,0,0,0,0,0
val,25,aircraft_surface_damage_crack_v2_0000025.jpg,val,hunter_00099_jpg.rf.5c3a100c2fd6e14d078342631dcc628f.jpg,hunter_00099,ca0362e33bb9e9cdfaae7ed713d522d85508c3d8bd2b44aa8aebca1aa7112e09,0,0,0,0,0
val,26,aircraft_surface_damage_crack_v2_0000026.jpg,val,hunter_00112_jpg.rf.b9aad5f77822e820ecef88939ac6d86f.jpg,hunter_00112,253f07276e1bc490ec07a707b758d1d9e22dc207ed1f3da3f204b575bc500868,1,1,1,0,0
val,27,aircraft_surface_damage_crack_v2_0000027.jpg,val,hunter_00114_jpg.rf.aca3b7a77c639c376451b784cf5e241e.jpg,hunter_00114,03d8ebd937b2c606fa41df7efedbed982765d868dcf727bd542b2d081f3205af,1,1,1,0,0
val,28,aircraft_surface_damage_crack_v2_0000028.jpg,val,hunter_00117_jpg.rf.2d649dd56636bf9829ca47d51022ef8c.jpg,hunter_00117,2455e4f7404f2788e82b90e71da81de194dcbd056a59d44728591eb2c78d1461,0,0,0,0,0
val,29,aircraft_surface_damage_crack_v2_0000029.jpg,val,hunter_00129_jpg.rf.37302f8f56ea217dfbaea819c58efbff.jpg,hunter_00129,250ef3eb79c4700260f3ed86ab1d89fbccb82b3466d9755a5f72d6f1e58dff19,0,0,0,0,0
val,30,aircraft_surface_damage_crack_v2_0000030.jpg,val,hunter_00131_jpg.rf.d59694ed8e92ca91384667ebe5f19afc.jpg,hunter_00131,d895847ab92304fc516f1ba98dc5ea322eb1f74601cc486e313d8b55a83819ad,0,0,0,0,0
val,31,aircraft_surface_damage_crack_v2_0000031.jpg,val,hunter_00146_jpg.rf.1252f3ec9fb5c8830f4f9f09b3ed6aaf.jpg,hunter_00146,75b622a052da4fd6778a4810dac8fc0b383f601d463989b10e40cf9dabed1992,0,0,0,0,0
val,32,aircraft_surface_damage_crack_v2_0000032.jpg,val,hunter_00147_jpg.rf.d09f06819d635a3d439d6d788bd873de.jpg,hunter_00147,d245859c44334bdfe34da93f59b736798f03f7c949462153cae9af2ec106c070,0,0,0,0,0
val,33,aircraft_surface_damage_crack_v2_0000033.jpg,val,hunter_00169_jpg.rf.715d0f2885d170eae5f5c4c8f6be65d8.jpg,hunter_00169,aef769bb66fd58961a4396dd976db1988802b9c1ffe88f899e4aee0105e28639,0,0,0,0,0
val,34,aircraft_surface_damage_crack_v2_0000034.jpg,val,hunter_00172_jpg.rf.f981ba28263da15c876447543d2b0aba.jpg,hunter_00172,e240de3e665cacc9c83d7836d448b2574536951efbdf5218e3d3b91c8e7a2454,0,0,0,0,0
val,35,aircraft_surface_damage_crack_v2_0000035.jpg,val,hunter_00178_jpg.rf.66bcff1ae915438c76844d0419477a2e.jpg,hunter_00178,1df15c05515306c5d636658cd93c07026d742bc47d4bab5a2460b19fd2a8df9c,0,0,0,0,0
val,36,aircraft_surface_damage_crack_v2_0000036.jpg,val,hunter_00180_jpg.rf.dfa80342fca2de78e1dae54a68b83427.jpg,hunter_00180,336b1b91d5927e50ae2c159c898a5a38e1846faa5db80c665767fe7bc6e44287,0,0,0,0,0
val,37,aircraft_surface_damage_crack_v2_0000037.jpg,val,hunter_00181_jpg.rf.9afd81e0073fa05583c1c098034908ba.jpg,hunter_00181,192eb868ec4901339bb922d7f6617b3a285caa9a00f6e163f95c651ebbb43285,0,0,0,0,0
val,38,aircraft_surface_damage_crack_v2_0000038.jpg,val,hunter_00183_jpg.rf.aaa2868fff76fcb27feebc422c43c944.jpg,hunter_00183,53c7f711258a31f679f98e96c4fa79d6348b739364c8316a1504a542e5005c45,0,0,0,0,0
val,39,aircraft_surface_damage_crack_v2_0000039.jpg,val,hunter_00188_jpg.rf.b24bb56ede714c194e75ca5cf8f6e9ce.jpg,hunter_00188,ae6b40ab3a7a4e6cbc09e2263e09d7a5d7ed299812294410bf479e27d924e6b0,0,0,0,0,0
val,40,aircraft_surface_damage_crack_v2_0000040.jpg,val,hunter_00189_jpg.rf.cf883e782de0816896190ae893285312.jpg,hunter_00189,1efcb926ab996888523899bc2dcf962480a848727595b85140abdd5ff83cf021,0,0,0,0,0
val,41,aircraft_surface_damage_crack_v2_0000041.jpg,val,hunter_00192_jpg.rf.5a1207c0b765a4f01f0f104152f07b08.jpg,hunter_00192,1dd8549f7a4da6937d673904eb9dbc1badbe55a20591da5b5c4929726d676aa0,0,0,0,0,0
val,42,aircraft_surface_damage_crack_v2_0000042.jpg,test,IMG102_jpg.rf.d6e883b3155d9187f901c1cc1d395e5b.jpg,img102,4e707cbbb1bec84ab5e32c98c874c6c08390cb49f883c134bd2a27a6297cc0a5,0,0,0,0,0
val,43,aircraft_surface_damage_crack_v2_0000043.jpg,test,IMG104_jpg.rf.d67bdd7e778c8d21da4c7046d2a3707e.jpg,img104,e4ac1cf28047a990460606dd47e1552461a9f11306cb026c19bae9beafc94e06,0,0,0,0,0
val,44,aircraft_surface_damage_crack_v2_0000044.jpg,test,IMG18_jpg.rf.909f0f4fe445cc08ad26b992599db75d.jpg,img18,cacbd7eefeeb3210baf0ffe629665656b29c66d54b9118ebab2e7ad8c41760c1,0,0,0,0,0
val,45,aircraft_surface_damage_crack_v2_0000045.jpg,test,IMG193_jpg.rf.940a2b630e8a96e7f10227693a4e4047.jpg,img193,235f4e88575163973d4fa2f9f255eb91b0baf3c8b7837d79c046388d5d733651,0,0,0,0,0
val,46,aircraft_surface_damage_crack_v2_0000046.jpg,test,IMG195_jpg.rf.cc0350280bff002756eb27b84f46c328.jpg,img195,448f0aa60228226d85ab2937876e1fe2a2cbdde9e2980573e55baa59ee518aa1,0,0,0,0,0
val,47,aircraft_surface_damage_crack_v2_0000047.jpg,test,IMG233_jpg.rf.15c08cc683dc8cd04cb0159ba8aa0cd9.jpg,img233,154e8073b8d36fa30aebc77ae5ed2781f198de4decb6b9455a2f65423b51640d,0,0,0,0,0
val,48,aircraft_surface_damage_crack_v2_0000048.jpg,test,IMG234_jpg.rf.02ae2d0fbf3f08deef8205963b9929d1.jpg,img234,76961b5b7d57f1cdcf00968d8ccbfa5994f742c6abf0ad6e25116d4c2e7e893e,0,0,0,0,0
val,49,aircraft_surface_damage_crack_v2_0000049.jpg,test,IMG44_jpg.rf.2d78a34cafc90f3d8cb21f920636c462.jpg,img44,7718c766079d800ffe24bd12f28b196c6891801f44084547028c82221c857c73,0,0,0,0,0
val,50,aircraft_surface_damage_crack_v2_0000050.jpg,test,IMG62_jpg.rf.25146a1cc3ba98ab3c691c58429666b2.jpg,img62,7f6be1bbd8eb0017265e34f0a78035343d3df12c9540df7cb78ea46173a0f827,0,0,0,0,0
val,51,aircraft_surface_damage_crack_v2_0000051.jpg,test,IMG71_jpg.rf.84956abe51d240f6331aadcc2c56ac8a.jpg,img71,fadc654e2effbb8e07d02f21e31d06206a361f96efbd03e8b883c6ea562c0199,0,0,0,0,0
val,52,aircraft_surface_damage_crack_v2_0000052.jpg,test,IMG76_jpg.rf.80a2ff202cb409abde2372a9922f8a37.jpg,img76,224102ebe28ccdbf29cf386df486a7c949cd56ce45ceb10b6cc9f2783ad2a060,0,0,0,0,0
val,53,aircraft_surface_damage_crack_v2_0000053.jpg,test,IMG_20220521_143401_jpg.rf.232da2843faebed827871ade2058f6ff.jpg,img_20220521_143401,eb722c02b359d768f281a613c1da869170fae7bee42915267bbb8fef7f775c3d,0,0,0,0,0
val,54,aircraft_surface_damage_crack_v2_0000054.jpg,test,IMG_20220521_144049_jpg.rf.122562e9490033a2d9886f985d7817cc.jpg,img_20220521_144049,ab5256de7477449c2b4f8e6c1f919db3b298c42b641cd2534e9a7d722951cbdd,0,0,0,0,0
val,55,aircraft_surface_damage_crack_v2_0000055.jpg,test,IMG_20220521_144109_jpg.rf.9a653500f47fbc17966a29e69f80e2e1.jpg,img_20220521_144109,d85a89200a1f8387dd6260b36030b96a067b574febe399da6cb044d01fef66d8,0,0,0,0,0
val,56,aircraft_surface_damage_crack_v2_0000056.jpg,test,IMG_20220521_144730_jpg.rf.b2199175681e98ba826702ca84dce714.jpg,img_20220521_144730,928430789c4a11661318639dc53326f61715bb623ab56cc722a43ad5c55fd42f,0,0,0,0,0
val,57,aircraft_surface_damage_crack_v2_0000057.jpg,test,IMG_20220521_144733_jpg.rf.987e58505d24e891e15d50a62d30b142.jpg,img_20220521_144733,7287b9f3266a310fccc2eb51df3853b67af50c0419f8d88c957112009eabff8b,0,0,0,0,0
val,58,aircraft_surface_damage_crack_v2_0000058.jpg,test,IMG_20220521_144750_jpg.rf.2f552aefc69ca95d2f771a768f91ff84.jpg,img_20220521_144750,41364679730dc2af026f86cac5f3e6915ab15d96a3aeee65070eb2495739e1d6,0,0,0,0,0
val,59,aircraft_surface_damage_crack_v2_0000059.jpg,test,IMG_20220521_144816_jpg.rf.2a70c19fb2c3ee24809aa3d79302a70f.jpg,img_20220521_144816,245815f6dfee5fca99d6603beb3c5bff2c3999edd034a7a24e0c4c151667ffb0,0,0,0,0,0
val,60,aircraft_surface_damage_crack_v2_0000060.jpg,test,IMG_20220521_144900_jpg.rf.65474cb9e5cbc672b20a297b27cc8f9e.jpg,img_20220521_144900,352a0970fb837e692db0acd8735f91c4d7e23ebc7a2e0537ca030d3140650006,0,0,0,0,0
val,61,aircraft_surface_damage_crack_v2_0000061.jpg,test,IMG_20220521_144903_jpg.rf.d6f05b19910aa0e462d59769a1dbe5c6.jpg,img_20220521_144903,b5c0d0814b357d62290192aaae0c39fd48ae8a9fd63cd10c9c34d22f8de8d704,0,0,0,0,0
val,62,aircraft_surface_damage_crack_v2_0000062.jpg,test,IMG_20220521_144927_jpg.rf.4baf456b303674dd25d77d58edc08c0a.jpg,img_20220521_144927,601dd8a4970c2fcb06cc8e87e9c18728ff1eba7c8d22495a62fc5a0aa08c1d18,0,0,0,0,0
val,63,aircraft_surface_damage_crack_v2_0000063.jpg,test,IMG_20220521_144937_jpg.rf.6ff6ec95874a16ae085a22b00eb7df7e.jpg,img_20220521_144937,6d56308849470b6cc039f5c44a064e41aeab484d2376585caba5a82717c3132c,0,0,0,0,0
val,64,aircraft_surface_damage_crack_v2_0000064.jpg,val,IMG_20230413_122422_jpg.rf.2f5e7392d1fb655d5fa644cd3f98a00f.jpg,img_20230413_122422,23607c41c9a7f92441c29604f790c9fbdd46d45c7f5397748ebdea11d5ca8e4c,0,0,0,0,0
val,65,aircraft_surface_damage_crack_v2_0000065.jpg,val,IMG_20230413_122455_jpg.rf.2c859aa70c0c00bacf80f01ae4f09f07.jpg,img_20230413_122455,44d4880bbb97ef840eaad54e1ee13a7cb5c8e5c59e51e080587f3b6648b047a7,1,3,3,0,0
val,66,aircraft_surface_damage_crack_v2_0000066.jpg,val,IMG_20230413_122512_jpg.rf.a32954a0a684d6e576befa1ee7a019ac.jpg,img_20230413_122512,1479a7796857fe3f81f871621c0af2db7abe7846c8f41b6fdacd55596832bfa8,0,0,0,0,0
val,67,aircraft_surface_damage_crack_v2_0000067.jpg,val,IMG_20230413_122523_jpg.rf.6269ab98637e6d706524e0ac94ada03d.jpg,img_20230413_122523,d819c259e3a0895276601e8d512eff881a163dcd165429fef627cb174555e0b3,0,0,0,0,0
val,68,aircraft_surface_damage_crack_v2_0000068.jpg,val,IMG_20230413_122545_jpg.rf.73499669d67fe20feb79e5816d433784.jpg,img_20230413_122545,5b12a97a6e28d35a0d5607ab47de923e6b54c93c3666bdea5770d4036b5fe2ad,0,0,0,0,0
val,69,aircraft_surface_damage_crack_v2_0000069.jpg,val,IMG_20230413_122552_jpg.rf.4ca79fe29385f6048181cff580013589.jpg,img_20230413_122552,02b2fdfe594d25b39c890be0a2f5272e407d15d76b789d2220f94ac8cce48302,0,0,0,0,0
val,70,aircraft_surface_damage_crack_v2_0000070.jpg,val,IMG_20230413_122752_jpg.rf.5304ca3e67ed29ea79984b5003346fcb.jpg,img_20230413_122752,0df048f65a77b48b1e1684f1df10d62f75630273969a73be36f7c21a9976bc5f,0,0,0,0,0
val,71,aircraft_surface_damage_crack_v2_0000071.jpg,val,IMG_20230413_122800_jpg.rf.f6519f6c04c9587a34572ef90bc02942.jpg,img_20230413_122800,f0062798a23002b796873572782d26f860b99b90a3bafee5964e0197da2046d0,0,0,0,0,0
val,72,aircraft_surface_damage_crack_v2_0000072.jpg,val,IMG_20230413_122811_jpg.rf.fbe88d36cfb674df9ad42724bb03fdb6.jpg,img_20230413_122811,804362a79008cd525759a344685838affdf627e6135ff2b42faf52ed79044c0b,1,1,1,0,0
val,73,aircraft_surface_damage_crack_v2_0000073.jpg,val,IMG_20230413_122829_jpg.rf.5e6bfc265e39a71b191bd4130ef000e3.jpg,img_20230413_122829,0c20da3eaab11e782dfeb3eea28383b9809474910a951d6459a1551324695d0d,1,1,1,0,0
val,74,aircraft_surface_damage_crack_v2_0000074.jpg,val,IMG_20230413_122836_jpg.rf.55a19dc85b8c3010f838e2773dec8e8e.jpg,img_20230413_122836,84ca2c3f0d4aca8daef6be33c914e554421d18b71ea1b0628ab253151b965bd0,0,0,0,0,0
val,75,aircraft_surface_damage_crack_v2_0000075.jpg,val,IMG_20230413_123115_jpg.rf.3661c7399435a3ae576b6d307007c2ff.jpg,img_20230413_123115,e722f2191aad8bb1559448cc631bbd7165957ada24b656fe5e60db3e82580020,0,0,0,0,0
val,76,aircraft_surface_damage_crack_v2_0000076.jpg,val,IMG_20230413_123132_jpg.rf.38cba67a8a860778358fd0a40ab8fe5f.jpg,img_20230413_123132,e5eb849b4033c8c7364a9ed2189a363c48180b5f7a5e195ada57057d45ab1228,0,0,0,0,0
val,77,aircraft_surface_damage_crack_v2_0000077.jpg,val,IMG_20230413_123139_jpg.rf.4f7d9269f744bddb28448c1546bcbbfd.jpg,img_20230413_123139,9b7f17985f923777648620ffe2a5ecd0da48781391d61884eab14031396b58f0,0,0,0,0,0
val,78,aircraft_surface_damage_crack_v2_0000078.jpg,val,IMG_20230413_123151_jpg.rf.91500ac12caeca0d3ce24b2346601fac.jpg,img_20230413_123151,1c04210374cc0d2c87af52f613d264c8733298d47eb343d33c9a71229a908eb8,0,0,0,0,0
val,79,aircraft_surface_damage_crack_v2_0000079.jpg,val,IMG_20230413_123224_jpg.rf.11d0ff4659efbaf17d3e9f170cc96ebc.jpg,img_20230413_123224,c06b6d7f7b9bc875a20d4b7165e2096064a33a0305d42e161eb2306844071926,1,1,1,0,0
val,80,aircraft_surface_damage_crack_v2_0000080.jpg,val,IMG_20230413_123235_jpg.rf.09c38ff9202391df13aff6490335f6b0.jpg,img_20230413_123235,9a1b369651471a4e3b03f3719426a2eab4c36752cf0c8da90d24d4ce2ecb9e29,1,1,1,0,0
val,81,aircraft_surface_damage_crack_v2_0000081.jpg,val,IMG_20230413_123243_jpg.rf.1d7fe6a87ced8fea7f12ae8169ec2d49.jpg,img_20230413_123243,2aeec0aa78b2a6951c38ea9e7b4cc91d8ed252a5d1dae7b4549892e488a55936,1,1,1,0,0
val,82,aircraft_surface_damage_crack_v2_0000082.jpg,val,IMG_20230413_123251_jpg.rf.219f220a3684763c0518b9621ce2fb46.jpg,img_20230413_123251,7475279748596417e39ce69780664a7ed1cfaf2a2c0ca578485b3bc2820426bf,0,0,0,0,0
val,83,aircraft_surface_damage_crack_v2_0000083.jpg,val,IMG_20230413_123347_jpg.rf.deab36cdc96f526601b48a872e120862.jpg,img_20230413_123347,47faeda60e2f539b3a32b2a81010ac53acc0643014805279a904f963863923be,0,0,0,0,0
val,84,aircraft_surface_damage_crack_v2_0000084.jpg,val,IMG_20230413_123420_jpg.rf.3260e9886824f3f293b630603b7c3380.jpg,img_20230413_123420,8e233c2107a9cfa2b457469f39cb2e6ecc37434b8f56ea09e8daffd747f0ee92,1,1,1,0,0
val,85,aircraft_surface_damage_crack_v2_0000085.jpg,val,IMG_20230413_123459_jpg.rf.c968ac9d244ced65180dccf418cf89d8.jpg,img_20230413_123459,74539b6a33da0254f218ada25f090b3ccb10cac7bd8ebd6d3fb9cd83147104b6,0,0,0,0,0
val,86,aircraft_surface_damage_crack_v2_0000086.jpg,val,IMG_20230413_123603_jpg.rf.da0d441ecf05ad6ee8053624de5d72b3.jpg,img_20230413_123603,45eb9d3fa4a459b50cec1571a778dda6ae6916941500bf2eeda1ca0e3636599b,1,1,1,0,0
val,87,aircraft_surface_damage_crack_v2_0000087.jpg,val,IMG_20230413_123711_jpg.rf.b5c038aed11a111ba0d702bbf7758de1.jpg,img_20230413_123711,2bebcda0b4612017acaccf8e56b427d25028556fe003b17407edbff0b1a81598,0,0,0,0,0
val,88,aircraft_surface_damage_crack_v2_0000088.jpg,val,IMG_20230413_123752_jpg.rf.13c63e55d6ec6e48d1e95aab4c6bf570.jpg,img_20230413_123752,57e11a883483c50357fd39abca69fc90064fa3a6b4981fd646c5c1b4d63d5779,1,4,4,0,0
val,89,aircraft_surface_damage_crack_v2_0000089.jpg,val,IMG_20230413_123848_jpg.rf.64cdcd4d04f80f319c820e3dccf1c0cc.jpg,img_20230413_123848,be645e304d556535d2281bbef552613b55858136d3694204ef273c98c380c052,0,0,0,0,0
val,90,aircraft_surface_damage_crack_v2_0000090.jpg,val,IMG_20230413_123917_jpg.rf.0d112a6d227f47553358700894cd09d4.jpg,img_20230413_123917,202fdbe1b9a48d0f165488a3babcd8c0818cc232847423e7198fd5d68972b95a,0,0,0,0,0
val,91,aircraft_surface_damage_crack_v2_0000091.jpg,val,IMG_20230413_124254_jpg.rf.b786ad696105a025b59a69791a6d0f08.jpg,img_20230413_124254,61ecd70a0dfa3597ee90738b4284d6ec8162345374a870200297e18807f780a7,0,0,0,0,0
val,92,aircraft_surface_damage_crack_v2_0000092.jpg,val,IMG_20230413_124333_jpg.rf.a72ff32f63ef50c4b5bae6334d95fdf4.jpg,img_20230413_124333,c73ae2816f677ae0d4c82eecdaf2cc43e649f2bc70bdac4fac77097efc92370f,0,0,0,0,0
val,93,aircraft_surface_damage_crack_v2_0000093.jpg,val,IMG_20230413_124355_jpg.rf.663bf27df3cf8214fd9774ba9a062b7c.jpg,img_20230413_124355,8b20e8655c4583392307df49929cb352c211933d728643d2814b7ffcdc9b5299,0,0,0,0,0
val,94,aircraft_surface_damage_crack_v2_0000094.jpg,val,IMG_20230413_124411_jpg.rf.1b5ec893c5baab4f78d14dac165a4a43.jpg,img_20230413_124411,4861832d7773f13eafc6be190742f081e455117c53b7c7ab06e28b08b6455ce7,1,1,1,0,0
val,95,aircraft_surface_damage_crack_v2_0000095.jpg,val,IMG_20230413_124514_jpg.rf.fc139dec604f85de06f3f3479fa2927f.jpg,img_20230413_124514,bbc84d483c7c1188b11db13542c6f0f1efa5bde0887295d5ab5d8322b532e87d,0,0,0,0,0
val,96,aircraft_surface_damage_crack_v2_0000096.jpg,val,IMG_20230413_124605_jpg.rf.6fd76d86565be7d0bd5e427968730c5e.jpg,img_20230413_124605,c66c29fb0004dd3c8cc17a7f25fffe7571d4af3473d64c7a3a12dd2513562e84,0,0,0,0,0
val,97,aircraft_surface_damage_crack_v2_0000097.jpg,val,IMG_20230413_124725_jpg.rf.7e0b98326197c145f6698f7728015e9a.jpg,img_20230413_124725,61d07275bc677fc0865ab3e44c8e2e23b9e31f26f2ccc58c1486d1fa9924478c,0,0,0,0,0
val,98,aircraft_surface_damage_crack_v2_0000098.jpg,val,IMG_20230413_124927_jpg.rf.0b9e9a0957341b48ad16d3c8b20d2474.jpg,img_20230413_124927,58104bdbfc04700da08155db7fc9725448a34d76b8fa42c1f403f51010d61e53,1,1,1,0,0
val,99,aircraft_surface_damage_crack_v2_0000099.jpg,val,IMG_20230413_125051_jpg.rf.2f06535c30b082a18f7facc3d50201d9.jpg,img_20230413_125051,83dc80100fda830f7a54e2123ab2975fbd7e9c97b0b60c59ec562a9337313a1c,1,1,1,0,0
val,100,aircraft_surface_damage_crack_v2_0000100.jpg,val,IMG_20230413_125100_jpg.rf.786293a4451888bad31692378d2dbd9d.jpg,img_20230413_125100,39673ead7e1ec3c8e0ce4aebdb7d559a1dbc693184b7d1d7f43e49b5519a1f40,0,0,0,0,0
val,101,aircraft_surface_damage_crack_v2_0000101.jpg,val,IMG_20230413_125142_jpg.rf.301018e943c1479df7290f0f4417fd71.jpg,img_20230413_125142,b487b3c72a18ebff6f1007ea06885aeef97415f9b11fad692614c528bcb7d973,1,1,1,0,0
val,102,aircraft_surface_damage_crack_v2_0000102.jpg,val,IMG_20230413_125315_jpg.rf.899037fde75fa596f1f4e1c510dc5a12.jpg,img_20230413_125315,89550c5106dab2aeba123197dc7b5a2c21898e64dd1d49d669b70fcb0b54a496,0,0,0,0,0
val,103,aircraft_surface_damage_crack_v2_0000103.jpg,val,IMG_20230413_125356_jpg.rf.eacc3babeccfa0b2fdd804737120d5b1.jpg,img_20230413_125356,09a10c8e64a1ded6034809c8ff394d167fe7c4db9def4820f89b4c9c30d65a34,0,0,0,0,0
val,104,aircraft_surface_damage_crack_v2_0000104.jpg,val,IMG_20230413_125557_jpg.rf.6d5c6de0c33795273ed9066099d49b72.jpg,img_20230413_125557,44e7189bdf67e45f5ac6120661439359566f925d00591253952d08e297820c27,0,0,0,0,0
val,105,aircraft_surface_damage_crack_v2_0000105.jpg,val,IMG_20230413_125621_jpg.rf.71bf4032d34e6645b01d3d66f98f676b.jpg,img_20230413_125621,f3c944da928c7d4a1279a462029c0ae336fed95eb3c02f017c0f7772f23e9a37,0,0,0,0,0
val,106,aircraft_surface_damage_crack_v2_0000106.jpg,val,IMG_20230413_125638_jpg.rf.6757c877fd41dd0dbc87bf5c7d0637da.jpg,img_20230413_125638,bc7aa7626a8267fc0d95429c9dcab6ccd3ce6e6374f178df6c319b8cdf3b4c1e,0,0,0,0,0
val,107,aircraft_surface_damage_crack_v2_0000107.jpg,val,IMG_20230413_125819_jpg.rf.624c82cd1e1e651dbeed88d7d2c79158.jpg,img_20230413_125819,553d795a98d5b9c8a362e736fa22c8a9180de56413e7d6df61fe423e133c3ffa,1,1,1,0,0
val,108,aircraft_surface_damage_crack_v2_0000108.jpg,test,IMG_20230413_125830_jpg.rf.2a067d2bb7b0406a4faad0499833b044.jpg,img_20230413_125830,224e1eb597fed1124ab6ed0a87266d441c888e633374e423da9b5c028065693a,0,0,0,0,0
val,109,aircraft_surface_damage_crack_v2_0000109.jpg,test,IMG_20230413_125851_jpg.rf.c11294a819ad883af4a8d7e8a2936678.jpg,img_20230413_125851,57d2af6fda6bcd3e8d01b86b5e23524b4cd166d41fe6e09c7a7592bb1ede6538,0,0,0,0,0
val,110,aircraft_surface_damage_crack_v2_0000110.jpg,test,IMG_20230413_125903_jpg.rf.65672df8d046c2e9513122784c340f8f.jpg,img_20230413_125903,c2e540b142749ae8680dc646abd47eae2ec9313d25034cdad4410b6e1c4533dd,0,0,0,0,0
val,111,aircraft_surface_damage_crack_v2_0000111.jpg,test,IMG_20230413_125913_jpg.rf.816842a6988678604c0da87ed1b4b1fc.jpg,img_20230413_125913,fc2875286c9d7f0d485f25efa419b901dd5cf1c5e55e9789218fc305070a6444,0,0,0,0,0
val,112,aircraft_surface_damage_crack_v2_0000112.jpg,val,IMG_20230413_125936_jpg.rf.74d9739284538fcb9706ec7587a5a462.jpg,img_20230413_125936,afe2251b252837264cbbde9d05db05d927352fba952aae9b471042ef08495971,0,0,0,0,0
val,113,aircraft_surface_damage_crack_v2_0000113.jpg,test,IMG_20230413_125949_jpg.rf.6932e88e9f4946b1deaca0a691cf6485.jpg,img_20230413_125949,df7f78ea7e1914152afef678906ad83b1945792c80f296e05e3be51441e6d6e1,0,0,0,0,0
val,114,aircraft_surface_damage_crack_v2_0000114.jpg,val,IMG_20230413_125958_jpg.rf.396a82dc126b5637ba392bb82273909a.jpg,img_20230413_125958,f634415f7620d8f8f5553d91c83b435b1da595034bebc467aceb7f02c6c91cfe,0,0,0,0,0
val,115,aircraft_surface_damage_crack_v2_0000115.jpg,val,IMG_20230413_130006_jpg.rf.03a09999bccd31b2c9762df3a4c01bb1.jpg,img_20230413_130006,685bdeb44e29ee4595956e793ee209973fe4a9686d8ff65ad116e10714938fa4,0,0,0,0,0
val,116,aircraft_surface_damage_crack_v2_0000116.jpg,val,IMG_20230413_130011_jpg.rf.825e8d735dd2baf7b9718f6ca0a5fd81.jpg,img_20230413_130011,6c1a3d5f6f19f5dafff518a42246cb4205aab9b0c5e8dfd6473f0d038642d3b6,0,0,0,0,0
val,117,aircraft_surface_damage_crack_v2_0000117.jpg,test,IMG_20230413_130020_jpg.rf.ebf35737cd950d4551acb018baca38c5.jpg,img_20230413_130020,0daa55536207f821c668e4757d32fa29dde1b9088896d24fd969a90988d64884,0,0,0,0,0
val,118,aircraft_surface_damage_crack_v2_0000118.jpg,test,IMG_20230413_130052_jpg.rf.78e9a2402bdf40a6c28c930a9e0e8192.jpg,img_20230413_130052,5dd0b224f03ca67d1b698d00fbc9732c00ef7e16e5f1bdacb14e2618b08afa7e,0,0,0,0,0
val,119,aircraft_surface_damage_crack_v2_0000119.jpg,val,IMG_20230413_130110_jpg.rf.55be039dc8d3fe683e00bb076cbd0dd2.jpg,img_20230413_130110,24338bd599e90693c2af450838858edc65b0a391b0da367b8554c1d5cdc536ec,0,0,0,0,0
val,120,aircraft_surface_damage_crack_v2_0000120.jpg,val,IMG_20230413_130119__01_jpg.rf.03f9466fa499d0539e6f8a5fd2f49f2b.jpg,img_20230413_130119,06eba2da6d25f915a42a99395bb0f6ad19fe4405e8cb6d062f136b2485de3377,1,1,1,0,0
val,121,aircraft_surface_damage_crack_v2_0000121.jpg,val,IMG_20230413_130119_jpg.rf.69a182b37b086eafe94316db426c3cda.jpg,img_20230413_130119,74c05a370ff218b22e1208ae34dba3c9dd20503e5147a0c00a5bca40d495c1d7,0,0,0,0,0
val,122,aircraft_surface_damage_crack_v2_0000122.jpg,val,IMG_20230413_130130_jpg.rf.39c50a2c9fab4950e0c18ce7f45365fb.jpg,img_20230413_130130,e90669bbc49a7d342732bc1406fde09c197c234d992f43dbb0eddcfa424c578d,1,2,2,0,0
val,123,aircraft_surface_damage_crack_v2_0000123.jpg,test,IMG_20230413_130201_jpg.rf.f45f7ac10a919fe402602432374dc9fe.jpg,img_20230413_130201,8bba643a3c8507aa3373bc3d7e8634893284d0146e4cff91e5d88d0f9c557653,0,0,0,0,0
val,124,aircraft_surface_damage_crack_v2_0000124.jpg,val,IMG_20230413_130205_jpg.rf.ecd7d04267367064c50bb44d86090d9c.jpg,img_20230413_130205,5266c68ce01dedfb63c5b460e8848db002721e1aa31b9ddce465427cb8592c2b,0,0,0,0,0
val,125,aircraft_surface_damage_crack_v2_0000125.jpg,test,IMG_20230413_130210_jpg.rf.805340b46a7fa807f7b195f4e2175fd1.jpg,img_20230413_130210,093ee2c9bf50c37f74bb260534af4dfa264d939dce9d38a31c5746d9baefa464,0,0,0,0,0
val,126,aircraft_surface_damage_crack_v2_0000126.jpg,val,IMG_20230413_130254_jpg.rf.d16ed633f2e2bdcc693f3e78d82e3052.jpg,img_20230413_130254,e5b4ed302b67a2aff56c94edf93fd5693a49cd71890bf78358035d79804ddc87,1,1,1,0,0
val,127,aircraft_surface_damage_crack_v2_0000127.jpg,test,IMG_20230413_130324_jpg.rf.a9352574719701f6c470a0056b35ada4.jpg,img_20230413_130324,2b4d0ba999c4b8f18d083fd58b58f8680d3c51dcef0b4b2e4f6d6a546d39221d,0,0,0,0,0
val,128,aircraft_surface_damage_crack_v2_0000128.jpg,val,IMG_20230413_130330_jpg.rf.08ed1d3e0f075b4eac41096ed5cd4a63.jpg,img_20230413_130330,dc630d2d88641021ea7b7d011c6d846269b8a250b16e6d5415910487a4b5782d,0,0,0,0,0
val,129,aircraft_surface_damage_crack_v2_0000129.jpg,test,IMG_20230413_130514_jpg.rf.07646341ee75a6fb840b97359d06186c.jpg,img_20230413_130514,bdb2868e75952c76cecbdd11a203758e37ccb3738c292de1c7163aa847d5c747,0,0,0,0,0
val,130,aircraft_surface_damage_crack_v2_0000130.jpg,test,IMG_20230413_130530_jpg.rf.591ebb741dfd0e1ccc1307ff14d85788.jpg,img_20230413_130530,f977816a41c2a7cb04a908725038fdbf14c3ad492916b0a905b2c1b83a5a471f,0,0,0,0,0
val,131,aircraft_surface_damage_crack_v2_0000131.jpg,test,IMG_20230413_130559_jpg.rf.582cfb47ca00dc4b8309fcc38d721019.jpg,img_20230413_130559,227836bf44952bb49beceb864d883cad9bbc26b5104218140d5f5c3ba334fd22,0,0,0,0,0
val,132,aircraft_surface_damage_crack_v2_0000132.jpg,test,IMG_20230413_130610_jpg.rf.c5f8ff3fe6cc796fa8640e52299dcb5e.jpg,img_20230413_130610,cf679588a8e2e70b18ec34141f40461af6f5a20be8742882bfe0bd7d59cec3d6,0,0,0,0,0
val,133,aircraft_surface_damage_crack_v2_0000133.jpg,val,IMG_20230413_130650_jpg.rf.c75221a3541b8a89d2771ca997922c2d.jpg,img_20230413_130650,4bd24635240c98a58f4ba40385755f2880116ca615aa9326ff266e666d9926f3,0,0,0,0,0
val,134,aircraft_surface_damage_crack_v2_0000134.jpg,test,IMG_20230511_102347_jpg.rf.c13098fee656377a1296431f05be63a7.jpg,img_20230511_102347,13693074319d5de379707d3b16465ecf5f5dfcc0ce44dfb9dc4a2340c4375b1b,1,1,0,0,1
val,135,aircraft_surface_damage_crack_v2_0000135.jpg,test,IMG_20230511_105306_jpg.rf.d1d81257b2e1dc9048c11e5fc019ff23.jpg,img_20230511_105306,84403fed435b335b2a5bd40ec4ddcaaafc30ff9022553eb8ec98b74e2f24b945,1,1,0,1,0
val,136,aircraft_surface_damage_crack_v2_0000136.jpg,test,IMG_20230512_124900_jpg.rf.cf3594adb6134a5e3dc94057c4338de9.jpg,img_20230512_124900,61f3235061af23786c6c6ad057763ae238a7c91132be194b087afae739097a54,1,1,0,0,1
val,137,aircraft_surface_damage_crack_v2_0000137.jpg,test,IMG_20230512_124953_jpg.rf.ce09b2e710a48dbbe270dbc98882c467.jpg,img_20230512_124953,f1ce0734fe667fe4d72c4e4c377bb73ee5a23b303b39987047516a665178f2f0,1,1,0,0,1
val,138,aircraft_surface_damage_crack_v2_0000138.jpg,test,IMG_20230512_125148_jpg.rf.ea3e17178ac623c43d8403e780c998a7.jpg,img_20230512_125148,34d07e37e00ba5b9ff73204786f7a24ce3d1f1fe43d454e9ffd59067c45804f4,1,1,0,1,0
val,139,aircraft_surface_damage_crack_v2_0000139.jpg,test,IMG_20230512_125151_jpg.rf.f63410db9a0e0a000f081d20bc1e86e4.jpg,img_20230512_125151,257f0e19fcaf8380c4fabb0b61fa991e04d8df800a6e88202f25217abb088d7a,1,1,0,1,0
val,140,aircraft_surface_damage_crack_v2_0000140.jpg,test,IMG_20230512_125222_jpg.rf.d819daca2e74f34b5153d01c94b41fc6.jpg,img_20230512_125222,373dc54a9cf646aabf75bb9ec5e65e64cbd14689d9562049b54390275532ef7c,1,1,0,1,0
val,141,aircraft_surface_damage_crack_v2_0000141.jpg,test,IMG_20230512_125803_jpg.rf.b6412727a82624651e773a4ef630b417.jpg,img_20230512_125803,92b88e3da33c85e72813dca4ceaa55226c45f67bd8b3812b08cffda4045fb795,1,3,1,2,0
val,142,aircraft_surface_damage_crack_v2_0000142.jpg,test,IMG_20230512_131118_jpg.rf.53b9a96445a1a8536a76a0370c0613a3.jpg,img_20230512_131118,cf62fb9bc7b175a64ceac7829a4e7a932fb97f425bafaaaa4101e0b70aca4134,1,1,0,1,0
val,143,aircraft_surface_damage_crack_v2_0000143.jpg,test,IMG_20230512_131217_jpg.rf.ea42a8bdce62f793668c720ba70b854a.jpg,img_20230512_131217,e7da2d312da831b134ffdb25b72eefdd954c74c3e1d3c87e4d779b245a0673ce,1,1,0,1,0
val,144,aircraft_surface_damage_crack_v2_0000144.jpg,test,IMG_20230512_131239_jpg.rf.f3e2060575dc242c14ac946542bc5a84.jpg,img_20230512_131239,7e8006727a41b15c1fa2e8488215cfbc80a249be410182a380b80844d4643ce4,1,1,1,0,0
val,145,aircraft_surface_damage_crack_v2_0000145.jpg,test,IMG_20230512_131456_jpg.rf.b39b82599cc4869d91e51c4d2b7dee2d.jpg,img_20230512_131456,fdb7740020318f43e4fcb150f37225a39bfaae81decb5dad66e155a075c6510a,1,2,0,1,1
val,146,aircraft_surface_damage_crack_v2_0000146.jpg,test,IMG_20230513_095529_jpg.rf.b21efde52bbbb7fec2fd815478d17350.jpg,img_20230513_095529,43f7fc79b82ead994ee81c4f54a1fd6ecc123bcdd51aa24c9741780b853987fe,1,1,0,1,0
val,147,aircraft_surface_damage_crack_v2_0000147.jpg,test,IMG_20230513_095535_jpg.rf.455e823d272dc712023d61b18821946e.jpg,img_20230513_095535,fe245e8e635a022c157405e9f7c088dfd7a346d3bbc612131584de0f5617b580,1,1,0,1,0
val,148,aircraft_surface_damage_crack_v2_0000148.jpg,test,IMG_20230513_095818_jpg.rf.38bc9e49e99fea52dfe9d235b2a1b59e.jpg,img_20230513_095818,d9212a85bda7804e365e0333babaad1b04779db09efcc4f0c28284441283729c,1,1,0,0,1
val,149,aircraft_surface_damage_crack_v2_0000149.jpg,test,IMG_20230513_095836_jpg.rf.c1c6a6592e2f34944d126f4416d67904.jpg,img_20230513_095836,95ccb3c078332091b56ca02976b7086902f12f42dfaf0844b7c542164b88bd1b,1,1,0,1,0
val,150,aircraft_surface_damage_crack_v2_0000150.jpg,test,IMG_20230513_095957_jpg.rf.57b858484f71a73069f496fe3d5228ce.jpg,img_20230513_095957,226e3c47b42e9c7f2b8e615c9b5f443430b3fbfa27b7f2daf178a78ceb8c4a5e,1,1,0,0,1
val,151,aircraft_surface_damage_crack_v2_0000151.jpg,test,IMG_20230513_100053_jpg.rf.0fbcc4eee8b6563a5cfe0b56754cf2c1.jpg,img_20230513_100053,8ba82af35849c155951e4bcd1d12e514cef0dc773549f3a50be1e3ddd037c266,1,1,1,0,0
val,152,aircraft_surface_damage_crack_v2_0000152.jpg,test,IMG_20230513_100120_jpg.rf.fc9845389d162953a940357f38b1f249.jpg,img_20230513_100120,dbd0fc2a4866eb4424e14e3f63c638d3f89b15c918f49ecc69c56cf03eb77d0b,1,1,0,1,0
val,153,aircraft_surface_damage_crack_v2_0000153.jpg,test,IMG_20230513_100134_jpg.rf.d77507f40185b20385952435763b793a.jpg,img_20230513_100134,0c5b729e30385e7640e01cd99c564c30d5597e27a53c56505cbbebdb136f652f,1,1,0,0,1
val,154,aircraft_surface_damage_crack_v2_0000154.jpg,test,IMG_20230513_100346_jpg.rf.dbd9af42ca82e887dd6861c1249850cd.jpg,img_20230513_100346,41ab737a72c04111b1bde87f976d50bd5ad7240297d27ef75c77aba1a7616baf,1,1,0,1,0
val,155,aircraft_surface_damage_crack_v2_0000155.jpg,test,IMG_20230513_100820_jpg.rf.818eb55b0e26f2810ec0dc916ae65c6d.jpg,img_20230513_100820,e0e8fd363ef163bd6ad2fd5f2f15dc6bf6ba54337795e99f95fa0b5dd162f64e,1,1,1,0,0
val,156,aircraft_surface_damage_crack_v2_0000156.jpg,test,IMG_20230513_101543_jpg.rf.50b4e6f8018201208fb0231459a28a3a.jpg,img_20230513_101543,b6e4a8748d39ff4feac4d8fbd1cc2f730e383bd973fdb753959df2a3afa67463,1,2,0,2,0
val,157,aircraft_surface_damage_crack_v2_0000157.jpg,test,IMG_20230513_101717_jpg.rf.8c6df3fd4f5bc8842b005024c7e109ce.jpg,img_20230513_101717,669e7dff012d1888ba8216211aa6ea8a354800e8e0de53e63ef8032213ed08ea,1,1,0,1,0
val,158,aircraft_surface_damage_crack_v2_0000158.jpg,test,IMG_20230513_101737_jpg.rf.1d91053d2d9e597b26470a6a0d36435c.jpg,img_20230513_101737,7eaba1b3d8713850866df00eae23d2cacacea2fc46d5cde0fdb1841eda3887f1,1,1,0,1,0
val,159,aircraft_surface_damage_crack_v2_0000159.jpg,test,IMG_20230513_102438_jpg.rf.412cb97c8525235e87776f92eaad3840.jpg,img_20230513_102438,72dfcd97cd8cbf55e1e60a8470e5c146d8b75f68ec4f000e73a0b70b55a69826,1,1,0,1,0
val,160,aircraft_surface_damage_crack_v2_0000160.jpg,test,IMG_20230513_103925_jpg.rf.1b9ce79c12c2d1a555c128aa5a2d2541.jpg,img_20230513_103925,ec3e79d315b419bd7e0ecb54b2956390c7aa5c5ae913784f5705f31ce6769f30,1,1,0,1,0
val,161,aircraft_surface_damage_crack_v2_0000161.jpg,test,LINE_ALBUM_220324_10_jpg.rf.cc17a71f9746fe124f1f5338bf2c8ace.jpg,line_album_220324_10,8ded95f923454f55f167c8ecc363bd9064fb712e85bd13fdbef55e81cb58770b,1,1,0,0,1
val,162,aircraft_surface_damage_crack_v2_0000162.jpg,test,LINE_ALBUM_220324_105_jpg.rf.23c8855b52e53382c1d18c913a192243.jpg,line_album_220324_105,1310c9f4979ff14e0c1aaf8d981b69a15656856d8a6f8fb971324431e51bc3c0,1,1,0,0,1
val,163,aircraft_surface_damage_crack_v2_0000163.jpg,test,LINE_ALBUM_220324_109_jpg.rf.802bd8df4cdd1d0d540f4f912dabe04d.jpg,line_album_220324_109,4441ea5e840c87268b41ffe9803a4eead09bef8aeb8464d22dc4eebc7f05a925,0,0,0,0,0
val,164,aircraft_surface_damage_crack_v2_0000164.jpg,test,LINE_ALBUM_220324_120_jpg.rf.d115ded46155b116563abdf76b66787f.jpg,line_album_220324_120,c6d4cf620c8d0eac15348b5ccb7b4109be8280b8cf7374ae7ca1aa8544216bb6,0,0,0,0,0
val,165,aircraft_surface_damage_crack_v2_0000165.jpg,test,LINE_ALBUM_220324_122_jpg.rf.b838fd4038968aece497c5ae23015795.jpg,line_album_220324_122,8d5b01b8b9b49b9836bebd7b064bfaa798f6ba11cd7f2048d76e9e8d8f160278,0,0,0,0,0
val,166,aircraft_surface_damage_crack_v2_0000166.jpg,test,LINE_ALBUM_220324_13_jpg.rf.a3bf2a76fe77645259bf48dedf60a5db.jpg,line_album_220324_13,10ad7a90caa065f93df9f9be7a2a3b88ac01b89ed829f693b9db40b8dccfbe76,1,1,1,0,0
val,167,aircraft_surface_damage_crack_v2_0000167.jpg,test,LINE_ALBUM_220324_135_jpg.rf.9e13263317ff840d0bcc5892fa31a8de.jpg,line_album_220324_135,7e62eaed26608bb9cf196259af368fb40423316bac262abe3d761a3694e66b71,0,0,0,0,0
val,168,aircraft_surface_damage_crack_v2_0000168.jpg,test,LINE_ALBUM_220324_17_jpg.rf.389b68aaa525d75efdc94ad8bb744403.jpg,line_album_220324_17,b6b6a2bee5795de5bd91f27202832f5bcb5353c2c459fbb89d2f7af160fe6dfa,0,0,0,0,0
val,169,aircraft_surface_damage_crack_v2_0000169.jpg,test,LINE_ALBUM_220324_28_jpg.rf.945c959fa6cd485648a8ab94bd51be2e.jpg,line_album_220324_28,507ec9a814b9d818b6fef9eb1e77b3c4f7a5cfd46497f2b8bea83117887c5480,0,0,0,0,0
val,170,aircraft_surface_damage_crack_v2_0000170.jpg,test,LINE_ALBUM_220324_29_jpg.rf.91c7be27f8d551c4bcff7ae65ee51f52.jpg,line_album_220324_29,a8adcae18bdad779d22156af457729d62e873dfd18731a404795871fd541e3cc,0,0,0,0,0
val,171,aircraft_surface_damage_crack_v2_0000171.jpg,test,LINE_ALBUM_220324_33_jpg.rf.6a6c0a0fd3920cf922a508ca5018ab22.jpg,line_album_220324_33,0f9169f1fbb93a878cd215d585d7cb77d5ec061577b848cea40b55ed91ad3def,1,1,0,1,0
val,172,aircraft_surface_damage_crack_v2_0000172.jpg,test,LINE_ALBUM_220324_39_jpg.rf.69c1ea83642a519b63bf61b16be83c09.jpg,line_album_220324_39,f881189a6f5140bf3c2c35e49fe07bfd61def2d9864e0d754f8cfc6f8542aa6c,0,0,0,0,0
val,173,aircraft_surface_damage_crack_v2_0000173.jpg,test,LINE_ALBUM_220324_45_jpg.rf.494ee6cd8dbcae6567e417456f10c6b5.jpg,line_album_220324_45,e2bb227e38169c45b401d81381a3579c4f0c81aa7cb27ece15347e1c1fc02463,0,0,0,0,0
val,174,aircraft_surface_damage_crack_v2_0000174.jpg,test,LINE_ALBUM_220324_46_jpg.rf.8d4a3866ca06019acb1ab1c04fd18ca1.jpg,line_album_220324_46,8c1c4ce7509b2b98225ffd9c789f3b3411710d0c594d70da07d27f84433082e1,0,0,0,0,0
val,175,aircraft_surface_damage_crack_v2_0000175.jpg,test,LINE_ALBUM_220324_55_jpg.rf.d4414416d3027e85461f9ac74a0a1560.jpg,line_album_220324_55,6ff819f4386a24bcd35303d8a119117c769253d4895e8687a7e23d69968a2ed4,1,1,0,1,0
val,176,aircraft_surface_damage_crack_v2_0000176.jpg,test,LINE_ALBUM_220324_64_jpg.rf.694e2bbdd07c5e9bce846d55871a7199.jpg,line_album_220324_64,7905e7f11bc6a6ab87bbfb0553cf5a2f17f987a963ce2e9f9ac60fe87399ae92,0,0,0,0,0
val,177,aircraft_surface_damage_crack_v2_0000177.jpg,test,LINE_ALBUM_220324_66_jpg.rf.e1b1214ac27354e2f763f3e7affac5aa.jpg,line_album_220324_66,1d6060065a1e3c09b9dcecd6adb44ebfd6cc4ef196cd6fec3d0449d75197e6e4,0,0,0,0,0
val,178,aircraft_surface_damage_crack_v2_0000178.jpg,test,LINE_ALBUM_220324_71_jpg.rf.15fdf1bf39d94c85edc8476eff4468b4.jpg,line_album_220324_71,2d453d5298c0153cf8f0839b3f819e3da71ef9cc6e5d9bc6b0167fa5e0431701,0,0,0,0,0
val,179,aircraft_surface_damage_crack_v2_0000179.jpg,test,LINE_ALBUM_220324_73_jpg.rf.26ca814ff130d480c22c32be223cbfde.jpg,line_album_220324_73,b846a7c57f917a8ab8c83994955045ae74596c55792be9a48b5b3a62b2f5179f,1,1,1,0,0
val,180,aircraft_surface_damage_crack_v2_0000180.jpg,test,LINE_ALBUM_220324_8_jpg.rf.10a0d6ab3058d3451f2eb80df2d3aa15.jpg,line_album_220324_8,40f3f8aa8f4a23cabb379014555f2c5b763c381bffb54d0ec2b6c3b8dd29e1bf,1,1,0,0,1
val,181,aircraft_surface_damage_crack_v2_0000181.jpg,test,LINE_ALBUM_220324_80_jpg.rf.ffb77de9c1ffc448fcf7028ef38a85ed.jpg,line_album_220324_80,92339fb2dcb407a277ddf67f0bdd7d2b1efe7b692199fcf54d845cb2f66b93b4,0,0,0,0,0
test,1,aircraft_surface_damage_crack_v2_0000001.jpg,test,-_jpg.rf.13d8972a69bdc3066bf71853c84f0aa5.jpg,-,0e387875dd61e54644ce78aa34f550af34df78cdf34e0905b6cb04aaca2d2656,0,0,0,0,0
test,2,aircraft_surface_damage_crack_v2_0000002.jpg,test,-_jpg.rf.161e8c662c83f0e61f3e2c824dec019e.jpg,-,be8bb090560cb083bec2c8d4bd53c1b7d1a431f19e6d3beb4a0c1f62c9bf659d,0,0,0,0,0
test,3,aircraft_surface_damage_crack_v2_0000003.jpg,test,-_jpg.rf.2516ae7a2a6e88ce1df9b41d4100a0a2.jpg,-,a2764dd97b2eee2e3fbb3b3e102fb7adda26bb3333dc6e6d368c753daaa5f1ab,0,0,0,0,0
test,4,aircraft_surface_damage_crack_v2_0000004.jpg,test,-_jpg.rf.98b44b059f968ba70f81d1b8cb283b89.jpg,-,3b4c73c809882fa146c1839a9c05c0fd1a2e54454afd9afe3ace58be91f1958d,1,1,0,0,1
test,5,aircraft_surface_damage_crack_v2_0000005.jpg,test,-3_jpg.rf.1227d6e76ad681ab92cc1743d07101c8.jpg,-3,449f0b89676c55bea088d44227c411f7507e5630d9ddcdef0f6ed47961d13836,1,1,0,0,1
test,6,aircraft_surface_damage_crack_v2_0000006.jpg,test,-3_jpg.rf.c0f0793e06f8d82e251cd08992b811dc.jpg,-3,baeb66a7bba6b739e5dfa000ae3e03621dfc7467c64446af03e77e89a2168081,0,0,0,0,0
test,7,aircraft_surface_damage_crack_v2_0000007.jpg,test,-3_jpg.rf.fe208e3a9657c8159eee24af40306c46.jpg,-3,91032d33c69fa41e3dbfd7c065acf2289ec28bc72a1745bea2b3910809f8f451,0,0,0,0,0
test,8,aircraft_surface_damage_crack_v2_0000008.jpg,test,-4_jpg.rf.2f106c37c1ffdbf8c42dfe8a02eeae12.jpg,-4,999fe4a634609d167ef7c79924b2f6395f07a6db6fcfd2758941bba651424e4f,0,0,0,0,0
test,9,aircraft_surface_damage_crack_v2_0000009.jpg,test,-5_jpg.rf.f7e380aa27fdb2253529d9f600b755ed.jpg,-5,b2307bc9a0c0631fce804c976e3533b6c2258c466084a08e51655d5dbebd73e8,0,0,0,0,0
test,10,aircraft_surface_damage_crack_v2_0000010.jpg,test,-6_jpg.rf.16141592f06d0519560a1f0189874eee.jpg,-6,4ad8e4b8d499f3c48ecb7e7bb8b275163be338d97c90a9779620f9fc33cf7153,0,0,0,0,0
test,11,aircraft_surface_damage_crack_v2_0000011.jpg,val,hunter_00001_jpg.rf.9782dcda3b69c4dca1c26af99e94d752.jpg,hunter_00001,b4ad8e90d45dcf3ca0cbbce5b7d8817bcc0c3e082cab5d070eca2c7b0e60a5f5,0,0,0,0,0
test,12,aircraft_surface_damage_crack_v2_0000012.jpg,val,hunter_00011_jpg.rf.bb6064227099de90a523a2dcec25b04b.jpg,hunter_00011,604c1053d8a6dd044d1bb7222049c5970d385f6ec0fae855fb18a10f3eff1c04,1,1,1,0,0
test,13,aircraft_surface_damage_crack_v2_0000013.jpg,val,hunter_00012_jpg.rf.5fa8167575ba0eb61cef8d7c5b8ba3b7.jpg,hunter_00012,0d569440ff8e5796901144ea8ebef9d88e64d7a38914e2224cb27ef5d0371d4d,1,1,1,0,0
test,14,aircraft_surface_damage_crack_v2_0000014.jpg,val,hunter_00023_jpg.rf.d6e7cbcda6a4eba17cecfc5c9fd7d9b9.jpg,hunter_00023,8a80483183b09d6d3f000c00bb42ec034abf8efb297af7c7553b128360de132c,0,0,0,0,0
test,15,aircraft_surface_damage_crack_v2_0000015.jpg,val,hunter_00032_jpg.rf.b80baab017c4514bcd739997444ff4b8.jpg,hunter_00032,c6eefdf5593f76323e5c37e32319a195feec65d4cce4a18579974e3e24971160,0,0,0,0,0
test,16,aircraft_surface_damage_crack_v2_0000016.jpg,val,hunter_00037_jpg.rf.f0d30008dfc24dfd19d06d1e199926a8.jpg,hunter_00037,dc67f782860c02d396f6bf38c85c85693c01444b2f531b6ab88005dfa845a510,0,0,0,0,0
test,17,aircraft_surface_damage_crack_v2_0000017.jpg,val,hunter_00039_jpg.rf.89c2123b077d1e8b245416f149643b56.jpg,hunter_00039,fb5856c1ad5ed800b4a792be8741e1762055abbc3a4e74f2c6f8e41454be5cd2,0,0,0,0,0
test,18,aircraft_surface_damage_crack_v2_0000018.jpg,val,hunter_00040_jpg.rf.b7efe51689c4c703cf45b33294e8e0cd.jpg,hunter_00040,928c0d36ca21339bb2027636424dd4c0c1ebaed315b944443a1c29f58c7a0783,0,0,0,0,0
test,19,aircraft_surface_damage_crack_v2_0000019.jpg,val,hunter_00044_jpg.rf.78749b4fe50a6d114cdd3cdb805a918b.jpg,hunter_00044,bf0759bb16a6c487cef2b498c4964ff251e12f8441db7743c1172c05cff51f4e,0,0,0,0,0
test,20,aircraft_surface_damage_crack_v2_0000020.jpg,val,hunter_00050_jpg.rf.b0b43401a15ad9bf0874c985033a5eea.jpg,hunter_00050,e9db85ddb97f01352c5ec8d58b60fd48d35af1132741a26c33fc463e24a57665,0,0,0,0,0
test,21,aircraft_surface_damage_crack_v2_0000021.jpg,val,hunter_00059_jpg.rf.873388f4359297c272d21b16e7dad521.jpg,hunter_00059,f9394022305a74e4fece2ac804a184a3805176b7b94387873a7babd1b1b8b896,1,1,1,0,0
test,22,aircraft_surface_damage_crack_v2_0000022.jpg,val,hunter_00061_jpg.rf.2456ebc085c7ff1a7aaf635d1359f1bb.jpg,hunter_00061,549d7a8e418feaa48f085706f351d1839a7bf7e5f0f4e76926852e3aa7c4daec,1,1,1,0,0
test,23,aircraft_surface_damage_crack_v2_0000023.jpg,val,hunter_00066_jpg.rf.199c63626dbf78d6ad94355ce8196f75.jpg,hunter_00066,f3f472b731a37ec7a197d357e63643e6480351ca5c8bbc690f70e588570e077d,0,0,0,0,0
test,24,aircraft_surface_damage_crack_v2_0000024.jpg,val,hunter_00067_jpg.rf.cb03d975350631150be4782569fc81b7.jpg,hunter_00067,e91fbefbf72540b08e9463776cfa56e6e23aec3edb512b26627506370c377f3c,0,0,0,0,0
test,25,aircraft_surface_damage_crack_v2_0000025.jpg,val,hunter_00074_jpg.rf.6adf176fb25c23bb3ca687ef78ff8bbe.jpg,hunter_00074,4490d820cb5da6822b1bdb1043b1f77048b2e2b32b0b58a657520851be8eabe6,0,0,0,0,0
test,26,aircraft_surface_damage_crack_v2_0000026.jpg,val,hunter_00089_jpg.rf.f0931ab053f9fcb632ce5b4f56b69901.jpg,hunter_00089,f658278df88dac72ac341061bf68b6d630032c03658900e557e5019c34a940ff,0,0,0,0,0
test,27,aircraft_surface_damage_crack_v2_0000027.jpg,val,hunter_00092_jpg.rf.7244854c4a39a9765c62e6efbcab9368.jpg,hunter_00092,3495dd2dea048658332f4cb2fde989ace0867d54a1e924ee79341510c5a3c4a2,1,2,2,0,0
test,28,aircraft_surface_damage_crack_v2_0000028.jpg,val,hunter_00100_jpg.rf.fc4553949df3819085efdfad78d5f02f.jpg,hunter_00100,28d9747eb03571d93449c0aa6ee0c2e15b16f7960c57c720788475f2063769f7,0,0,0,0,0
test,29,aircraft_surface_damage_crack_v2_0000029.jpg,val,hunter_00101_jpg.rf.1b75f8dd223cab931287917bfd86f052.jpg,hunter_00101,f4b2029526d7261e3a3bcfd4ffb298b864337a617bc1cb63863c3bdc5a72edce,0,0,0,0,0
test,30,aircraft_surface_damage_crack_v2_0000030.jpg,val,hunter_00109_jpg.rf.dc0ba0fb54fb7154b106db1880b2c38f.jpg,hunter_00109,258329f246ad59db69415c5359bb7703748b7ec16f6dda789c0f66e9280379f5,0,0,0,0,0
test,31,aircraft_surface_damage_crack_v2_0000031.jpg,val,hunter_00110_jpg.rf.52e62a7bfb3bb8adf1accb1213230c0d.jpg,hunter_00110,957ae5abd6a2ee4ff54f62c691a94ff088cfcdacbfe24ac3426a9bfe694a4abf,1,1,1,0,0
test,32,aircraft_surface_damage_crack_v2_0000032.jpg,val,hunter_00115_jpg.rf.8a14640ea588f66a45866d17fbd90d64.jpg,hunter_00115,bad74f93590ce9ddb38a4f1b7318c29ab52858decd9aa23f18205ce67492efd2,0,0,0,0,0
test,33,aircraft_surface_damage_crack_v2_0000033.jpg,val,hunter_00118_jpg.rf.46ea5bab284d5fcef395b25e36128098.jpg,hunter_00118,44fe77a1dbfea3b15b18231fad1754d1a79487c995ad96362ac9f1cf1dafad90,0,0,0,0,0
test,34,aircraft_surface_damage_crack_v2_0000034.jpg,val,hunter_00119_jpg.rf.563d10a76492c4e358744a81f6f1bfa0.jpg,hunter_00119,10a75443c9a5d8a14c6139d1eff8cb6a293190a2a32850514a3116a9c915e59d,0,0,0,0,0
test,35,aircraft_surface_damage_crack_v2_0000035.jpg,val,hunter_00120_jpg.rf.2517c00b40698bee6f3627d81fe36f81.jpg,hunter_00120,5b84b56195524213d025177723cbdea53ff8e3c3f29784176751e1d687ea15fc,0,0,0,0,0
test,36,aircraft_surface_damage_crack_v2_0000036.jpg,val,hunter_00127_jpg.rf.5edb3208da2e4c2d06ac737a1da87330.jpg,hunter_00127,bc414bc35d6e9fd8fee3e57ee72a8ff194ee2445f93af3dcbb86876f24e3032b,0,0,0,0,0
test,37,aircraft_surface_damage_crack_v2_0000037.jpg,val,hunter_00130_jpg.rf.a34b0c8cf213732e63d84c0b76afa0fa.jpg,hunter_00130,c4a2e98bb5677c9e39487fe35ae2db3ac3965c358c3d8bdc94a5260b0bdca401,0,0,0,0,0
test,38,aircraft_surface_damage_crack_v2_0000038.jpg,val,hunter_00158_jpg.rf.84016cc85ce94d48ff1a37b2063caa55.jpg,hunter_00158,c247d427f1e7e9c093b932aaf55ca06619d4664dc1203094f81e0b6fc6e417bf,0,0,0,0,0
test,39,aircraft_surface_damage_crack_v2_0000039.jpg,val,hunter_00164_jpg.rf.fd2f31f878b3e217a4787bdb957581dc.jpg,hunter_00164,37090d0a41ebec9090d279da2e727cf733aa4211746e034a1c7111b7a32378cf,0,0,0,0,0
test,40,aircraft_surface_damage_crack_v2_0000040.jpg,val,hunter_00170_jpg.rf.0a15ad1ab10fe1c11988cc36c3ca6d76.jpg,hunter_00170,4c41bc0446629cbaf0e432a4d8eea1cd1518e9450f1a16a57dd6d4b3f55b77ad,0,0,0,0,0
test,41,aircraft_surface_damage_crack_v2_0000041.jpg,val,hunter_00171_jpg.rf.62bee0efafa30a39af2d46157d491289.jpg,hunter_00171,caa22f97396e32a078ac082faec7b7690c375cffa2991db59f22059b331d87f5,0,0,0,0,0
test,42,aircraft_surface_damage_crack_v2_0000042.jpg,val,hunter_00173_jpg.rf.b5c68790055e0551ca1573b17a23dcbb.jpg,hunter_00173,1fb79071f7d299a6036599647922c3dfb832982037a8ce1840ee12b1c10f993a,0,0,0,0,0
test,43,aircraft_surface_damage_crack_v2_0000043.jpg,val,hunter_00174_jpg.rf.f90c27a39ba4109588c811e864f67463.jpg,hunter_00174,01f7be6dc5a1632e7f5e35a7e13c91b303253832c10cea8bff3dd00b28bb4297,1,1,1,0,0
test,44,aircraft_surface_damage_crack_v2_0000044.jpg,val,hunter_00176_jpg.rf.f877d55e0b9907efa82ee283c664f165.jpg,hunter_00176,aa1798df261b4491e9800a24c13b034683b2bf1fec5bf871e8d8b17d4785e043,0,0,0,0,0
test,45,aircraft_surface_damage_crack_v2_0000045.jpg,val,hunter_00177_jpg.rf.a5ba716e6746acf335c865495777e025.jpg,hunter_00177,fb76f01bd6b7593c7fd4d11005824c5ce414718997365d1f06f28fc7298b855c,0,0,0,0,0
test,46,aircraft_surface_damage_crack_v2_0000046.jpg,val,hunter_00184_jpg.rf.e853921a6d776af366e6b4ee7ac15d79.jpg,hunter_00184,f7aa6da3f9c0dd2fdf0f61553b3605c7dc61a8c0de11b6b4d7d23fa842213452,0,0,0,0,0
test,47,aircraft_surface_damage_crack_v2_0000047.jpg,val,hunter_00185_jpg.rf.4986f201b837c47527d6869760271db9.jpg,hunter_00185,3f239dc9915721303f723f99b49882233baf81f824085097e0913b56b3e2498e,0,0,0,0,0
test,48,aircraft_surface_damage_crack_v2_0000048.jpg,val,hunter_00186_jpg.rf.98e8981cbe8f0694958ebe3afb75f398.jpg,hunter_00186,8e250dc21975bf2d1fa81f617d22ceb237a6e3b381b94e8f64696a6c26e321e8,0,0,0,0,0
test,49,aircraft_surface_damage_crack_v2_0000049.jpg,val,hunter_00187_jpg.rf.8ccbdc18c039fa1928cfff8ab6a67c01.jpg,hunter_00187,e5eb29278ed6252c3b7a24ec6209e587672a3f20a50f38108cbffabdb50aadf6,0,0,0,0,0
test,50,aircraft_surface_damage_crack_v2_0000050.jpg,test,IMG14_jpg.rf.9e04ead2d1f46089ba2c22c7974ceb77.jpg,img14,72ac89b12895f69065179df25e7d58382be859d5c2c4e077e3216557cda819e4,0,0,0,0,0
test,51,aircraft_surface_damage_crack_v2_0000051.jpg,test,IMG187_jpg.rf.4f1d476fc0cbe3f58f1337678044280d.jpg,img187,6f582ec6a2e2174ea7b9af73681384953dcf4a9487ffe01d2573b716782ee4f8,0,0,0,0,0
test,52,aircraft_surface_damage_crack_v2_0000052.jpg,test,IMG196_jpg.rf.0781b461f7d8203aed473004f191cc00.jpg,img196,39bf7defa26dcddeff3a423affc67fb1c224f7867e380876d0023dd020639181,0,0,0,0,0
test,53,aircraft_surface_damage_crack_v2_0000053.jpg,test,IMG22_jpg.rf.dcf19b287838bf0835d49aec0c3a11ec.jpg,img22,9a03c7b0d87c95fb619cc126a86bff3bd37da61580632306c261ed37f71754e6,0,0,0,0,0
test,54,aircraft_surface_damage_crack_v2_0000054.jpg,test,IMG235_jpg.rf.a385c6f6d6c119643a9398d79e109e2f.jpg,img235,b29da6b2a6f0fc0104b0f2a94f5f56275c3e5b872578b7c5bfefc4e0d63f9fbb,0,0,0,0,0
test,55,aircraft_surface_damage_crack_v2_0000055.jpg,test,IMG238_jpg.rf.4e5a0fe888d0fd228c5a93bb16b0c15b.jpg,img238,d453dfa969c60ecfdff68292833782db969fbd1c242172bed8f01676cc3359a5,0,0,0,0,0
test,56,aircraft_surface_damage_crack_v2_0000056.jpg,test,IMG54_jpg.rf.58f3f76e5ea8de60372bb2ec0d6f7cc6.jpg,img54,0c9ada2f1a4ecfed7274c3df4b4e752457530832810034d2536770e60af47125,0,0,0,0,0
test,57,aircraft_surface_damage_crack_v2_0000057.jpg,test,IMG67_jpg.rf.01cc5f2a47a41164078f6be34eece385.jpg,img67,6672d6286d109fb4fdc724c081cb2497829cf97de25628ffd7c976e09e79fbbe,0,0,0,0,0
test,58,aircraft_surface_damage_crack_v2_0000058.jpg,test,IMG_20220521_144932_jpg.rf.b02cbf100a7b60c508ea2722fa0750b6.jpg,img_20220521_144932,ff9dd6e1f3692f7825a4560465d0914a6adef4357512c8884c6839ede166bc97,0,0,0,0,0
test,59,aircraft_surface_damage_crack_v2_0000059.jpg,val,IMG_20230413_122407_jpg.rf.2b0a72bfc1f5d193efc49c86f2f1d274.jpg,img_20230413_122407,26719fc3116d630e8c08745dc791967c124fc67246eb100bcf111ac70ed3aedd,0,0,0,0,0
test,60,aircraft_surface_damage_crack_v2_0000060.jpg,val,IMG_20230413_122436_jpg.rf.694d956f009b5d9005803e94d7bffe1e.jpg,img_20230413_122436,bc13bce909a9c6c3967a9c24142d86ed78a38c5d84df234ccf033f83ebdd62c6,0,0,0,0,0
test,61,aircraft_surface_damage_crack_v2_0000061.jpg,val,IMG_20230413_122530_jpg.rf.4305d540cc6d21366da3ee9dc10f34e1.jpg,img_20230413_122530,493b8e32b032dd7faed207d631da8b72d4e8074209114f8d533fe7a1b6539fae,1,1,1,0,0
test,62,aircraft_surface_damage_crack_v2_0000062.jpg,val,IMG_20230413_122535_jpg.rf.0911d99917e0368ea854b6c303077072.jpg,img_20230413_122535,addb5c1ffa25edee4282df87184e12b9b063a2ea57411325fa808784e2516f72,0,0,0,0,0
test,63,aircraft_surface_damage_crack_v2_0000063.jpg,val,IMG_20230413_122704_jpg.rf.3de0ed5ff03465069dcb188015de2db2.jpg,img_20230413_122704,e3ffbb9cd86f2790997a3b175dd6bd7dbe9e63c78b89d010f9a73c3a04b9d04a,0,0,0,0,0
test,64,aircraft_surface_damage_crack_v2_0000064.jpg,val,IMG_20230413_122720_jpg.rf.47c8a440c752b21735c2313274d637d9.jpg,img_20230413_122720,de4b61a094123048bc1db91c6f8cf7fcbd24fe5d5e20dfd0d9f5b910b5692369,0,0,0,0,0
test,65,aircraft_surface_damage_crack_v2_0000065.jpg,val,IMG_20230413_122846_jpg.rf.a844e3594d3a3fa739d8bd182890bdaf.jpg,img_20230413_122846,8d45ff746a937d51001446d2fdeb85bafe835342dc5e7566c93dcb91581c4275,0,0,0,0,0
test,66,aircraft_surface_damage_crack_v2_0000066.jpg,val,IMG_20230413_122859_jpg.rf.1231c3b8f66a2b7d52ccb0799f266b4b.jpg,img_20230413_122859,11ef3f3ebabe55b13850c63f5556a01a41b01a10350eb912cdbd3adcba89f536,1,1,1,0,0
test,67,aircraft_surface_damage_crack_v2_0000067.jpg,val,IMG_20230413_122924_jpg.rf.156fb0b40a3506d5886f07d761092abe.jpg,img_20230413_122924,f713f9c1a828f0f751acd83489e4d8fb7ed0ec10dd82a2deb9dbd6233a9b016c,0,0,0,0,0
test,68,aircraft_surface_damage_crack_v2_0000068.jpg,val,IMG_20230413_123009_jpg.rf.6f8b4e4995618bf06556aea558b82c28.jpg,img_20230413_123009,a51afc51cef591e90189c9a128e64de3449e2815a6d5cca522e32bf1ea5c8d29,1,1,1,0,0
test,69,aircraft_surface_damage_crack_v2_0000069.jpg,val,IMG_20230413_123016_jpg.rf.c845a9dae57a7fcff4172ac305ad007e.jpg,img_20230413_123016,73b8709ed6eb30505ace6270f435867761593dc16398fb43a880f8a126ec6749,1,1,1,0,0
test,70,aircraft_surface_damage_crack_v2_0000070.jpg,val,IMG_20230413_123050_jpg.rf.f05a596e47f74bac9a244164ed7d7d24.jpg,img_20230413_123050,ea0d40ef4111d63ee5609f55635b57311be968623fb90622bd6a355b162921f8,0,0,0,0,0
test,71,aircraft_surface_damage_crack_v2_0000071.jpg,val,IMG_20230413_123338_jpg.rf.3ffffeaf714f60d8087448de15e6bdff.jpg,img_20230413_123338,2f4eeefa452b5219af7e1753fc53598e9a1f37c637a2611eb31a5e6c93fb48d0,0,0,0,0,0
test,72,aircraft_surface_damage_crack_v2_0000072.jpg,val,IMG_20230413_123445_jpg.rf.2e8a06086d9361d07c3292726f134eb9.jpg,img_20230413_123445,755dcc1af9ee4278b873e39c3ff0988d79e92f2563b0be950287c6c5406ae9a9,0,0,0,0,0
test,73,aircraft_surface_damage_crack_v2_0000073.jpg,val,IMG_20230413_123619_jpg.rf.19e12bd271d9c61f8546a19919f4af3e.jpg,img_20230413_123619,e8dc68eec7ea334096c7bf54465313f4168d64cb791e0a961e09f7d79da680b5,1,5,5,0,0
test,74,aircraft_surface_damage_crack_v2_0000074.jpg,val,IMG_20230413_123630_jpg.rf.5a875e880323c70d5b5bf89b777fcfd6.jpg,img_20230413_123630,06e05049e8adcb0247d374ccde8c10ad02f95c69f0d7fab69423f75627553ba5,0,0,0,0,0
test,75,aircraft_surface_damage_crack_v2_0000075.jpg,val,IMG_20230413_123637_jpg.rf.9073b03145bb72d8885fb95c89050a67.jpg,img_20230413_123637,1c1ea56bfd8af6ea84c1c38b8276d0beabb5237b899974bc71682163878c150b,0,0,0,0,0
test,76,aircraft_surface_damage_crack_v2_0000076.jpg,val,IMG_20230413_123645_jpg.rf.0faf42d6ba65e59c741ae8dbc840e9aa.jpg,img_20230413_123645,0cc31a307b801b4279f7ab372ce8fb2e3a620c6045901e69d2e3e764dd0ac4f0,0,0,0,0,0
test,77,aircraft_surface_damage_crack_v2_0000077.jpg,val,IMG_20230413_123656_jpg.rf.7694a9f34242e3e502be897c8fbb0461.jpg,img_20230413_123656,627163d3c20357164b8e63570478600893278bd51aac4f8deb0019f5759344bf,0,0,0,0,0
test,78,aircraft_surface_damage_crack_v2_0000078.jpg,val,IMG_20230413_123720_jpg.rf.ae52712f747d99b3803ccf3e5bdc9e62.jpg,img_20230413_123720,dc3b4697ab0bb8b71e88110b7470fab5598060d4cbfa467d5b331253559383e6,1,1,1,0,0
test,79,aircraft_surface_damage_crack_v2_0000079.jpg,val,IMG_20230413_123824_jpg.rf.f9265c61a4cf4097c7d71c7a6c985c98.jpg,img_20230413_123824,c4f7c8f1222996030e80c5985519bf7ac47617493ef993354a7225ae4f2bb3af,1,1,1,0,0
test,80,aircraft_surface_damage_crack_v2_0000080.jpg,val,IMG_20230413_123926_jpg.rf.13fa5410e6a63465d11c6174db67d492.jpg,img_20230413_123926,60697e4ff98a8777167a649f187866b796da6723903a7a7323ead94e7dc0c454,0,0,0,0,0
test,81,aircraft_surface_damage_crack_v2_0000081.jpg,val,IMG_20230413_124300_jpg.rf.518ee2e2906d203026f7c107d6b20355.jpg,img_20230413_124300,57fb15c04d1aeed0a003d2d2e74baa7e20d2bdbefc3372f08f9269b77733b39f,0,0,0,0,0
test,82,aircraft_surface_damage_crack_v2_0000082.jpg,val,IMG_20230413_124528_jpg.rf.a1cb4598643a4170fccabeced478984e.jpg,img_20230413_124528,978ff4737fd000816620f911445919b4ca7c466454173b3e8ea304f0402a76f0,0,0,0,0,0
test,83,aircraft_surface_damage_crack_v2_0000083.jpg,val,IMG_20230413_124531_jpg.rf.72094fddbd177df68192f45f5c9c29ad.jpg,img_20230413_124531,2cdfde499511d34b8dc7fc778eb44876597189490e1f7f861412ef84beb5c8ff,0,0,0,0,0
test,84,aircraft_surface_damage_crack_v2_0000084.jpg,val,IMG_20230413_124538_jpg.rf.9a068ca802d3d4d1ac9de1e4ad5f479f.jpg,img_20230413_124538,9c367f35ba0edf345e489db79a92d8527f3df205c46d049462428fd75f38d5fe,0,0,0,0,0
test,85,aircraft_surface_damage_crack_v2_0000085.jpg,val,IMG_20230413_124612_jpg.rf.0021a443ed1b679b5d6ccb4ced4959ac.jpg,img_20230413_124612,5f37718ee1c2c09c0e26859f5d03296104c8d4e8e9d57d7ccab3047dbe83eee4,0,0,0,0,0
test,86,aircraft_surface_damage_crack_v2_0000086.jpg,val,IMG_20230413_124620_jpg.rf.571083f51f60acc5936273a2b1836152.jpg,img_20230413_124620,87971db99ed03173fa1525a8ecb0dd551c45fd3c8472348f81fd191bf6132df7,0,0,0,0,0
test,87,aircraft_surface_damage_crack_v2_0000087.jpg,val,IMG_20230413_124730_jpg.rf.71e98f142cc3cfed9843673621a6fb87.jpg,img_20230413_124730,747f153aa7a7c8a7f2cacf4b9c48db54fb15df7a162d23933e6d6980a1dfab84,0,0,0,0,0
test,88,aircraft_surface_damage_crack_v2_0000088.jpg,val,IMG_20230413_124751_jpg.rf.e60b55ae74e8924a45b691ef2e44d057.jpg,img_20230413_124751,7c282be6336ba36b02c9df022aa1f4dc118446db66d7bf424a171b6adf1a611f,0,0,0,0,0
test,89,aircraft_surface_damage_crack_v2_0000089.jpg,val,IMG_20230413_124757_jpg.rf.1a5d47314718d7f0e7508a4601ce8e12.jpg,img_20230413_124757,4bdee8851288035f16000ee8d5b2be5bfdfc54c745a18ea2a6c290394c4b80a9,0,0,0,0,0
test,90,aircraft_surface_damage_crack_v2_0000090.jpg,val,IMG_20230413_124804_jpg.rf.2c1006f1ba369b36fe6171f7e75c8dcf.jpg,img_20230413_124804,9a58234f1721e45cf37f794d057df0f2ec0ec69b3a3b716639fd373945230f6d,0,0,0,0,0
test,91,aircraft_surface_damage_crack_v2_0000091.jpg,val,IMG_20230413_124810_jpg.rf.7a25690394ec8a221c47713d3de349e0.jpg,img_20230413_124810,b871dcbec1578cfd15f9bbb7f4c6d8ef55115cf6c1734beb0719212b27063c82,1,2,2,0,0
test,92,aircraft_surface_damage_crack_v2_0000092.jpg,val,IMG_20230413_124831_jpg.rf.9548cde1b3cd99f5813e21d7932f7961.jpg,img_20230413_124831,a5291b0094d60b00aa4d13ab1417bf2d997ae001c312c108ba38458049639c4a,0,0,0,0,0
test,93,aircraft_surface_damage_crack_v2_0000093.jpg,val,IMG_20230413_124844_jpg.rf.5b72132b6ee40e70a9cf9b0b7b695ea7.jpg,img_20230413_124844,04a15550b40ec47b83ab4211b8209c803174dab36f2c7065a1e7defc3eb53605,0,0,0,0,0
test,94,aircraft_surface_damage_crack_v2_0000094.jpg,val,IMG_20230413_124850_jpg.rf.693a9ad1cdf7801a81bd7e3fbb235c4e.jpg,img_20230413_124850,2a6d9b037f9f80478c7fdaf0eda10af6250c7d7a453b79d750f76814f380b04a,0,0,0,0,0
test,95,aircraft_surface_damage_crack_v2_0000095.jpg,val,IMG_20230413_125015_jpg.rf.f1cae15a8a7dfa8fab715bfe2c6b179c.jpg,img_20230413_125015,98df8d508399d65b702cd30f79eb27132aab83be46fd478af8ff5d104f302174,1,1,1,0,0
test,96,aircraft_surface_damage_crack_v2_0000096.jpg,val,IMG_20230413_125111_jpg.rf.9c7ec157f6065188466702c57b6d2782.jpg,img_20230413_125111,02c7c938b998a93eaf1761926eb836931ae1776df3df04229cf36405e76dbb0f,0,0,0,0,0
test,97,aircraft_surface_damage_crack_v2_0000097.jpg,val,IMG_20230413_125121_jpg.rf.e11708c0c84a0078f375303bcb5ecd57.jpg,img_20230413_125121,76f023c8d21b022a4c556cd29a1b890c92abcc26cd45e586fe1818d6cdef2290,0,0,0,0,0
test,98,aircraft_surface_damage_crack_v2_0000098.jpg,val,IMG_20230413_125224_jpg.rf.31d1bc82dde07558d04881e922263f1b.jpg,img_20230413_125224,a577801d327485827515f3f4e399bcea5e101588faaf1ee38cdaa9c598752e3b,0,0,0,0,0
test,99,aircraft_surface_damage_crack_v2_0000099.jpg,val,IMG_20230413_125243_jpg.rf.2e4e93f9653a586c6cb7a10a5e62eec3.jpg,img_20230413_125243,da53c20eceece7dd150bcb839619a32419340b22aeb4cc5813c99217ae598cd7,0,0,0,0,0
test,100,aircraft_surface_damage_crack_v2_0000100.jpg,val,IMG_20230413_125336_jpg.rf.ab19410f00a8acb4843c1e77068b9c98.jpg,img_20230413_125336,f2a7712b83677133a1728a6b7727a762e2b01b4f08d4316ffdef54df1398eea9,0,0,0,0,0
test,101,aircraft_surface_damage_crack_v2_0000101.jpg,val,IMG_20230413_125412_jpg.rf.a9d84fd1aa02591b3a998baa6c9f50e7.jpg,img_20230413_125412,92ffc926ecd850422720e9c8558408789741033ad9e48287197a97878b7a616a,0,0,0,0,0
test,102,aircraft_surface_damage_crack_v2_0000102.jpg,val,IMG_20230413_125530_jpg.rf.012c7f238f4599342c029bba7f29080f.jpg,img_20230413_125530,a19dcf429a1acf28f7d252f839d5e8697490559380cbc606aae52833139f782f,1,1,1,0,0
test,103,aircraft_surface_damage_crack_v2_0000103.jpg,val,IMG_20230413_125808_jpg.rf.b52d5ab2a553f847024e37a2a771d776.jpg,img_20230413_125808,64c4f9062dab0d5f04224273f3289a71b856d13cefc5ffe346a6994e693b94d8,1,1,1,0,0
test,104,aircraft_surface_damage_crack_v2_0000104.jpg,test,IMG_20230413_125841_jpg.rf.1c257129c49284c369a72c7c71931a8a.jpg,img_20230413_125841,767a59b145ba1f159f5ddda50f3cd2bea16133d1d1b163c4210aa7c95f2330e4,0,0,0,0,0
test,105,aircraft_surface_damage_crack_v2_0000105.jpg,val,IMG_20230413_125907_jpg.rf.2bf970d3aa68a7d9e797685f1c1fd64f.jpg,img_20230413_125907,381d8e72fe0cd3987a3fcf5edd65454567c8781f0657c376b6485242ee0e2ae2,1,1,1,0,0
test,106,aircraft_surface_damage_crack_v2_0000106.jpg,test,IMG_20230413_125918_jpg.rf.f2322f8b12e13307b863c110265d65b3.jpg,img_20230413_125918,d4eab1a45a824807f46c2128f4a318502565977331fc5ff239429904d50bc6f0,0,0,0,0,0
test,107,aircraft_surface_damage_crack_v2_0000107.jpg,val,IMG_20230413_125926_jpg.rf.850dafe15cbf708ca096c81eef345e5b.jpg,img_20230413_125926,944e46d30e999a55ebee194684ddeac2d23404843ae1bfbae8837a10c170159d,0,0,0,0,0
test,108,aircraft_surface_damage_crack_v2_0000108.jpg,test,IMG_20230413_125930_jpg.rf.621b2f581bd3d16cac1e6eb0fd28163c.jpg,img_20230413_125930,7ac9765eb495dd9375f2c434dd603c4ea5e9f993f53b722f9c0d5972090b0773,0,0,0,0,0
test,109,aircraft_surface_damage_crack_v2_0000109.jpg,val,IMG_20230413_125943_jpg.rf.06e92fb0a8805d2dfed99f927cfb387b.jpg,img_20230413_125943,6a261c1303e414c01a5971473f50bff33fe87ee6318983f44d824ef757c4081d,0,0,0,0,0
test,110,aircraft_surface_damage_crack_v2_0000110.jpg,test,IMG_20230413_130147_jpg.rf.1a3937ccd5f50a912482a1625aea7ca8.jpg,img_20230413_130147,e4a9f179711d1d2fa71233dc8ebf0101dc78a13916eb2dba2512e99feef27971,0,0,0,0,0
test,111,aircraft_surface_damage_crack_v2_0000111.jpg,val,IMG_20230413_130248_jpg.rf.6e64efdb14b5d992bfbd6122f0e56b3c.jpg,img_20230413_130248,efef486a217a416ee514b18ff11b16baac839308dc6983689dcd4a4c76038737,1,1,1,0,0
test,112,aircraft_surface_damage_crack_v2_0000112.jpg,val,IMG_20230413_130302_jpg.rf.55118caba5856e0447ee15ccd3423f75.jpg,img_20230413_130302,0df4c6c992642cb592e3d230a04087ab03443d401dbad130a1d6ab91003df637,1,1,1,0,0
test,113,aircraft_surface_damage_crack_v2_0000113.jpg,val,IMG_20230413_130349_jpg.rf.640bcb6a1ceffa2ca3e3f09dfdb7cd73.jpg,img_20230413_130349,978727061ef67c4c862766e50d7ac0d079012f5b1d050a9147ee65fb8969b681,1,1,1,0,0
test,114,aircraft_surface_damage_crack_v2_0000114.jpg,test,IMG_20230413_130407_jpg.rf.eee0a5430bc9442d990cbf3d9fb1e38b.jpg,img_20230413_130407,05365c328324cb3fa52720535d02942224503b5ee4d647760a59869f2255f59e,0,0,0,0,0
test,115,aircraft_surface_damage_crack_v2_0000115.jpg,val,IMG_20230413_130412_jpg.rf.4388a44e6e766e67828e713aab464c9f.jpg,img_20230413_130412,6f86261b6c9fa5762ad0bed11e1522578f7518d7ba7b24b7e401e0fab25ef9f0,0,0,0,0,0
test,116,aircraft_surface_damage_crack_v2_0000116.jpg,test,IMG_20230413_130418_jpg.rf.3bc382cf6269ee445297267d1eec186a.jpg,img_20230413_130418,2721e013a453d52bd2f29221167c0a4e5a4caf250e44aa7851cbf43ac00d5107,0,0,0,0,0
test,117,aircraft_surface_damage_crack_v2_0000117.jpg,test,IMG_20230413_130518_jpg.rf.5fca11ff1f7b6405a08835fad2136b5d.jpg,img_20230413_130518,903334ee558a83c100046c1ea5a6dfdb02e4df51c05996a1ed3d547238d91573,0,0,0,0,0
test,118,aircraft_surface_damage_crack_v2_0000118.jpg,test,IMG_20230413_130555_jpg.rf.5f193634c26821a705da619f2f7d6832.jpg,img_20230413_130555,430b6712f6bb779942b7f43de35d92e13984453148664bf7a85138e5bfa50a9c,0,0,0,0,0
test,119,aircraft_surface_damage_crack_v2_0000119.jpg,test,IMG_20230413_130618_jpg.rf.a4c978a19fc4524357c3461a536ec3b8.jpg,img_20230413_130618,351fd10df3285579826186f7ade92258b44cc0f5fbfab62fd87378802d8d937a,0,0,0,0,0
test,120,aircraft_surface_damage_crack_v2_0000120.jpg,test,IMG_20230413_130658_jpg.rf.f050027490bbd4457f0782be9d442ce0.jpg,img_20230413_130658,cd9a12faa7e726e85c78a0e60965d0b096c0a8d1ce7b3ad3aab4aeda68f3e04d,0,0,0,0,0
test,121,aircraft_surface_damage_crack_v2_0000121.jpg,test,IMG_20230413_130703_jpg.rf.e61481a9f9f65da70a696613a7ab99f6.jpg,img_20230413_130703,8768c577e25a145173ae528ca9d16f73c947716c68d924d207b13565c3292023,0,0,0,0,0
test,122,aircraft_surface_damage_crack_v2_0000122.jpg,test,IMG_20230413_130711_jpg.rf.b234078ff29452ac0d8494d7dbdbc47b.jpg,img_20230413_130711,e274afa375cbf93e721ae358c4c705eac4d451ce54f333767f3c56c4b6d8ec89,0,0,0,0,0
test,123,aircraft_surface_damage_crack_v2_0000123.jpg,test,IMG_20230511_102400_jpg.rf.a9ffbe99ae9ce8e154b601e74ad1b59b.jpg,img_20230511_102400,8d31f22753e2623697896bfb27b39c1fe54d4ff6b1c5273b66107c35e188e56c,1,1,0,1,0
test,124,aircraft_surface_damage_crack_v2_0000124.jpg,test,IMG_20230511_102959_jpg.rf.9256656bb45fcfa84d6d4970854c5210.jpg,img_20230511_102959,76f074313bbbd24a907c6f3c722b9503184ed86a330dc66eac9acc7fdb22e4b9,1,1,0,0,1
test,125,aircraft_surface_damage_crack_v2_0000125.jpg,test,IMG_20230511_103022_jpg.rf.7f3105f720f708b6f5d4ec2ab65f6753.jpg,img_20230511_103022,48a3a4ffa5914e85567ced5983858bd3d4d8ddd9cf5dc7b793547551dabaf1c1,1,1,0,0,1
test,126,aircraft_surface_damage_crack_v2_0000126.jpg,test,IMG_20230511_104155_jpg.rf.e5e295abfdacbd881e543119fa37be8d.jpg,img_20230511_104155,1c3a1ec6d7c183ae4d8ec1a7611adf3fd829ae87281780ca1d358c1513fb94f1,1,1,0,1,0
test,127,aircraft_surface_damage_crack_v2_0000127.jpg,test,IMG_20230511_104210_jpg.rf.7d1b0332e8a47f286081f6d0ddd66a2d.jpg,img_20230511_104210,1152011036d290e9553a169c05ad046d88302737efa7dea3b5469ded3160d137,1,1,0,0,1
test,128,aircraft_surface_damage_crack_v2_0000128.jpg,test,IMG_20230512_124225_jpg.rf.f740f3005bdde9934e0637f0f9839d33.jpg,img_20230512_124225,9801b2d5e500d406cc39e8b6e6cb213f21b8988a58d09c89df7b11ad01c23cda,1,1,0,1,0
test,129,aircraft_surface_damage_crack_v2_0000129.jpg,test,IMG_20230512_124903_jpg.rf.9d5c5d792573b4f082f022006475931f.jpg,img_20230512_124903,90edb500a010881edd2c53098b8ed834f579b99a6ea4820a2de2e711dd6b2987,1,1,0,0,1
test,130,aircraft_surface_damage_crack_v2_0000130.jpg,test,IMG_20230512_125734_jpg.rf.7d8272b3ba458e2c8bb68537516e8def.jpg,img_20230512_125734,88486ea0eaad035c9e9f7c81a33de3aa45630afa96119059dd935d7e3fd17282,1,1,0,1,0
test,131,aircraft_surface_damage_crack_v2_0000131.jpg,test,IMG_20230512_125758_jpg.rf.8941007eaa5b962aa9e54c6350615a99.jpg,img_20230512_125758,6043486c7f74383e5ae49f4ef5a1033a6c568379c35a7b5a09f1ef24e7efa5d9,1,2,0,1,1
test,132,aircraft_surface_damage_crack_v2_0000132.jpg,test,IMG_20230512_125829_jpg.rf.2cf3c59398ac586affadfba6730ecb11.jpg,img_20230512_125829,5470b9b46d740e1db16917f5dfa2c7c608aa810b313b7c25546f4823c722eb41,1,2,1,1,0
test,133,aircraft_surface_damage_crack_v2_0000133.jpg,test,IMG_20230512_130546_jpg.rf.2908411dcab229bea41a5dd2848d871c.jpg,img_20230512_130546,ccb39096290078ffbad2a1293bfd0ad4fda57bf97334a1fc3dd3e316e22e144e,1,1,0,1,0
test,134,aircraft_surface_damage_crack_v2_0000134.jpg,test,IMG_20230513_095207_jpg.rf.8d58d2b837b9835fc4a610f97dfff40c.jpg,img_20230513_095207,7dee227ee05f6806b606278f91e58dcfdf4f45dd329dc31c25606d1eeaac8739,1,1,0,0,1
test,135,aircraft_surface_damage_crack_v2_0000135.jpg,test,IMG_20230513_095516_jpg.rf.c453a1a6073412d3ff33cf143ae73c8b.jpg,img_20230513_095516,79de54f92cc8144869d53f80b1121f2b075c8b259ca33a14fb93e5bbda714787,1,1,0,1,0
test,136,aircraft_surface_damage_crack_v2_0000136.jpg,test,IMG_20230513_100001_jpg.rf.48fe41a87f6a19d03e8d430a3480a0d9.jpg,img_20230513_100001,4f8a5e7acb7be3809d52cfad5cb23367e554ee5cbabd342295e98fd2d78b6e88,1,1,0,1,0
test,137,aircraft_surface_damage_crack_v2_0000137.jpg,test,IMG_20230513_100032_jpg.rf.cb11895f1e585626817969e52a217d3e.jpg,img_20230513_100032,69190f75462e438501b5474aabcdf2d07a13b784cb828c32a05dba932cdc67e7,1,1,1,0,0
test,138,aircraft_surface_damage_crack_v2_0000138.jpg,test,IMG_20230513_100215_jpg.rf.6b87d6628e885eb191a1718f28a2eec0.jpg,img_20230513_100215,5f2609f5f855820a59bb54435ab4f2027447d742aede8d9c736da306cf8394b6,1,1,0,1,0
test,139,aircraft_surface_damage_crack_v2_0000139.jpg,test,IMG_20230513_100844_jpg.rf.b6657576b9ffc35a202d366ec0055d12.jpg,img_20230513_100844,1991deaa2a4f1e45100bc870d3dace8979997f967c38a96697a5cd2ef54f8bcf,1,1,1,0,0
test,140,aircraft_surface_damage_crack_v2_0000140.jpg,test,IMG_20230513_101559_jpg.rf.e3c2776d979566d2fbb50dd33573a7b7.jpg,img_20230513_101559,9ca3be4d67cf355dc73be3fead818da559c0ffd302f3838ef8ed0377e942c1b4,1,2,0,2,0
test,141,aircraft_surface_damage_crack_v2_0000141.jpg,test,IMG_20230513_103902_jpg.rf.b72c1001d2925768d462bd289b6d68c0.jpg,img_20230513_103902,34d062d87f146bc94d8cc657022a08b5dbaa7560db01610409eaf0e39ba24657,1,1,0,0,1
test,142,aircraft_surface_damage_crack_v2_0000142.jpg,test,IMG_20230513_103931_jpg.rf.885c1d675f94f23ee93237fc3af8c2fa.jpg,img_20230513_103931,316bc1b19eb008851fc5df9180b65474db68fbcd44de015f5b935c2773aa4368,1,1,0,1,0
test,143,aircraft_surface_damage_crack_v2_0000143.jpg,test,LINE_ALBUM_220324_107_jpg.rf.6d5d9298a047835ca0673fdacccf8333.jpg,line_album_220324_107,c15e3e76a9b6fb61303d7b50d20a6e94fb66b22dd3586b22ac6423613d66b77e,1,1,1,0,0
test,144,aircraft_surface_damage_crack_v2_0000144.jpg,test,LINE_ALBUM_220324_108_jpg.rf.81fffaf2105445dcae7c5e2899dd06fa.jpg,line_album_220324_108,62ac7d27851c01ce2824162da0eda50dc96ea0198a1a753818a335d010ac955c,0,0,0,0,0
test,145,aircraft_surface_damage_crack_v2_0000145.jpg,test,LINE_ALBUM_220324_11_jpg.rf.2677524248ab406ffe6a3fac360b4cc9.jpg,line_album_220324_11,5351b9cd59f9c0a7b545800fb564bce6491013dcc5751b2368b54e9c817ae21b,1,1,0,0,1
test,146,aircraft_surface_damage_crack_v2_0000146.jpg,test,LINE_ALBUM_220324_118_jpg.rf.864288ae65c592ea7ea8386f0ca2d05e.jpg,line_album_220324_118,7a383ebc993baf412dbb0f3be83ad305d1953e3cb8b1349109a7a6b352dfd304,1,1,0,1,0
test,147,aircraft_surface_damage_crack_v2_0000147.jpg,test,LINE_ALBUM_220324_12_jpg.rf.81e84892a271035a77e5ecbd9e1dbff9.jpg,line_album_220324_12,4767804c0e1c8b2e08391e420a7d9b0c77f9ef049f0f6b78c9f10563cdb7fc46,1,1,1,0,0
test,148,aircraft_surface_damage_crack_v2_0000148.jpg,test,LINE_ALBUM_220324_121_jpg.rf.080becee87f5ef992e1e92c006c6df81.jpg,line_album_220324_121,390026dd198cc8cb35f43423c9e9f47db00db3feeccfeb52f6ebd9881cfb4587,0,0,0,0,0
test,149,aircraft_surface_damage_crack_v2_0000149.jpg,test,LINE_ALBUM_220324_123_jpg.rf.195899c3c89e9a5b5d1b8351b718d74d.jpg,line_album_220324_123,1d624cdfcb193860eb25f5d2e72658bc868a3b48a0612152706a467fac5c49a3,0,0,0,0,0
test,150,aircraft_surface_damage_crack_v2_0000150.jpg,test,LINE_ALBUM_220324_130_jpg.rf.ba6f6453eaa8380a48a6bb690ff0784b.jpg,line_album_220324_130,7c48b2b1448af44dc4a9318b684b39d2cdb3eb324018bbdfb957e5e62d09c2fb,1,1,0,0,1
test,151,aircraft_surface_damage_crack_v2_0000151.jpg,test,LINE_ALBUM_220324_133_jpg.rf.28180263af4657d201f4e395d529fe9b.jpg,line_album_220324_133,3bde3ac3a69a4b880dcc238178215d54579cfab7541372777cb157ea2a7978a8,1,1,0,0,1
test,152,aircraft_surface_damage_crack_v2_0000152.jpg,test,LINE_ALBUM_220324_134_jpg.rf.f4e770b575c9e7e604ea2816295abe38.jpg,line_album_220324_134,ffc1c0e5626ec9c69546c8ab44957056e7542ef0358aa654f3167f120ca771e2,1,1,0,1,0
test,153,aircraft_surface_damage_crack_v2_0000153.jpg,test,LINE_ALBUM_220324_14_jpg.rf.8163098b10032a0f749e61494ab88840.jpg,line_album_220324_14,052bbdf16902cb5d9e8d322699b8e16e4f1ee11c96318085d950e771f94f676b,0,0,0,0,0
test,154,aircraft_surface_damage_crack_v2_0000154.jpg,test,LINE_ALBUM_220324_15_jpg.rf.6bc124c15dbbe0c517385ce1f80bf2c6.jpg,line_album_220324_15,18532bf17c5c24df4d1550fe402adcf3221125af5f12a1acf679c38873fda190,0,0,0,0,0
test,155,aircraft_surface_damage_crack_v2_0000155.jpg,test,LINE_ALBUM_220324_16_jpg.rf.b520d72e27bd2eae9c09d7d015df2371.jpg,line_album_220324_16,3b7474c676617b5fd762fa6868d1fba3a795534d8ef50eeb1a9bf6f4d3b42c91,0,0,0,0,0
test,156,aircraft_surface_damage_crack_v2_0000156.jpg,test,LINE_ALBUM_220324_20_jpg.rf.f2e5ad1346c4a3a81077438af597b559.jpg,line_album_220324_20,d558cdeb546179c66f26fa9bad795546c8f470b6fe4c4b76077eaa69c8480e5b,1,2,0,1,1
test,157,aircraft_surface_damage_crack_v2_0000157.jpg,test,LINE_ALBUM_220324_23_jpg.rf.a943da04226152fe009e9241830a7a80.jpg,line_album_220324_23,b47bfe2cdf70426d151ae933ea479fa580766f6a588ea3be0090cbad85951ac6,0,0,0,0,0
test,158,aircraft_surface_damage_crack_v2_0000158.jpg,test,LINE_ALBUM_220324_24_jpg.rf.7d21b3a469624e0b68f4f95464038ce7.jpg,line_album_220324_24,31a060310762f9a8529ed28a51fb998057dd44debeadd1623f87c26493160d38,0,0,0,0,0
test,159,aircraft_surface_damage_crack_v2_0000159.jpg,test,LINE_ALBUM_220324_26_jpg.rf.0d5fb8b6e1533274ea60db330d507874.jpg,line_album_220324_26,2906041190e9cc65f4e916747789e3955783d2e069a8e5fe0b1914f0e7d66843,1,1,0,1,0
test,160,aircraft_surface_damage_crack_v2_0000160.jpg,test,LINE_ALBUM_220324_31_jpg.rf.9257774f43e628d8cb6bd567d806470f.jpg,line_album_220324_31,c2698fbc5fc18d22ea7839ab7ede30207859835a7a05c9113e8c8e2a03fabf56,1,1,0,1,0
test,161,aircraft_surface_damage_crack_v2_0000161.jpg,test,LINE_ALBUM_220324_32_jpg.rf.4bd3c4e0d592229cac2f56a521bde3f1.jpg,line_album_220324_32,1461e11cb338db23c1da14140d6ed3f70e1257d2bdaf28ff30110f0053f2b2dc,1,1,0,1,0
test,162,aircraft_surface_damage_crack_v2_0000162.jpg,test,LINE_ALBUM_220324_37_jpg.rf.d6379b5f4d875de2505bba9fa9f14584.jpg,line_album_220324_37,ecd337558e6ff596857e3772a979a92023dca2db8f5df23be5cd84bf694f86aa,1,1,1,0,0
test,163,aircraft_surface_damage_crack_v2_0000163.jpg,test,LINE_ALBUM_220324_41_jpg.rf.37bf574edd564da95e48349b6b8d3113.jpg,line_album_220324_41,0265fe88921ca093c7ca769c3b79b6d7f41feef34e057985770d1fa9b6f633dc,0,0,0,0,0
test,164,aircraft_surface_damage_crack_v2_0000164.jpg,test,LINE_ALBUM_220324_43_jpg.rf.0a333266b840e8ba60f8217d7423fdc1.jpg,line_album_220324_43,3e350d03ad9beafff8d07b2b23ae86ddcb7f34397cd4b2d4edbb278855836355,1,1,0,1,0
test,165,aircraft_surface_damage_crack_v2_0000165.jpg,test,LINE_ALBUM_220324_5_jpg.rf.c8b7c33153ce1c87cb4434b98eb880e0.jpg,line_album_220324_5,035ff0cadd329ef32e9ef81c1d70242afcd16deaf4f0f4f9ec2c3d28051e8a5b,0,0,0,0,0
test,166,aircraft_surface_damage_crack_v2_0000166.jpg,test,LINE_ALBUM_220324_58_jpg.rf.218a461e14ef5051092955690599062f.jpg,line_album_220324_58,94546aa5138be5d113c3ce774b8caa563723b97cd42e75b18eb32a54ed346834,0,0,0,0,0
test,167,aircraft_surface_damage_crack_v2_0000167.jpg,test,LINE_ALBUM_220324_59_jpg.rf.1eb36fc60443ef66025d8571d5e9a237.jpg,line_album_220324_59,9adc9fc5fb9b349d03a634c370a991a2993d115b1bc83acb1a7c83303bcc53a0,0,0,0,0,0
test,168,aircraft_surface_damage_crack_v2_0000168.jpg,test,LINE_ALBUM_220324_67_jpg.rf.1795126836b7ca5d7ccca11bdae0943d.jpg,line_album_220324_67,0b1898ba79cb4eecbf1751d8b8ae3c3be1e3c298b11cfc5f49484fb24b874e69,0,0,0,0,0
test,169,aircraft_surface_damage_crack_v2_0000169.jpg,test,LINE_ALBUM_220324_70_jpg.rf.420973420a33cbeb627bc3170acb8da6.jpg,line_album_220324_70,d1cb6edae13c3d0eed238efa47828c3a4a5078960937c3111d0a9c0405868abb,1,1,1,0,0
test,170,aircraft_surface_damage_crack_v2_0000170.jpg,test,LINE_ALBUM_220324_72_jpg.rf.df36b596de41225c27d4a25fc00161ed.jpg,line_album_220324_72,d65f1ef80f8855f328798d45ddee4c7f6dcad2188004cfda9f28d90afd5333e7,0,0,0,0,0
test,171,aircraft_surface_damage_crack_v2_0000171.jpg,test,LINE_ALBUM_220324_75_jpg.rf.4ee74a1b0030566458fd39c0e2d34e50.jpg,line_album_220324_75,e6521e80d9f9a3ffdfa16e00eaeeaa5b99157f5dcc33ad91319723eb873ea707,0,0,0,0,0
test,172,aircraft_surface_damage_crack_v2_0000172.jpg,test,LINE_ALBUM_220324_79_jpg.rf.58156e6e9606f9c708367f5bc224ae4a.jpg,line_album_220324_79,e91ce3e345bef888d2c71460a475bd59497264206b207ec797a606b450e47fcd,0,0,0,0,0
test,173,aircraft_surface_damage_crack_v2_0000173.jpg,test,LINE_ALBUM_220324_85_jpg.rf.6680d194c81136f58922407dce609d36.jpg,line_album_220324_85,ca20814554bfebb885d3760ab2c24816526b453443588e10c3247b1a0de68273,0,0,0,0,0
test,174,aircraft_surface_damage_crack_v2_0000174.jpg,test,LINE_ALBUM_220324_86_jpg.rf.ac8250a4f9987a22ace950709dde4ce7.jpg,line_album_220324_86,5726e43af0308695a4ebfe4244360282fa4e6fedc47c340537b13c9c02a56cfa,0,0,0,0,0
test,175,aircraft_surface_damage_crack_v2_0000175.jpg,test,LINE_ALBUM_220324_87_jpg.rf.dfe1a0e8e48871b7d115dc07aeb70a43.jpg,line_album_220324_87,e1209e8c46b3f01f749f01afba7f7d0723f121ffcfc5cd734745d42dd84f5ff5,0,0,0,0,0
test,176,aircraft_surface_damage_crack_v2_0000176.jpg,test,LINE_ALBUM_220324_88_jpg.rf.c5ab8bc53b67846e8209806aeee536ec.jpg,line_album_220324_88,350049a4d98d4be31e543902843e446667426688cffa6097db34eff9affdb9fb,1,1,0,1,0
test,177,aircraft_surface_damage_crack_v2_0000177.jpg,test,LINE_ALBUM_220324_89_jpg.rf.17a50b95fbb4d8165f7ca453376ac57c.jpg,line_album_220324_89,0c638603ca29fc7c6128d1725cb80e7e350e9e491752595f0a2ffe0d2af9d1c5,0,0,0,0,0
test,178,aircraft_surface_damage_crack_v2_0000178.jpg,test,LINE_ALBUM_220324_9_jpg.rf.7afa5565fd371fc3b2cc7935154cac4a.jpg,line_album_220324_9,d0b13479ce2447ef123e5d5e4766929a29596120a85933e4353de5ab7a16b62a,0,0,0,0,0
test,179,aircraft_surface_damage_crack_v2_0000179.jpg,test,LINE_ALBUM_220324_92_jpg.rf.976bc85387459696c06ae1a75d246883.jpg,line_album_220324_92,9cbf37f6cea67f6e5bd9794a82554e7c59df2b3e88e24ad0ae5fa5f43cc25e92,0,0,0,0,0
test,180,aircraft_surface_damage_crack_v2_0000180.jpg,test,LINE_ALBUM_220324_98_jpg.rf.b3e10cee73d2f386e640af18d23aab7a.jpg,line_album_220324_98,215b0485045b30c6beeea97a2373d20f7e4872788b88162ecde4bc9b0bc24dbb,0,0,0,0,0
test,181,aircraft_surface_damage_crack_v2_0000181.jpg,test,LINE_ALBUM_220324_99_jpg.rf.9b64f404c37a67f247223bfacbb0f572.jpg,line_album_220324_99,664b1ea0d181d42eecafd192efe0ac182d7e9803e8130b3bb8c9ce30e12340c0,0,0,0,0,0
